2026-06-24 16:08:56,751 P89007 INFO Params: {
    "clients_num_per_turn": "604",
    "data_dir": "/Users/jing/Documents/20260109/Experiments/FedPEFT-main/data/ml-1m/processed/t5/",
    "dataloader": "MLDataLoaderFL",
    "dataset_id": "ML1M_t5",
    "device": "-1",
    "dropout": "0.5",
    "embedding_dim": "32",
    "embedding_regularizer": "1e-08",
    "g_hidden_activations": "ReLU",
    "g_hidden_units": "[512, 256, 128]",
    "hidden_activations": "ReLU",
    "hidden_units": "[64, 128, 64]",
    "item_num": "3952",
    "latent_dim": "4",
    "learning_rate": "0.001",
    "local_epoch": "2",
    "loss_fn": "bpr_loss",
    "metrics": "['logloss', 'MRR', 'NDCG(5)', 'HR(5)', 'NDCG(10)', 'HR(10)', 'NDCG(20)', 'HR(20)', 'NDCG(50)', 'HR(50)']",
    "model": "DoRA",
    "model_dir": "/Users/jing/Documents/20260109/Experiments/FedPEFT-main/data/ml-1m/model/t5/",
    "model_id": "DoRA",
    "net_regularizer": "1e-08",
    "only_inter": "False",
    "optimizer": "adam",
    "output_dim": "1",
    "path": "/Users/jing/Documents/20260109/Experiments/FedPEFT-main/data/ml-1m/processed/t5/",
    "pre_epoch": "3000",
    "seed": "2024",
    "sen_embedding_dim": "768",
    "task": "triple",
    "train_turn": "1000",
    "user_num": "6040"
}
2026-06-24 16:09:00,578 P89007 INFO Model embedding_item.emb.weight size: 0.06030273MB
2026-06-24 16:09:00,578 P89007 INFO Model embedding_item.linear.weight size: 0.00048828MB
2026-06-24 16:09:00,578 P89007 INFO Model embedding_p.weight size: 0.48242188MB
2026-06-24 16:09:00,578 P89007 INFO Model dora_magnitude.weight size: 0.01507568MB
2026-06-24 16:09:00,578 P89007 INFO Model mlp.mlp.0.weight size: 0.01562500MB
2026-06-24 16:09:00,579 P89007 INFO Model mlp.mlp.0.bias size: 0.00024414MB
2026-06-24 16:09:00,579 P89007 INFO Model mlp.mlp.3.weight size: 0.03125000MB
2026-06-24 16:09:00,579 P89007 INFO Model mlp.mlp.3.bias size: 0.00048828MB
2026-06-24 16:09:00,579 P89007 INFO Model mlp.mlp.6.weight size: 0.03125000MB
2026-06-24 16:09:00,579 P89007 INFO Model mlp.mlp.6.bias size: 0.00024414MB
2026-06-24 16:09:00,579 P89007 INFO Model mlp.mlp.9.weight size: 0.00024414MB
2026-06-24 16:09:00,579 P89007 INFO Model mlp.mlp.9.bias size: 0.00000381MB
2026-06-24 16:09:00,580 P89007 INFO Model all size: 0.63763809MB
2026-06-24 16:12:25,983 P89007 INFO [Time] pretrain_time=205.4048s
2026-06-24 16:12:25,984 P89007 INFO ********* Train Turn 0 *********
2026-06-24 16:12:31,503 P89007 INFO Clients average loss: 0.695360541343689
2026-06-24 16:12:31,505 P89007 INFO [Time] turn=0 local_train_time=4.8879s avg_client_train_time=0.008093s max_client_train_time=0.037415s min_client_train_time=0.005319s median_client_train_time=0.006856s aggregation_time=0.1660s round_time=5.5189s
2026-06-24 16:12:31,505 P89007 INFO ********* Train Turn 1 *********
2026-06-24 16:12:37,149 P89007 INFO Clients average loss: 0.6954144239425659
2026-06-24 16:12:37,150 P89007 INFO [Time] turn=1 local_train_time=5.0328s avg_client_train_time=0.008332s max_client_train_time=0.033453s min_client_train_time=0.005430s median_client_train_time=0.007171s aggregation_time=0.1461s round_time=5.6446s
2026-06-24 16:12:37,150 P89007 INFO ********* Train Turn 2 *********
2026-06-24 16:12:43,842 P89007 INFO Clients average loss: 0.6944612860679626
2026-06-24 16:12:43,844 P89007 INFO [Time] turn=2 local_train_time=6.0771s avg_client_train_time=0.010061s max_client_train_time=0.042326s min_client_train_time=0.005402s median_client_train_time=0.008991s aggregation_time=0.1475s round_time=6.6942s
2026-06-24 16:12:43,844 P89007 INFO ********* Train Turn 3 *********
2026-06-24 16:12:50,998 P89007 INFO Clients average loss: 0.6946908235549927
2026-06-24 16:12:50,999 P89007 INFO [Time] turn=3 local_train_time=6.4948s avg_client_train_time=0.010753s max_client_train_time=0.029344s min_client_train_time=0.005632s median_client_train_time=0.009561s aggregation_time=0.1711s round_time=7.1547s
2026-06-24 16:12:50,999 P89007 INFO ********* Train Turn 4 *********
2026-06-24 16:12:58,076 P89007 INFO Clients average loss: 0.6950955390930176
2026-06-24 16:12:58,076 P89007 INFO [Time] turn=4 local_train_time=6.3062s avg_client_train_time=0.010441s max_client_train_time=0.035407s min_client_train_time=0.005466s median_client_train_time=0.009324s aggregation_time=0.1513s round_time=7.0773s
2026-06-24 16:12:58,077 P89007 INFO ********* Train Turn 5 *********
2026-06-24 16:13:04,459 P89007 INFO Clients average loss: 0.6942458748817444
2026-06-24 16:13:04,461 P89007 INFO [Time] turn=5 local_train_time=5.7707s avg_client_train_time=0.009554s max_client_train_time=0.026318s min_client_train_time=0.005546s median_client_train_time=0.008645s aggregation_time=0.1440s round_time=6.3847s
2026-06-24 16:13:04,461 P89007 INFO ********* Train Turn 6 *********
2026-06-24 16:13:11,313 P89007 INFO Clients average loss: 0.6946210265159607
2026-06-24 16:13:11,314 P89007 INFO [Time] turn=6 local_train_time=6.1911s avg_client_train_time=0.010250s max_client_train_time=0.050744s min_client_train_time=0.005369s median_client_train_time=0.008769s aggregation_time=0.1655s round_time=6.8522s
2026-06-24 16:13:11,314 P89007 INFO ********* Train Turn 7 *********
2026-06-24 16:13:17,798 P89007 INFO Clients average loss: 0.6949137449264526
2026-06-24 16:13:17,798 P89007 INFO [Time] turn=7 local_train_time=5.8727s avg_client_train_time=0.009723s max_client_train_time=0.023173s min_client_train_time=0.005393s median_client_train_time=0.008783s aggregation_time=0.1407s round_time=6.4844s
2026-06-24 16:13:17,798 P89007 INFO ********* Train Turn 8 *********
2026-06-24 16:13:24,381 P89007 INFO Clients average loss: 0.6947897672653198
2026-06-24 16:13:24,381 P89007 INFO [Time] turn=8 local_train_time=5.9702s avg_client_train_time=0.009884s max_client_train_time=0.025138s min_client_train_time=0.005374s median_client_train_time=0.008851s aggregation_time=0.1420s round_time=6.5828s
2026-06-24 16:13:24,381 P89007 INFO ********* Train Turn 9 *********
2026-06-24 16:13:32,341 P89007 INFO Clients average loss: 0.6942188143730164
2026-06-24 16:13:32,342 P89007 INFO [Time] turn=9 local_train_time=7.2267s avg_client_train_time=0.011965s max_client_train_time=0.419842s min_client_train_time=0.005941s median_client_train_time=0.009283s aggregation_time=0.1968s round_time=7.9604s
2026-06-24 16:13:32,342 P89007 INFO ********* Eval @ Turn 9 *********
2026-06-24 16:13:32,342 P89007 INFO [EvalRoundClientTime] turn=9 avg=0.011965s max=0.419842s min=0.005941s median=0.009283s
2026-06-24 16:13:40,627 P89007 INFO [Metrics] logloss: 0.090865 - MRR: 0.052618 - NDCG(5): 0.030448 - HR(5): 0.051656 - NDCG(10): 0.046407 - HR(10): 0.101987 - NDCG(20): 0.071759 - HR(20): 0.203477 - NDCG(50): 0.131198 - HR(50): 0.507450
2026-06-24 16:13:40,629 P89007 INFO [Time] eval_time=8.2863s
2026-06-24 16:13:40,629 P89007 INFO ********* Train Turn 10 *********
2026-06-24 16:13:46,701 P89007 INFO Clients average loss: 0.6940931081771851
2026-06-24 16:13:46,702 P89007 INFO [Time] turn=10 local_train_time=5.4085s avg_client_train_time=0.008954s max_client_train_time=0.026332s min_client_train_time=0.005419s median_client_train_time=0.007984s aggregation_time=0.1645s round_time=6.0730s
2026-06-24 16:13:46,702 P89007 INFO ********* Train Turn 11 *********
2026-06-24 16:13:53,659 P89007 INFO Clients average loss: 0.6942840218544006
2026-06-24 16:13:53,661 P89007 INFO [Time] turn=11 local_train_time=6.3215s avg_client_train_time=0.010466s max_client_train_time=0.038652s min_client_train_time=0.005630s median_client_train_time=0.009378s aggregation_time=0.1470s round_time=6.9589s
2026-06-24 16:13:53,661 P89007 INFO ********* Train Turn 12 *********
2026-06-24 16:14:01,062 P89007 INFO Clients average loss: 0.6943236589431763
2026-06-24 16:14:01,062 P89007 INFO [Time] turn=12 local_train_time=6.7565s avg_client_train_time=0.011186s max_client_train_time=0.028784s min_client_train_time=0.005679s median_client_train_time=0.009826s aggregation_time=0.1568s round_time=7.4010s
2026-06-24 16:14:01,062 P89007 INFO ********* Train Turn 13 *********
2026-06-24 16:14:08,641 P89007 INFO Clients average loss: 0.6938847303390503
2026-06-24 16:14:08,643 P89007 INFO [Time] turn=13 local_train_time=6.8666s avg_client_train_time=0.011369s max_client_train_time=0.031026s min_client_train_time=0.005511s median_client_train_time=0.010150s aggregation_time=0.1452s round_time=7.5810s
2026-06-24 16:14:08,643 P89007 INFO ********* Train Turn 14 *********
2026-06-24 16:14:16,030 P89007 INFO Clients average loss: 0.6942877769470215
2026-06-24 16:14:16,030 P89007 INFO [Time] turn=14 local_train_time=6.7413s avg_client_train_time=0.011161s max_client_train_time=0.034797s min_client_train_time=0.005610s median_client_train_time=0.009971s aggregation_time=0.1635s round_time=7.3864s
2026-06-24 16:14:16,030 P89007 INFO ********* Train Turn 15 *********
2026-06-24 16:14:23,261 P89007 INFO Clients average loss: 0.693888783454895
2026-06-24 16:14:23,261 P89007 INFO [Time] turn=15 local_train_time=6.5963s avg_client_train_time=0.010921s max_client_train_time=0.033222s min_client_train_time=0.005489s median_client_train_time=0.009594s aggregation_time=0.1499s round_time=7.2308s
2026-06-24 16:14:23,261 P89007 INFO ********* Train Turn 16 *********
2026-06-24 16:14:31,404 P89007 INFO Clients average loss: 0.6940298676490784
2026-06-24 16:14:31,405 P89007 INFO [Time] turn=16 local_train_time=7.3870s avg_client_train_time=0.012230s max_client_train_time=0.167632s min_client_train_time=0.005482s median_client_train_time=0.010120s aggregation_time=0.2063s round_time=8.1434s
2026-06-24 16:14:31,405 P89007 INFO ********* Train Turn 17 *********
2026-06-24 16:14:38,804 P89007 INFO Clients average loss: 0.6940934658050537
2026-06-24 16:14:38,805 P89007 INFO [Time] turn=17 local_train_time=6.7494s avg_client_train_time=0.011174s max_client_train_time=0.032547s min_client_train_time=0.005574s median_client_train_time=0.009960s aggregation_time=0.1582s round_time=7.4007s
2026-06-24 16:14:38,805 P89007 INFO ********* Train Turn 18 *********
2026-06-24 16:14:46,216 P89007 INFO Clients average loss: 0.6943094730377197
2026-06-24 16:14:46,218 P89007 INFO [Time] turn=18 local_train_time=6.7656s avg_client_train_time=0.011201s max_client_train_time=0.044161s min_client_train_time=0.005456s median_client_train_time=0.009872s aggregation_time=0.1636s round_time=7.4122s
2026-06-24 16:14:46,218 P89007 INFO ********* Train Turn 19 *********
2026-06-24 16:14:53,616 P89007 INFO Clients average loss: 0.6941889524459839
2026-06-24 16:14:53,618 P89007 INFO [Time] turn=19 local_train_time=6.7193s avg_client_train_time=0.011125s max_client_train_time=0.076278s min_client_train_time=0.005598s median_client_train_time=0.009710s aggregation_time=0.1805s round_time=7.4001s
2026-06-24 16:14:53,618 P89007 INFO ********* Eval @ Turn 19 *********
2026-06-24 16:14:53,618 P89007 INFO [EvalRoundClientTime] turn=19 avg=0.011125s max=0.076278s min=0.005598s median=0.009710s
2026-06-24 16:15:00,086 P89007 INFO [Metrics] logloss: 0.098009 - MRR: 0.058248 - NDCG(5): 0.034825 - HR(5): 0.055795 - NDCG(10): 0.053195 - HR(10): 0.113245 - NDCG(20): 0.080200 - HR(20): 0.221358 - NDCG(50): 0.138532 - HR(50): 0.519371
2026-06-24 16:15:00,088 P89007 INFO [Time] eval_time=6.4695s
2026-06-24 16:15:00,088 P89007 INFO ********* Train Turn 20 *********
2026-06-24 16:15:07,074 P89007 INFO Clients average loss: 0.694421648979187
2026-06-24 16:15:07,076 P89007 INFO [Time] turn=20 local_train_time=6.2981s avg_client_train_time=0.010427s max_client_train_time=0.048513s min_client_train_time=0.006228s median_client_train_time=0.008953s aggregation_time=0.1761s round_time=6.9881s
2026-06-24 16:15:07,076 P89007 INFO ********* Train Turn 21 *********
2026-06-24 16:15:14,437 P89007 INFO Clients average loss: 0.6940876841545105
2026-06-24 16:15:14,437 P89007 INFO [Time] turn=21 local_train_time=6.7211s avg_client_train_time=0.011128s max_client_train_time=0.039385s min_client_train_time=0.006073s median_client_train_time=0.009537s aggregation_time=0.1501s round_time=7.3611s
2026-06-24 16:15:14,438 P89007 INFO ********* Train Turn 22 *********
2026-06-24 16:15:21,888 P89007 INFO Clients average loss: 0.6948179602622986
2026-06-24 16:15:21,890 P89007 INFO [Time] turn=22 local_train_time=6.7956s avg_client_train_time=0.011251s max_client_train_time=0.032720s min_client_train_time=0.006158s median_client_train_time=0.009424s aggregation_time=0.1657s round_time=7.4524s
2026-06-24 16:15:21,890 P89007 INFO ********* Train Turn 23 *********
2026-06-24 16:15:30,505 P89007 INFO Clients average loss: 0.6946372389793396
2026-06-24 16:15:30,509 P89007 INFO [Time] turn=23 local_train_time=7.8510s avg_client_train_time=0.012998s max_client_train_time=0.108043s min_client_train_time=0.006178s median_client_train_time=0.010294s aggregation_time=0.2254s round_time=8.6183s
2026-06-24 16:15:30,509 P89007 INFO ********* Train Turn 24 *********
2026-06-24 16:15:38,286 P89007 INFO Clients average loss: 0.6946757435798645
2026-06-24 16:15:38,288 P89007 INFO [Time] turn=24 local_train_time=7.1082s avg_client_train_time=0.011769s max_client_train_time=0.063828s min_client_train_time=0.006083s median_client_train_time=0.009766s aggregation_time=0.1657s round_time=7.7793s
2026-06-24 16:15:38,288 P89007 INFO ********* Train Turn 25 *********
2026-06-24 16:15:46,076 P89007 INFO Clients average loss: 0.6939409971237183
2026-06-24 16:15:46,078 P89007 INFO [Time] turn=25 local_train_time=7.0981s avg_client_train_time=0.011752s max_client_train_time=0.070955s min_client_train_time=0.006112s median_client_train_time=0.009605s aggregation_time=0.1835s round_time=7.7893s
2026-06-24 16:15:46,078 P89007 INFO ********* Train Turn 26 *********
2026-06-24 16:15:54,024 P89007 INFO Clients average loss: 0.6944395899772644
2026-06-24 16:15:54,026 P89007 INFO [Time] turn=26 local_train_time=7.2744s avg_client_train_time=0.012044s max_client_train_time=0.059518s min_client_train_time=0.006168s median_client_train_time=0.010021s aggregation_time=0.1726s round_time=7.9482s
2026-06-24 16:15:54,026 P89007 INFO ********* Train Turn 27 *********
2026-06-24 16:16:01,790 P89007 INFO Clients average loss: 0.6943339705467224
2026-06-24 16:16:01,790 P89007 INFO [Time] turn=27 local_train_time=7.1165s avg_client_train_time=0.011782s max_client_train_time=0.036192s min_client_train_time=0.006169s median_client_train_time=0.009788s aggregation_time=0.1538s round_time=7.7640s
2026-06-24 16:16:01,790 P89007 INFO ********* Train Turn 28 *********
2026-06-24 16:16:09,396 P89007 INFO Clients average loss: 0.6942083239555359
2026-06-24 16:16:09,397 P89007 INFO [Time] turn=28 local_train_time=6.9667s avg_client_train_time=0.011534s max_client_train_time=0.054386s min_client_train_time=0.006060s median_client_train_time=0.009787s aggregation_time=0.1476s round_time=7.6062s
2026-06-24 16:16:09,397 P89007 INFO ********* Train Turn 29 *********
2026-06-24 16:16:17,039 P89007 INFO Clients average loss: 0.6943002343177795
2026-06-24 16:16:17,039 P89007 INFO [Time] turn=29 local_train_time=7.0011s avg_client_train_time=0.011591s max_client_train_time=0.039714s min_client_train_time=0.005953s median_client_train_time=0.009793s aggregation_time=0.1500s round_time=7.6425s
2026-06-24 16:16:17,039 P89007 INFO ********* Eval @ Turn 29 *********
2026-06-24 16:16:17,039 P89007 INFO [EvalRoundClientTime] turn=29 avg=0.011591s max=0.039714s min=0.005953s median=0.009793s
2026-06-24 16:16:23,799 P89007 INFO [Metrics] logloss: 0.089881 - MRR: 0.051571 - NDCG(5): 0.030990 - HR(5): 0.055132 - NDCG(10): 0.045613 - HR(10): 0.101159 - NDCG(20): 0.069336 - HR(20): 0.196026 - NDCG(50): 0.130459 - HR(50): 0.509934
2026-06-24 16:16:23,801 P89007 INFO [Time] eval_time=6.7613s
2026-06-24 16:16:23,801 P89007 INFO ********* Train Turn 30 *********
2026-06-24 16:16:30,518 P89007 INFO Clients average loss: 0.6940358877182007
2026-06-24 16:16:30,520 P89007 INFO [Time] turn=30 local_train_time=6.0616s avg_client_train_time=0.010036s max_client_train_time=0.030858s min_client_train_time=0.006028s median_client_train_time=0.008641s aggregation_time=0.1603s round_time=6.7191s
2026-06-24 16:16:30,520 P89007 INFO ********* Train Turn 31 *********
2026-06-24 16:16:37,868 P89007 INFO Clients average loss: 0.6944819688796997
2026-06-24 16:16:37,869 P89007 INFO [Time] turn=31 local_train_time=6.7118s avg_client_train_time=0.011112s max_client_train_time=0.040041s min_client_train_time=0.006094s median_client_train_time=0.009364s aggregation_time=0.1455s round_time=7.3485s
2026-06-24 16:16:37,869 P89007 INFO ********* Train Turn 32 *********
2026-06-24 16:16:45,249 P89007 INFO Clients average loss: 0.694101870059967
2026-06-24 16:16:45,251 P89007 INFO [Time] turn=32 local_train_time=6.7461s avg_client_train_time=0.011169s max_client_train_time=0.039202s min_client_train_time=0.006068s median_client_train_time=0.009614s aggregation_time=0.1456s round_time=7.3822s
2026-06-24 16:16:45,251 P89007 INFO ********* Train Turn 33 *********
2026-06-24 16:16:52,716 P89007 INFO Clients average loss: 0.6940858364105225
2026-06-24 16:16:52,718 P89007 INFO [Time] turn=33 local_train_time=6.8232s avg_client_train_time=0.011297s max_client_train_time=0.031145s min_client_train_time=0.006037s median_client_train_time=0.009769s aggregation_time=0.1473s round_time=7.4668s
2026-06-24 16:16:52,718 P89007 INFO ********* Train Turn 34 *********
2026-06-24 16:17:00,336 P89007 INFO Clients average loss: 0.6939466595649719
2026-06-24 16:17:00,339 P89007 INFO [Time] turn=34 local_train_time=6.9838s avg_client_train_time=0.011563s max_client_train_time=0.043129s min_client_train_time=0.006261s median_client_train_time=0.009774s aggregation_time=0.1450s round_time=7.6205s
2026-06-24 16:17:00,339 P89007 INFO ********* Train Turn 35 *********
2026-06-24 16:17:08,036 P89007 INFO Clients average loss: 0.6940528154373169
2026-06-24 16:17:08,036 P89007 INFO [Time] turn=35 local_train_time=7.0550s avg_client_train_time=0.011681s max_client_train_time=0.035486s min_client_train_time=0.005978s median_client_train_time=0.009693s aggregation_time=0.1451s round_time=7.6975s
2026-06-24 16:17:08,036 P89007 INFO ********* Train Turn 36 *********
2026-06-24 16:17:15,728 P89007 INFO Clients average loss: 0.6940216422080994
2026-06-24 16:17:15,729 P89007 INFO [Time] turn=36 local_train_time=7.0528s avg_client_train_time=0.011677s max_client_train_time=0.037558s min_client_train_time=0.006035s median_client_train_time=0.009887s aggregation_time=0.1479s round_time=7.6928s
2026-06-24 16:17:15,729 P89007 INFO ********* Train Turn 37 *********
2026-06-24 16:17:23,355 P89007 INFO Clients average loss: 0.6940670609474182
2026-06-24 16:17:23,357 P89007 INFO [Time] turn=37 local_train_time=6.9885s avg_client_train_time=0.011570s max_client_train_time=0.043968s min_client_train_time=0.006010s median_client_train_time=0.009829s aggregation_time=0.1475s round_time=7.6274s
2026-06-24 16:17:23,357 P89007 INFO ********* Train Turn 38 *********
2026-06-24 16:17:30,916 P89007 INFO Clients average loss: 0.6946799159049988
2026-06-24 16:17:30,918 P89007 INFO [Time] turn=38 local_train_time=6.9213s avg_client_train_time=0.011459s max_client_train_time=0.036567s min_client_train_time=0.006195s median_client_train_time=0.009666s aggregation_time=0.1468s round_time=7.5610s
2026-06-24 16:17:30,918 P89007 INFO ********* Train Turn 39 *********
2026-06-24 16:17:38,641 P89007 INFO Clients average loss: 0.694489061832428
2026-06-24 16:17:38,644 P89007 INFO [Time] turn=39 local_train_time=7.0857s avg_client_train_time=0.011731s max_client_train_time=0.055177s min_client_train_time=0.006088s median_client_train_time=0.009894s aggregation_time=0.1455s round_time=7.7254s
2026-06-24 16:17:38,644 P89007 INFO ********* Eval @ Turn 39 *********
2026-06-24 16:17:38,644 P89007 INFO [EvalRoundClientTime] turn=39 avg=0.011731s max=0.055177s min=0.006088s median=0.009894s
2026-06-24 16:17:45,258 P89007 INFO [Metrics] logloss: 0.083360 - MRR: 0.060308 - NDCG(5): 0.039023 - HR(5): 0.067219 - NDCG(10): 0.059620 - HR(10): 0.131623 - NDCG(20): 0.084811 - HR(20): 0.232616 - NDCG(50): 0.141360 - HR(50): 0.521689
2026-06-24 16:17:45,259 P89007 INFO [Time] eval_time=6.6157s
2026-06-24 16:17:45,259 P89007 INFO ********* Train Turn 40 *********
2026-06-24 16:17:51,916 P89007 INFO Clients average loss: 0.6938989758491516
2026-06-24 16:17:51,916 P89007 INFO [Time] turn=40 local_train_time=5.9948s avg_client_train_time=0.009925s max_client_train_time=0.035181s min_client_train_time=0.006014s median_client_train_time=0.008422s aggregation_time=0.1600s round_time=6.6564s
2026-06-24 16:17:51,916 P89007 INFO ********* Train Turn 41 *********
2026-06-24 16:17:59,324 P89007 INFO Clients average loss: 0.6947224140167236
2026-06-24 16:17:59,324 P89007 INFO [Time] turn=41 local_train_time=6.7692s avg_client_train_time=0.011207s max_client_train_time=0.041159s min_client_train_time=0.006081s median_client_train_time=0.009699s aggregation_time=0.1478s round_time=7.4084s
2026-06-24 16:17:59,324 P89007 INFO ********* Train Turn 42 *********
2026-06-24 16:18:07,052 P89007 INFO Clients average loss: 0.6945282816886902
2026-06-24 16:18:07,054 P89007 INFO [Time] turn=42 local_train_time=7.0879s avg_client_train_time=0.011735s max_client_train_time=0.150602s min_client_train_time=0.006208s median_client_train_time=0.009810s aggregation_time=0.1454s round_time=7.7289s
2026-06-24 16:18:07,054 P89007 INFO ********* Train Turn 43 *********
2026-06-24 16:18:14,485 P89007 INFO Clients average loss: 0.6939080953598022
2026-06-24 16:18:14,486 P89007 INFO [Time] turn=43 local_train_time=6.7937s avg_client_train_time=0.011248s max_client_train_time=0.038121s min_client_train_time=0.006068s median_client_train_time=0.009539s aggregation_time=0.1471s round_time=7.4319s
2026-06-24 16:18:14,486 P89007 INFO ********* Train Turn 44 *********
2026-06-24 16:18:21,996 P89007 INFO Clients average loss: 0.6938440203666687
2026-06-24 16:18:21,996 P89007 INFO [Time] turn=44 local_train_time=6.8723s avg_client_train_time=0.011378s max_client_train_time=0.038986s min_client_train_time=0.006103s median_client_train_time=0.009670s aggregation_time=0.1461s round_time=7.5102s
2026-06-24 16:18:21,996 P89007 INFO ********* Train Turn 45 *********
2026-06-24 16:18:29,503 P89007 INFO Clients average loss: 0.6940202116966248
2026-06-24 16:18:29,505 P89007 INFO [Time] turn=45 local_train_time=6.8712s avg_client_train_time=0.011376s max_client_train_time=0.034268s min_client_train_time=0.006115s median_client_train_time=0.009672s aggregation_time=0.1457s round_time=7.5087s
2026-06-24 16:18:29,505 P89007 INFO ********* Train Turn 46 *********
2026-06-24 16:18:36,982 P89007 INFO Clients average loss: 0.6936153173446655
2026-06-24 16:18:36,983 P89007 INFO [Time] turn=46 local_train_time=6.8341s avg_client_train_time=0.011315s max_client_train_time=0.037092s min_client_train_time=0.006162s median_client_train_time=0.009511s aggregation_time=0.1502s round_time=7.4782s
2026-06-24 16:18:36,983 P89007 INFO ********* Train Turn 47 *********
2026-06-24 16:18:44,639 P89007 INFO Clients average loss: 0.6938587427139282
2026-06-24 16:18:44,639 P89007 INFO [Time] turn=47 local_train_time=7.0140s avg_client_train_time=0.011613s max_client_train_time=0.047869s min_client_train_time=0.006317s median_client_train_time=0.009697s aggregation_time=0.1464s round_time=7.6562s
2026-06-24 16:18:44,640 P89007 INFO ********* Train Turn 48 *********
2026-06-24 16:18:52,271 P89007 INFO Clients average loss: 0.6944903135299683
2026-06-24 16:18:52,271 P89007 INFO [Time] turn=48 local_train_time=6.9917s avg_client_train_time=0.011576s max_client_train_time=0.038670s min_client_train_time=0.006121s median_client_train_time=0.009708s aggregation_time=0.1475s round_time=7.6318s
2026-06-24 16:18:52,272 P89007 INFO ********* Train Turn 49 *********
2026-06-24 16:18:59,851 P89007 INFO Clients average loss: 0.6940484642982483
2026-06-24 16:18:59,852 P89007 INFO [Time] turn=49 local_train_time=6.9432s avg_client_train_time=0.011495s max_client_train_time=0.053057s min_client_train_time=0.006024s median_client_train_time=0.009669s aggregation_time=0.1442s round_time=7.5802s
2026-06-24 16:18:59,852 P89007 INFO ********* Eval @ Turn 49 *********
2026-06-24 16:18:59,852 P89007 INFO [EvalRoundClientTime] turn=49 avg=0.011495s max=0.053057s min=0.006024s median=0.009669s
2026-06-24 16:19:06,620 P89007 INFO [Metrics] logloss: 0.101896 - MRR: 0.065197 - NDCG(5): 0.041506 - HR(5): 0.065894 - NDCG(10): 0.061218 - HR(10): 0.127318 - NDCG(20): 0.087233 - HR(20): 0.231457 - NDCG(50): 0.153505 - HR(50): 0.570695
2026-06-24 16:19:06,621 P89007 INFO [Time] eval_time=6.7694s
2026-06-24 16:19:06,621 P89007 INFO ********* Train Turn 50 *********
2026-06-24 16:19:13,091 P89007 INFO Clients average loss: 0.6936106085777283
2026-06-24 16:19:13,092 P89007 INFO [Time] turn=50 local_train_time=5.7375s avg_client_train_time=0.009499s max_client_train_time=0.043289s min_client_train_time=0.005919s median_client_train_time=0.008149s aggregation_time=0.1569s round_time=6.4702s
2026-06-24 16:19:13,092 P89007 INFO ********* Train Turn 51 *********
2026-06-24 16:19:20,588 P89007 INFO Clients average loss: 0.6942080855369568
2026-06-24 16:19:20,588 P89007 INFO [Time] turn=51 local_train_time=6.8401s avg_client_train_time=0.011325s max_client_train_time=0.031949s min_client_train_time=0.006065s median_client_train_time=0.009756s aggregation_time=0.1499s round_time=7.4964s
2026-06-24 16:19:20,588 P89007 INFO ********* Train Turn 52 *********
2026-06-24 16:19:28,373 P89007 INFO Clients average loss: 0.6940087080001831
2026-06-24 16:19:28,374 P89007 INFO [Time] turn=52 local_train_time=7.1473s avg_client_train_time=0.011833s max_client_train_time=0.038522s min_client_train_time=0.006197s median_client_train_time=0.009829s aggregation_time=0.1452s round_time=7.7860s
2026-06-24 16:19:28,375 P89007 INFO ********* Train Turn 53 *********
2026-06-24 16:19:35,987 P89007 INFO Clients average loss: 0.6940743923187256
2026-06-24 16:19:35,987 P89007 INFO [Time] turn=53 local_train_time=6.9699s avg_client_train_time=0.011540s max_client_train_time=0.038905s min_client_train_time=0.006093s median_client_train_time=0.009760s aggregation_time=0.1467s round_time=7.6124s
2026-06-24 16:19:35,987 P89007 INFO ********* Train Turn 54 *********
2026-06-24 16:19:43,488 P89007 INFO Clients average loss: 0.6940343379974365
2026-06-24 16:19:43,490 P89007 INFO [Time] turn=54 local_train_time=6.8628s avg_client_train_time=0.011362s max_client_train_time=0.035197s min_client_train_time=0.006185s median_client_train_time=0.009709s aggregation_time=0.1490s round_time=7.5032s
2026-06-24 16:19:43,491 P89007 INFO ********* Train Turn 55 *********
2026-06-24 16:19:51,336 P89007 INFO Clients average loss: 0.693874716758728
2026-06-24 16:19:51,336 P89007 INFO [Time] turn=55 local_train_time=7.2074s avg_client_train_time=0.011933s max_client_train_time=0.039184s min_client_train_time=0.006075s median_client_train_time=0.009955s aggregation_time=0.1452s round_time=7.8456s
2026-06-24 16:19:51,336 P89007 INFO ********* Train Turn 56 *********
2026-06-24 16:19:58,829 P89007 INFO Clients average loss: 0.693905234336853
2026-06-24 16:19:58,830 P89007 INFO [Time] turn=56 local_train_time=6.8535s avg_client_train_time=0.011347s max_client_train_time=0.041279s min_client_train_time=0.006071s median_client_train_time=0.009663s aggregation_time=0.1491s round_time=7.4934s
2026-06-24 16:19:58,830 P89007 INFO ********* Train Turn 57 *********
2026-06-24 16:20:06,282 P89007 INFO Clients average loss: 0.6938008069992065
2026-06-24 16:20:06,284 P89007 INFO [Time] turn=57 local_train_time=6.8151s avg_client_train_time=0.011283s max_client_train_time=0.037707s min_client_train_time=0.006047s median_client_train_time=0.009793s aggregation_time=0.1482s round_time=7.4535s
2026-06-24 16:20:06,284 P89007 INFO ********* Train Turn 58 *********
2026-06-24 16:20:14,103 P89007 INFO Clients average loss: 0.6937277317047119
2026-06-24 16:20:14,103 P89007 INFO [Time] turn=58 local_train_time=7.1822s avg_client_train_time=0.011891s max_client_train_time=0.046028s min_client_train_time=0.006051s median_client_train_time=0.009893s aggregation_time=0.1443s round_time=7.8194s
2026-06-24 16:20:14,103 P89007 INFO ********* Train Turn 59 *********
2026-06-24 16:20:21,938 P89007 INFO Clients average loss: 0.6941584348678589
2026-06-24 16:20:21,940 P89007 INFO [Time] turn=59 local_train_time=7.1712s avg_client_train_time=0.011873s max_client_train_time=0.039667s min_client_train_time=0.006068s median_client_train_time=0.010090s aggregation_time=0.1672s round_time=7.8367s
2026-06-24 16:20:21,940 P89007 INFO ********* Eval @ Turn 59 *********
2026-06-24 16:20:21,940 P89007 INFO [EvalRoundClientTime] turn=59 avg=0.011873s max=0.039667s min=0.006068s median=0.010090s
2026-06-24 16:20:28,635 P89007 INFO [Metrics] logloss: 0.097457 - MRR: 0.106809 - NDCG(5): 0.093402 - HR(5): 0.156126 - NDCG(10): 0.121961 - HR(10): 0.244371 - NDCG(20): 0.152688 - HR(20): 0.367881 - NDCG(50): 0.209783 - HR(50): 0.656788
2026-06-24 16:20:28,637 P89007 INFO [Time] eval_time=6.6965s
2026-06-24 16:20:28,637 P89007 INFO ********* Train Turn 60 *********
2026-06-24 16:20:35,903 P89007 INFO Clients average loss: 0.6939117312431335
2026-06-24 16:20:35,905 P89007 INFO [Time] turn=60 local_train_time=6.5671s avg_client_train_time=0.010873s max_client_train_time=0.086769s min_client_train_time=0.005955s median_client_train_time=0.008750s aggregation_time=0.1630s round_time=7.2678s
2026-06-24 16:20:35,905 P89007 INFO ********* Train Turn 61 *********
2026-06-24 16:20:43,380 P89007 INFO Clients average loss: 0.6941288709640503
2026-06-24 16:20:43,380 P89007 INFO [Time] turn=61 local_train_time=6.8336s avg_client_train_time=0.011314s max_client_train_time=0.032630s min_client_train_time=0.006040s median_client_train_time=0.009523s aggregation_time=0.1450s round_time=7.4754s
2026-06-24 16:20:43,380 P89007 INFO ********* Train Turn 62 *********
2026-06-24 16:20:51,160 P89007 INFO Clients average loss: 0.6937039494514465
2026-06-24 16:20:51,161 P89007 INFO [Time] turn=62 local_train_time=7.1373s avg_client_train_time=0.011817s max_client_train_time=0.042100s min_client_train_time=0.006139s median_client_train_time=0.009952s aggregation_time=0.1441s round_time=7.7805s
2026-06-24 16:20:51,161 P89007 INFO ********* Train Turn 63 *********
2026-06-24 16:20:58,946 P89007 INFO Clients average loss: 0.6939257979393005
2026-06-24 16:20:58,947 P89007 INFO [Time] turn=63 local_train_time=7.1423s avg_client_train_time=0.011825s max_client_train_time=0.036303s min_client_train_time=0.006096s median_client_train_time=0.010025s aggregation_time=0.1456s round_time=7.7857s
2026-06-24 16:20:58,947 P89007 INFO ********* Train Turn 64 *********
2026-06-24 16:21:06,648 P89007 INFO Clients average loss: 0.6934594511985779
2026-06-24 16:21:06,649 P89007 INFO [Time] turn=64 local_train_time=7.0572s avg_client_train_time=0.011684s max_client_train_time=0.031834s min_client_train_time=0.006044s median_client_train_time=0.009961s aggregation_time=0.1450s round_time=7.7017s
2026-06-24 16:21:06,649 P89007 INFO ********* Train Turn 65 *********
2026-06-24 16:21:14,526 P89007 INFO Clients average loss: 0.6937384605407715
2026-06-24 16:21:14,526 P89007 INFO [Time] turn=65 local_train_time=7.2315s avg_client_train_time=0.011973s max_client_train_time=0.065583s min_client_train_time=0.005912s median_client_train_time=0.009815s aggregation_time=0.1489s round_time=7.8772s
2026-06-24 16:21:14,526 P89007 INFO ********* Train Turn 66 *********
2026-06-24 16:21:22,422 P89007 INFO Clients average loss: 0.693984866142273
2026-06-24 16:21:22,422 P89007 INFO [Time] turn=66 local_train_time=7.2551s avg_client_train_time=0.012012s max_client_train_time=0.047469s min_client_train_time=0.006032s median_client_train_time=0.010116s aggregation_time=0.1443s round_time=7.8959s
2026-06-24 16:21:22,422 P89007 INFO ********* Train Turn 67 *********
2026-06-24 16:21:30,237 P89007 INFO Clients average loss: 0.6938007473945618
2026-06-24 16:21:30,239 P89007 INFO [Time] turn=67 local_train_time=7.1766s avg_client_train_time=0.011882s max_client_train_time=0.037273s min_client_train_time=0.006084s median_client_train_time=0.009895s aggregation_time=0.1447s round_time=7.8166s
2026-06-24 16:21:30,239 P89007 INFO ********* Train Turn 68 *********
2026-06-24 16:21:37,977 P89007 INFO Clients average loss: 0.6939523220062256
2026-06-24 16:21:37,978 P89007 INFO [Time] turn=68 local_train_time=7.1043s avg_client_train_time=0.011762s max_client_train_time=0.037219s min_client_train_time=0.006164s median_client_train_time=0.009902s aggregation_time=0.1438s round_time=7.7391s
2026-06-24 16:21:37,978 P89007 INFO ********* Train Turn 69 *********
2026-06-24 16:21:46,029 P89007 INFO Clients average loss: 0.6936542391777039
2026-06-24 16:21:46,029 P89007 INFO [Time] turn=69 local_train_time=7.3995s avg_client_train_time=0.012251s max_client_train_time=0.031598s min_client_train_time=0.006225s median_client_train_time=0.010299s aggregation_time=0.1461s round_time=8.0512s
2026-06-24 16:21:46,029 P89007 INFO ********* Eval @ Turn 69 *********
2026-06-24 16:21:46,030 P89007 INFO [EvalRoundClientTime] turn=69 avg=0.012251s max=0.031598s min=0.006225s median=0.010299s
2026-06-24 16:21:53,001 P89007 INFO [Metrics] logloss: 0.096691 - MRR: 0.149580 - NDCG(5): 0.136359 - HR(5): 0.197848 - NDCG(10): 0.164411 - HR(10): 0.285099 - NDCG(20): 0.197562 - HR(20): 0.417384 - NDCG(50): 0.254259 - HR(50): 0.704801
2026-06-24 16:21:53,002 P89007 INFO [Time] eval_time=6.9724s
2026-06-24 16:21:53,002 P89007 INFO ********* Train Turn 70 *********
2026-06-24 16:21:59,756 P89007 INFO Clients average loss: 0.6935743093490601
2026-06-24 16:21:59,756 P89007 INFO [Time] turn=70 local_train_time=5.9972s avg_client_train_time=0.009929s max_client_train_time=0.029075s min_client_train_time=0.006058s median_client_train_time=0.008643s aggregation_time=0.1616s round_time=6.7540s
2026-06-24 16:21:59,756 P89007 INFO ********* Train Turn 71 *********
2026-06-24 16:22:07,212 P89007 INFO Clients average loss: 0.694154679775238
2026-06-24 16:22:07,213 P89007 INFO [Time] turn=71 local_train_time=6.7976s avg_client_train_time=0.011254s max_client_train_time=0.035263s min_client_train_time=0.006111s median_client_train_time=0.009363s aggregation_time=0.1638s round_time=7.4563s
2026-06-24 16:22:07,213 P89007 INFO ********* Train Turn 72 *********
2026-06-24 16:22:14,978 P89007 INFO Clients average loss: 0.6937506198883057
2026-06-24 16:22:14,978 P89007 INFO [Time] turn=72 local_train_time=7.0779s avg_client_train_time=0.011718s max_client_train_time=0.066102s min_client_train_time=0.006177s median_client_train_time=0.009856s aggregation_time=0.1825s round_time=7.7647s
2026-06-24 16:22:14,979 P89007 INFO ********* Train Turn 73 *********
2026-06-24 16:22:23,158 P89007 INFO Clients average loss: 0.6933874487876892
2026-06-24 16:22:23,158 P89007 INFO [Time] turn=73 local_train_time=7.5197s avg_client_train_time=0.012450s max_client_train_time=0.042826s min_client_train_time=0.006230s median_client_train_time=0.010282s aggregation_time=0.1456s round_time=8.1774s
2026-06-24 16:22:23,158 P89007 INFO ********* Train Turn 74 *********
2026-06-24 16:22:30,878 P89007 INFO Clients average loss: 0.6937772035598755
2026-06-24 16:22:30,879 P89007 INFO [Time] turn=74 local_train_time=7.0311s avg_client_train_time=0.011641s max_client_train_time=0.044062s min_client_train_time=0.006063s median_client_train_time=0.009848s aggregation_time=0.1918s round_time=7.7202s
2026-06-24 16:22:30,880 P89007 INFO ********* Train Turn 75 *********
2026-06-24 16:22:39,289 P89007 INFO Clients average loss: 0.6938217878341675
2026-06-24 16:22:39,290 P89007 INFO [Time] turn=75 local_train_time=7.7383s avg_client_train_time=0.012812s max_client_train_time=0.053437s min_client_train_time=0.006218s median_client_train_time=0.010633s aggregation_time=0.1477s round_time=8.4093s
2026-06-24 16:22:39,290 P89007 INFO ********* Train Turn 76 *********
2026-06-24 16:22:46,950 P89007 INFO Clients average loss: 0.6934434771537781
2026-06-24 16:22:46,950 P89007 INFO [Time] turn=76 local_train_time=6.9767s avg_client_train_time=0.011551s max_client_train_time=0.090145s min_client_train_time=0.006003s median_client_train_time=0.009702s aggregation_time=0.1874s round_time=7.6596s
2026-06-24 16:22:46,950 P89007 INFO ********* Train Turn 77 *********
2026-06-24 16:22:55,710 P89007 INFO Clients average loss: 0.6932031512260437
2026-06-24 16:22:55,710 P89007 INFO [Time] turn=77 local_train_time=8.0221s avg_client_train_time=0.013282s max_client_train_time=0.058348s min_client_train_time=0.006258s median_client_train_time=0.010663s aggregation_time=0.2012s round_time=8.7599s
2026-06-24 16:22:55,710 P89007 INFO ********* Train Turn 78 *********
2026-06-24 16:23:04,399 P89007 INFO Clients average loss: 0.6934935450553894
2026-06-24 16:23:04,400 P89007 INFO [Time] turn=78 local_train_time=7.9746s avg_client_train_time=0.013203s max_client_train_time=0.113943s min_client_train_time=0.006135s median_client_train_time=0.010914s aggregation_time=0.1850s round_time=8.6892s
2026-06-24 16:23:04,400 P89007 INFO ********* Train Turn 79 *********
2026-06-24 16:23:13,304 P89007 INFO Clients average loss: 0.693854808807373
2026-06-24 16:23:13,305 P89007 INFO [Time] turn=79 local_train_time=8.1544s avg_client_train_time=0.013501s max_client_train_time=0.169220s min_client_train_time=0.006110s median_client_train_time=0.011347s aggregation_time=0.1558s round_time=8.9051s
2026-06-24 16:23:13,305 P89007 INFO ********* Eval @ Turn 79 *********
2026-06-24 16:23:13,305 P89007 INFO [EvalRoundClientTime] turn=79 avg=0.013501s max=0.169220s min=0.006110s median=0.011347s
2026-06-24 16:23:21,501 P89007 INFO [Metrics] logloss: 0.107593 - MRR: 0.168010 - NDCG(5): 0.155437 - HR(5): 0.230132 - NDCG(10): 0.194773 - HR(10): 0.352483 - NDCG(20): 0.232609 - HR(20): 0.502980 - NDCG(50): 0.278921 - HR(50): 0.738411
2026-06-24 16:23:21,504 P89007 INFO [Time] eval_time=8.1987s
2026-06-24 16:23:21,504 P89007 INFO ********* Train Turn 80 *********
2026-06-24 16:23:27,970 P89007 INFO Clients average loss: 0.6935949921607971
2026-06-24 16:23:27,972 P89007 INFO [Time] turn=80 local_train_time=5.7873s avg_client_train_time=0.009582s max_client_train_time=0.024906s min_client_train_time=0.006102s median_client_train_time=0.008382s aggregation_time=0.1591s round_time=6.4680s
2026-06-24 16:23:27,973 P89007 INFO ********* Train Turn 81 *********
2026-06-24 16:23:35,269 P89007 INFO Clients average loss: 0.693894624710083
2026-06-24 16:23:35,271 P89007 INFO [Time] turn=81 local_train_time=6.6103s avg_client_train_time=0.010944s max_client_train_time=0.049828s min_client_train_time=0.006084s median_client_train_time=0.009481s aggregation_time=0.1916s round_time=7.2982s
2026-06-24 16:23:35,271 P89007 INFO ********* Train Turn 82 *********
2026-06-24 16:23:43,028 P89007 INFO Clients average loss: 0.6938406825065613
2026-06-24 16:23:43,032 P89007 INFO [Time] turn=82 local_train_time=7.0924s avg_client_train_time=0.011742s max_client_train_time=0.038996s min_client_train_time=0.006088s median_client_train_time=0.010005s aggregation_time=0.1618s round_time=7.7612s
2026-06-24 16:23:43,032 P89007 INFO ********* Train Turn 83 *********
2026-06-24 16:23:51,013 P89007 INFO Clients average loss: 0.6937628984451294
2026-06-24 16:23:51,014 P89007 INFO [Time] turn=83 local_train_time=7.2988s avg_client_train_time=0.012084s max_client_train_time=0.056973s min_client_train_time=0.005836s median_client_train_time=0.010189s aggregation_time=0.1652s round_time=7.9817s
2026-06-24 16:23:51,014 P89007 INFO ********* Train Turn 84 *********
2026-06-24 16:23:58,590 P89007 INFO Clients average loss: 0.6934171915054321
2026-06-24 16:23:58,591 P89007 INFO [Time] turn=84 local_train_time=6.9166s avg_client_train_time=0.011451s max_client_train_time=0.030818s min_client_train_time=0.006200s median_client_train_time=0.009771s aggregation_time=0.1566s round_time=7.5764s
2026-06-24 16:23:58,591 P89007 INFO ********* Train Turn 85 *********
2026-06-24 16:24:06,267 P89007 INFO Clients average loss: 0.693802535533905
2026-06-24 16:24:06,269 P89007 INFO [Time] turn=85 local_train_time=6.9827s avg_client_train_time=0.011561s max_client_train_time=0.038671s min_client_train_time=0.006161s median_client_train_time=0.009827s aggregation_time=0.1924s round_time=7.6783s
2026-06-24 16:24:06,269 P89007 INFO ********* Train Turn 86 *********
2026-06-24 16:24:14,899 P89007 INFO Clients average loss: 0.6934774518013
2026-06-24 16:24:14,900 P89007 INFO [Time] turn=86 local_train_time=7.9598s avg_client_train_time=0.013179s max_client_train_time=0.092192s min_client_train_time=0.006272s median_client_train_time=0.010977s aggregation_time=0.1607s round_time=8.6308s
2026-06-24 16:24:14,900 P89007 INFO ********* Train Turn 87 *********
2026-06-24 16:24:23,021 P89007 INFO Clients average loss: 0.6932903528213501
2026-06-24 16:24:23,022 P89007 INFO [Time] turn=87 local_train_time=7.4559s avg_client_train_time=0.012344s max_client_train_time=0.052899s min_client_train_time=0.006265s median_client_train_time=0.010452s aggregation_time=0.1709s round_time=8.1219s
2026-06-24 16:24:23,023 P89007 INFO ********* Train Turn 88 *********
2026-06-24 16:24:31,057 P89007 INFO Clients average loss: 0.6938643455505371
2026-06-24 16:24:31,058 P89007 INFO [Time] turn=88 local_train_time=7.3944s avg_client_train_time=0.012242s max_client_train_time=0.046578s min_client_train_time=0.006244s median_client_train_time=0.010457s aggregation_time=0.1464s round_time=8.0354s
2026-06-24 16:24:31,058 P89007 INFO ********* Train Turn 89 *********
2026-06-24 16:24:39,351 P89007 INFO Clients average loss: 0.6933632493019104
2026-06-24 16:24:39,352 P89007 INFO [Time] turn=89 local_train_time=7.6541s avg_client_train_time=0.012672s max_client_train_time=0.045203s min_client_train_time=0.006635s median_client_train_time=0.010713s aggregation_time=0.1447s round_time=8.2938s
2026-06-24 16:24:39,352 P89007 INFO ********* Eval @ Turn 89 *********
2026-06-24 16:24:39,352 P89007 INFO [EvalRoundClientTime] turn=89 avg=0.012672s max=0.045203s min=0.006635s median=0.010713s
2026-06-24 16:24:46,211 P89007 INFO [Metrics] logloss: 0.112322 - MRR: 0.191869 - NDCG(5): 0.181699 - HR(5): 0.264570 - NDCG(10): 0.222168 - HR(10): 0.390397 - NDCG(20): 0.261194 - HR(20): 0.545530 - NDCG(50): 0.307550 - HR(50): 0.779967
2026-06-24 16:24:46,213 P89007 INFO [Time] eval_time=6.8610s
2026-06-24 16:24:46,213 P89007 INFO ********* Train Turn 90 *********
2026-06-24 16:24:53,974 P89007 INFO Clients average loss: 0.6931365728378296
2026-06-24 16:24:53,974 P89007 INFO [Time] turn=90 local_train_time=7.0920s avg_client_train_time=0.011742s max_client_train_time=0.041818s min_client_train_time=0.006362s median_client_train_time=0.010085s aggregation_time=0.1594s round_time=7.7606s
2026-06-24 16:24:53,974 P89007 INFO ********* Train Turn 91 *********
2026-06-24 16:25:03,433 P89007 INFO Clients average loss: 0.6931539177894592
2026-06-24 16:25:03,435 P89007 INFO [Time] turn=91 local_train_time=8.7455s avg_client_train_time=0.014479s max_client_train_time=0.075621s min_client_train_time=0.006362s median_client_train_time=0.011974s aggregation_time=0.1547s round_time=9.4612s
2026-06-24 16:25:03,435 P89007 INFO ********* Train Turn 92 *********
2026-06-24 16:25:13,932 P89007 INFO Clients average loss: 0.6933109760284424
2026-06-24 16:25:13,933 P89007 INFO [Time] turn=92 local_train_time=9.6501s avg_client_train_time=0.015977s max_client_train_time=0.096666s min_client_train_time=0.006439s median_client_train_time=0.012712s aggregation_time=0.2571s round_time=10.4975s
2026-06-24 16:25:13,933 P89007 INFO ********* Train Turn 93 *********
2026-06-24 16:25:22,770 P89007 INFO Clients average loss: 0.6934288144111633
2026-06-24 16:25:22,771 P89007 INFO [Time] turn=93 local_train_time=8.1776s avg_client_train_time=0.013539s max_client_train_time=0.049237s min_client_train_time=0.006869s median_client_train_time=0.011391s aggregation_time=0.1467s round_time=8.8380s
2026-06-24 16:25:22,771 P89007 INFO ********* Train Turn 94 *********
2026-06-24 16:25:31,763 P89007 INFO Clients average loss: 0.6935161352157593
2026-06-24 16:25:31,764 P89007 INFO [Time] turn=94 local_train_time=8.3259s avg_client_train_time=0.013785s max_client_train_time=0.045768s min_client_train_time=0.006254s median_client_train_time=0.011783s aggregation_time=0.1536s round_time=8.9930s
2026-06-24 16:25:31,764 P89007 INFO ********* Train Turn 95 *********
2026-06-24 16:25:40,332 P89007 INFO Clients average loss: 0.6933874487876892
2026-06-24 16:25:40,334 P89007 INFO [Time] turn=95 local_train_time=7.9102s avg_client_train_time=0.013096s max_client_train_time=0.042604s min_client_train_time=0.006403s median_client_train_time=0.011108s aggregation_time=0.1608s round_time=8.5694s
2026-06-24 16:25:40,334 P89007 INFO ********* Train Turn 96 *********
2026-06-24 16:25:48,617 P89007 INFO Clients average loss: 0.6929255723953247
2026-06-24 16:25:48,618 P89007 INFO [Time] turn=96 local_train_time=7.6387s avg_client_train_time=0.012647s max_client_train_time=0.040118s min_client_train_time=0.006058s median_client_train_time=0.010981s aggregation_time=0.1487s round_time=8.2841s
2026-06-24 16:25:48,618 P89007 INFO ********* Train Turn 97 *********
2026-06-24 16:25:57,081 P89007 INFO Clients average loss: 0.6934178471565247
2026-06-24 16:25:57,085 P89007 INFO [Time] turn=97 local_train_time=7.8059s avg_client_train_time=0.012924s max_client_train_time=0.047263s min_client_train_time=0.006392s median_client_train_time=0.011140s aggregation_time=0.1591s round_time=8.4668s
2026-06-24 16:25:57,085 P89007 INFO ********* Train Turn 98 *********
2026-06-24 16:26:05,692 P89007 INFO Clients average loss: 0.6932875514030457
2026-06-24 16:26:05,694 P89007 INFO [Time] turn=98 local_train_time=7.9471s avg_client_train_time=0.013157s max_client_train_time=0.057356s min_client_train_time=0.006150s median_client_train_time=0.011280s aggregation_time=0.1523s round_time=8.6086s
2026-06-24 16:26:05,694 P89007 INFO ********* Train Turn 99 *********
2026-06-24 16:26:14,473 P89007 INFO Clients average loss: 0.6929128170013428
2026-06-24 16:26:14,473 P89007 INFO [Time] turn=99 local_train_time=8.1248s avg_client_train_time=0.013452s max_client_train_time=0.042860s min_client_train_time=0.006811s median_client_train_time=0.011284s aggregation_time=0.1503s round_time=8.7789s
2026-06-24 16:26:14,473 P89007 INFO ********* Eval @ Turn 99 *********
2026-06-24 16:26:14,473 P89007 INFO [EvalRoundClientTime] turn=99 avg=0.013452s max=0.042860s min=0.006811s median=0.011284s
2026-06-24 16:26:21,199 P89007 INFO [Metrics] logloss: 0.123870 - MRR: 0.209459 - NDCG(5): 0.197191 - HR(5): 0.285430 - NDCG(10): 0.246528 - HR(10): 0.438742 - NDCG(20): 0.289606 - HR(20): 0.608940 - NDCG(50): 0.332787 - HR(50): 0.826656
2026-06-24 16:26:21,201 P89007 INFO [Time] eval_time=6.7277s
2026-06-24 16:26:21,201 P89007 INFO ********* Train Turn 100 *********
2026-06-24 16:26:29,238 P89007 INFO Clients average loss: 0.6931341290473938
2026-06-24 16:26:29,239 P89007 INFO [Time] turn=100 local_train_time=7.2727s avg_client_train_time=0.012041s max_client_train_time=0.038781s min_client_train_time=0.006122s median_client_train_time=0.010391s aggregation_time=0.1682s round_time=8.0376s
2026-06-24 16:26:29,239 P89007 INFO ********* Train Turn 101 *********
2026-06-24 16:26:37,489 P89007 INFO Clients average loss: 0.6933707594871521
2026-06-24 16:26:37,490 P89007 INFO [Time] turn=101 local_train_time=7.6068s avg_client_train_time=0.012594s max_client_train_time=0.039521s min_client_train_time=0.006291s median_client_train_time=0.010809s aggregation_time=0.1499s round_time=8.2515s
2026-06-24 16:26:37,490 P89007 INFO ********* Train Turn 102 *********
2026-06-24 16:26:45,870 P89007 INFO Clients average loss: 0.6930581331253052
2026-06-24 16:26:45,870 P89007 INFO [Time] turn=102 local_train_time=7.7383s avg_client_train_time=0.012812s max_client_train_time=0.043142s min_client_train_time=0.006269s median_client_train_time=0.010759s aggregation_time=0.1461s round_time=8.3795s
2026-06-24 16:26:45,870 P89007 INFO ********* Train Turn 103 *********
2026-06-24 16:26:54,426 P89007 INFO Clients average loss: 0.6934089660644531
2026-06-24 16:26:54,426 P89007 INFO [Time] turn=103 local_train_time=7.9097s avg_client_train_time=0.013096s max_client_train_time=0.041890s min_client_train_time=0.006458s median_client_train_time=0.010992s aggregation_time=0.1491s round_time=8.5558s
2026-06-24 16:26:54,426 P89007 INFO ********* Train Turn 104 *********
2026-06-24 16:27:02,798 P89007 INFO Clients average loss: 0.6932854056358337
2026-06-24 16:27:02,798 P89007 INFO [Time] turn=104 local_train_time=7.7273s avg_client_train_time=0.012794s max_client_train_time=0.045962s min_client_train_time=0.006097s median_client_train_time=0.010893s aggregation_time=0.1502s round_time=8.3718s
2026-06-24 16:27:02,798 P89007 INFO ********* Train Turn 105 *********
2026-06-24 16:27:11,132 P89007 INFO Clients average loss: 0.6934682130813599
2026-06-24 16:27:11,132 P89007 INFO [Time] turn=105 local_train_time=7.6943s avg_client_train_time=0.012739s max_client_train_time=0.039896s min_client_train_time=0.006425s median_client_train_time=0.011074s aggregation_time=0.1435s round_time=8.3340s
2026-06-24 16:27:11,132 P89007 INFO ********* Train Turn 106 *********
2026-06-24 16:27:20,488 P89007 INFO Clients average loss: 0.692829430103302
2026-06-24 16:27:20,492 P89007 INFO [Time] turn=106 local_train_time=8.6260s avg_client_train_time=0.014282s max_client_train_time=0.079446s min_client_train_time=0.006145s median_client_train_time=0.011923s aggregation_time=0.2046s round_time=9.3597s
2026-06-24 16:27:20,492 P89007 INFO ********* Train Turn 107 *********
2026-06-24 16:27:29,481 P89007 INFO Clients average loss: 0.6926501989364624
2026-06-24 16:27:29,481 P89007 INFO [Time] turn=107 local_train_time=8.3311s avg_client_train_time=0.013793s max_client_train_time=0.048767s min_client_train_time=0.006289s median_client_train_time=0.011600s aggregation_time=0.1434s round_time=8.9884s
2026-06-24 16:27:29,481 P89007 INFO ********* Train Turn 108 *********
2026-06-24 16:27:37,939 P89007 INFO Clients average loss: 0.6931359767913818
2026-06-24 16:27:37,939 P89007 INFO [Time] turn=108 local_train_time=7.8077s avg_client_train_time=0.012927s max_client_train_time=0.042910s min_client_train_time=0.006438s median_client_train_time=0.011195s aggregation_time=0.1549s round_time=8.4579s
2026-06-24 16:27:37,939 P89007 INFO ********* Train Turn 109 *********
2026-06-24 16:27:47,162 P89007 INFO Clients average loss: 0.6928122639656067
2026-06-24 16:27:47,162 P89007 INFO [Time] turn=109 local_train_time=8.5340s avg_client_train_time=0.014129s max_client_train_time=0.148501s min_client_train_time=0.007076s median_client_train_time=0.011519s aggregation_time=0.1804s round_time=9.2228s
2026-06-24 16:27:47,162 P89007 INFO ********* Eval @ Turn 109 *********
2026-06-24 16:27:47,162 P89007 INFO [EvalRoundClientTime] turn=109 avg=0.014129s max=0.148501s min=0.007076s median=0.011519s
2026-06-24 16:27:54,548 P89007 INFO [Metrics] logloss: 0.107490 - MRR: 0.221966 - NDCG(5): 0.209638 - HR(5): 0.308444 - NDCG(10): 0.271328 - HR(10): 0.500993 - NDCG(20): 0.313528 - HR(20): 0.666556 - NDCG(50): 0.349156 - HR(50): 0.845695
2026-06-24 16:27:54,550 P89007 INFO [Time] eval_time=7.3875s
2026-06-24 16:27:54,550 P89007 INFO ********* Train Turn 110 *********
2026-06-24 16:28:02,308 P89007 INFO Clients average loss: 0.6925522685050964
2026-06-24 16:28:02,308 P89007 INFO [Time] turn=110 local_train_time=7.0705s avg_client_train_time=0.011706s max_client_train_time=0.037600s min_client_train_time=0.006158s median_client_train_time=0.009963s aggregation_time=0.1692s round_time=7.7586s
2026-06-24 16:28:02,308 P89007 INFO ********* Train Turn 111 *********
2026-06-24 16:28:10,602 P89007 INFO Clients average loss: 0.6928901076316833
2026-06-24 16:28:10,603 P89007 INFO [Time] turn=111 local_train_time=7.6523s avg_client_train_time=0.012669s max_client_train_time=0.041793s min_client_train_time=0.006441s median_client_train_time=0.010698s aggregation_time=0.1476s round_time=8.2948s
2026-06-24 16:28:10,603 P89007 INFO ********* Train Turn 112 *********
2026-06-24 16:28:18,688 P89007 INFO Clients average loss: 0.6928645968437195
2026-06-24 16:28:18,690 P89007 INFO [Time] turn=112 local_train_time=7.4477s avg_client_train_time=0.012331s max_client_train_time=0.037652s min_client_train_time=0.006230s median_client_train_time=0.010687s aggregation_time=0.1451s round_time=8.0862s
2026-06-24 16:28:18,690 P89007 INFO ********* Train Turn 113 *********
2026-06-24 16:28:27,169 P89007 INFO Clients average loss: 0.6927165985107422
2026-06-24 16:28:27,169 P89007 INFO [Time] turn=113 local_train_time=7.8330s avg_client_train_time=0.012968s max_client_train_time=0.042948s min_client_train_time=0.006382s median_client_train_time=0.010887s aggregation_time=0.1515s round_time=8.4792s
2026-06-24 16:28:27,169 P89007 INFO ********* Train Turn 114 *********
2026-06-24 16:28:35,429 P89007 INFO Clients average loss: 0.6925353407859802
2026-06-24 16:28:35,430 P89007 INFO [Time] turn=114 local_train_time=7.6155s avg_client_train_time=0.012608s max_client_train_time=0.041650s min_client_train_time=0.006282s median_client_train_time=0.010856s aggregation_time=0.1517s round_time=8.2603s
2026-06-24 16:28:35,430 P89007 INFO ********* Train Turn 115 *********
2026-06-24 16:28:43,637 P89007 INFO Clients average loss: 0.6925804615020752
2026-06-24 16:28:43,638 P89007 INFO [Time] turn=115 local_train_time=7.5706s avg_client_train_time=0.012534s max_client_train_time=0.056227s min_client_train_time=0.006933s median_client_train_time=0.010541s aggregation_time=0.1446s round_time=8.2085s
2026-06-24 16:28:43,638 P89007 INFO ********* Train Turn 116 *********
2026-06-24 16:28:52,000 P89007 INFO Clients average loss: 0.692558765411377
2026-06-24 16:28:52,000 P89007 INFO [Time] turn=116 local_train_time=7.7174s avg_client_train_time=0.012777s max_client_train_time=0.046895s min_client_train_time=0.006398s median_client_train_time=0.010730s aggregation_time=0.1511s round_time=8.3620s
2026-06-24 16:28:52,000 P89007 INFO ********* Train Turn 117 *********
2026-06-24 16:29:00,359 P89007 INFO Clients average loss: 0.6923444867134094
2026-06-24 16:29:00,361 P89007 INFO [Time] turn=117 local_train_time=7.7142s avg_client_train_time=0.012772s max_client_train_time=0.040487s min_client_train_time=0.006114s median_client_train_time=0.011067s aggregation_time=0.1477s round_time=8.3600s
2026-06-24 16:29:00,361 P89007 INFO ********* Train Turn 118 *********
2026-06-24 16:29:09,427 P89007 INFO Clients average loss: 0.6925140619277954
2026-06-24 16:29:09,428 P89007 INFO [Time] turn=118 local_train_time=8.3918s avg_client_train_time=0.013894s max_client_train_time=0.044408s min_client_train_time=0.006162s median_client_train_time=0.011601s aggregation_time=0.1497s round_time=9.0673s
2026-06-24 16:29:09,428 P89007 INFO ********* Train Turn 119 *********
2026-06-24 16:29:18,076 P89007 INFO Clients average loss: 0.6922876834869385
2026-06-24 16:29:18,076 P89007 INFO [Time] turn=119 local_train_time=8.0062s avg_client_train_time=0.013255s max_client_train_time=0.045509s min_client_train_time=0.006545s median_client_train_time=0.011105s aggregation_time=0.1445s round_time=8.6479s
2026-06-24 16:29:18,076 P89007 INFO ********* Eval @ Turn 119 *********
2026-06-24 16:29:18,076 P89007 INFO [EvalRoundClientTime] turn=119 avg=0.013255s max=0.045509s min=0.006545s median=0.011105s
2026-06-24 16:29:24,787 P89007 INFO [Metrics] logloss: 0.106199 - MRR: 0.239902 - NDCG(5): 0.228415 - HR(5): 0.330132 - NDCG(10): 0.289204 - HR(10): 0.518874 - NDCG(20): 0.334666 - HR(20): 0.697682 - NDCG(50): 0.368450 - HR(50): 0.867219
2026-06-24 16:29:24,788 P89007 INFO [Time] eval_time=6.7120s
2026-06-24 16:29:24,788 P89007 INFO ********* Train Turn 120 *********
2026-06-24 16:29:32,706 P89007 INFO Clients average loss: 0.6922047138214111
2026-06-24 16:29:32,707 P89007 INFO [Time] turn=120 local_train_time=7.1450s avg_client_train_time=0.011829s max_client_train_time=0.049073s min_client_train_time=0.006292s median_client_train_time=0.009972s aggregation_time=0.1642s round_time=7.9186s
2026-06-24 16:29:32,707 P89007 INFO ********* Train Turn 121 *********
2026-06-24 16:29:40,958 P89007 INFO Clients average loss: 0.6920104026794434
2026-06-24 16:29:40,958 P89007 INFO [Time] turn=121 local_train_time=7.6112s avg_client_train_time=0.012601s max_client_train_time=0.044907s min_client_train_time=0.006306s median_client_train_time=0.010742s aggregation_time=0.1459s round_time=8.2508s
2026-06-24 16:29:40,958 P89007 INFO ********* Train Turn 122 *********
2026-06-24 16:29:49,164 P89007 INFO Clients average loss: 0.6915274858474731
2026-06-24 16:29:49,165 P89007 INFO [Time] turn=122 local_train_time=7.5666s avg_client_train_time=0.012527s max_client_train_time=0.041918s min_client_train_time=0.006254s median_client_train_time=0.010701s aggregation_time=0.1472s round_time=8.2070s
2026-06-24 16:29:49,165 P89007 INFO ********* Train Turn 123 *********
2026-06-24 16:29:57,375 P89007 INFO Clients average loss: 0.6919824481010437
2026-06-24 16:29:57,376 P89007 INFO [Time] turn=123 local_train_time=7.5718s avg_client_train_time=0.012536s max_client_train_time=0.040076s min_client_train_time=0.006207s median_client_train_time=0.010706s aggregation_time=0.1456s round_time=8.2104s
2026-06-24 16:29:57,376 P89007 INFO ********* Train Turn 124 *********
2026-06-24 16:30:05,717 P89007 INFO Clients average loss: 0.6917681097984314
2026-06-24 16:30:05,718 P89007 INFO [Time] turn=124 local_train_time=7.7018s avg_client_train_time=0.012751s max_client_train_time=0.043238s min_client_train_time=0.006172s median_client_train_time=0.010654s aggregation_time=0.1481s round_time=8.3424s
2026-06-24 16:30:05,718 P89007 INFO ********* Train Turn 125 *********
2026-06-24 16:30:14,039 P89007 INFO Clients average loss: 0.691580057144165
2026-06-24 16:30:14,040 P89007 INFO [Time] turn=125 local_train_time=7.6792s avg_client_train_time=0.012714s max_client_train_time=0.039484s min_client_train_time=0.006149s median_client_train_time=0.010891s aggregation_time=0.1493s round_time=8.3217s
2026-06-24 16:30:14,040 P89007 INFO ********* Train Turn 126 *********
2026-06-24 16:30:22,256 P89007 INFO Clients average loss: 0.6914564967155457
2026-06-24 16:30:22,258 P89007 INFO [Time] turn=126 local_train_time=7.5739s avg_client_train_time=0.012540s max_client_train_time=0.045205s min_client_train_time=0.006144s median_client_train_time=0.010725s aggregation_time=0.1505s round_time=8.2177s
2026-06-24 16:30:22,258 P89007 INFO ********* Train Turn 127 *********
2026-06-24 16:30:30,485 P89007 INFO Clients average loss: 0.6911289095878601
2026-06-24 16:30:30,485 P89007 INFO [Time] turn=127 local_train_time=7.5859s avg_client_train_time=0.012560s max_client_train_time=0.038035s min_client_train_time=0.006179s median_client_train_time=0.010804s aggregation_time=0.1436s round_time=8.2269s
2026-06-24 16:30:30,485 P89007 INFO ********* Train Turn 128 *********
2026-06-24 16:30:39,012 P89007 INFO Clients average loss: 0.6912425756454468
2026-06-24 16:30:39,014 P89007 INFO [Time] turn=128 local_train_time=7.8443s avg_client_train_time=0.012987s max_client_train_time=0.041519s min_client_train_time=0.006477s median_client_train_time=0.011109s aggregation_time=0.1850s round_time=8.5284s
2026-06-24 16:30:39,014 P89007 INFO ********* Train Turn 129 *********
2026-06-24 16:30:50,174 P89007 INFO Clients average loss: 0.6915199756622314
2026-06-24 16:30:50,177 P89007 INFO [Time] turn=129 local_train_time=10.1172s avg_client_train_time=0.016750s max_client_train_time=0.166124s min_client_train_time=0.007078s median_client_train_time=0.013094s aggregation_time=0.3770s round_time=11.1631s
2026-06-24 16:30:50,177 P89007 INFO ********* Eval @ Turn 129 *********
2026-06-24 16:30:50,177 P89007 INFO [EvalRoundClientTime] turn=129 avg=0.016750s max=0.166124s min=0.007078s median=0.013094s
2026-06-24 16:30:57,497 P89007 INFO [Metrics] logloss: 0.092532 - MRR: 0.246055 - NDCG(5): 0.238946 - HR(5): 0.351325 - NDCG(10): 0.297910 - HR(10): 0.534272 - NDCG(20): 0.343697 - HR(20): 0.714238 - NDCG(50): 0.376075 - HR(50): 0.876325
2026-06-24 16:30:57,499 P89007 INFO [Time] eval_time=7.3214s
2026-06-24 16:30:57,499 P89007 INFO ********* Train Turn 130 *********
2026-06-24 16:31:05,081 P89007 INFO Clients average loss: 0.6911311149597168
2026-06-24 16:31:05,081 P89007 INFO [Time] turn=130 local_train_time=6.9066s avg_client_train_time=0.011435s max_client_train_time=0.099564s min_client_train_time=0.006088s median_client_train_time=0.009814s aggregation_time=0.1648s round_time=7.5825s
2026-06-24 16:31:05,081 P89007 INFO ********* Train Turn 131 *********
2026-06-24 16:31:13,640 P89007 INFO Clients average loss: 0.690899670124054
2026-06-24 16:31:13,640 P89007 INFO [Time] turn=131 local_train_time=7.9007s avg_client_train_time=0.013081s max_client_train_time=0.050680s min_client_train_time=0.006462s median_client_train_time=0.011116s aggregation_time=0.1531s round_time=8.5584s
2026-06-24 16:31:13,640 P89007 INFO ********* Train Turn 132 *********
2026-06-24 16:31:22,189 P89007 INFO Clients average loss: 0.6906954050064087
2026-06-24 16:31:22,190 P89007 INFO [Time] turn=132 local_train_time=7.9079s avg_client_train_time=0.013093s max_client_train_time=0.042910s min_client_train_time=0.006354s median_client_train_time=0.010953s aggregation_time=0.1476s round_time=8.5504s
2026-06-24 16:31:22,191 P89007 INFO ********* Train Turn 133 *********
2026-06-24 16:31:30,597 P89007 INFO Clients average loss: 0.6901993155479431
2026-06-24 16:31:30,598 P89007 INFO [Time] turn=133 local_train_time=7.7657s avg_client_train_time=0.012857s max_client_train_time=0.037995s min_client_train_time=0.006193s median_client_train_time=0.011020s aggregation_time=0.1477s round_time=8.4075s
2026-06-24 16:31:30,598 P89007 INFO ********* Train Turn 134 *********
2026-06-24 16:31:39,085 P89007 INFO Clients average loss: 0.6900873780250549
2026-06-24 16:31:39,086 P89007 INFO [Time] turn=134 local_train_time=7.8443s avg_client_train_time=0.012987s max_client_train_time=0.039093s min_client_train_time=0.006028s median_client_train_time=0.011083s aggregation_time=0.1505s round_time=8.4880s
2026-06-24 16:31:39,086 P89007 INFO ********* Train Turn 135 *********
2026-06-24 16:31:47,604 P89007 INFO Clients average loss: 0.6896899342536926
2026-06-24 16:31:47,604 P89007 INFO [Time] turn=135 local_train_time=7.8781s avg_client_train_time=0.013043s max_client_train_time=0.048065s min_client_train_time=0.006451s median_client_train_time=0.010990s aggregation_time=0.1433s round_time=8.5177s
2026-06-24 16:31:47,604 P89007 INFO ********* Train Turn 136 *********
2026-06-24 16:31:56,059 P89007 INFO Clients average loss: 0.6897608041763306
2026-06-24 16:31:56,060 P89007 INFO [Time] turn=136 local_train_time=7.8093s avg_client_train_time=0.012929s max_client_train_time=0.055537s min_client_train_time=0.006292s median_client_train_time=0.011099s aggregation_time=0.1517s round_time=8.4558s
2026-06-24 16:31:56,060 P89007 INFO ********* Train Turn 137 *********
2026-06-24 16:32:04,502 P89007 INFO Clients average loss: 0.6890566945075989
2026-06-24 16:32:04,502 P89007 INFO [Time] turn=137 local_train_time=7.8030s avg_client_train_time=0.012919s max_client_train_time=0.054434s min_client_train_time=0.006437s median_client_train_time=0.010940s aggregation_time=0.1460s round_time=8.4419s
2026-06-24 16:32:04,502 P89007 INFO ********* Train Turn 138 *********
2026-06-24 16:32:12,740 P89007 INFO Clients average loss: 0.6888494491577148
2026-06-24 16:32:12,741 P89007 INFO [Time] turn=138 local_train_time=7.5979s avg_client_train_time=0.012579s max_client_train_time=0.043122s min_client_train_time=0.006541s median_client_train_time=0.010731s aggregation_time=0.1466s round_time=8.2383s
2026-06-24 16:32:12,741 P89007 INFO ********* Train Turn 139 *********
2026-06-24 16:32:21,171 P89007 INFO Clients average loss: 0.6891451478004456
2026-06-24 16:32:21,172 P89007 INFO [Time] turn=139 local_train_time=7.7901s avg_client_train_time=0.012897s max_client_train_time=0.040891s min_client_train_time=0.006149s median_client_train_time=0.011209s aggregation_time=0.1454s round_time=8.4307s
2026-06-24 16:32:21,172 P89007 INFO ********* Eval @ Turn 139 *********
2026-06-24 16:32:21,172 P89007 INFO [EvalRoundClientTime] turn=139 avg=0.012897s max=0.040891s min=0.006149s median=0.011209s
2026-06-24 16:32:27,739 P89007 INFO [Metrics] logloss: 0.083215 - MRR: 0.230688 - NDCG(5): 0.229119 - HR(5): 0.359934 - NDCG(10): 0.288964 - HR(10): 0.545199 - NDCG(20): 0.338036 - HR(20): 0.737748 - NDCG(50): 0.365678 - HR(50): 0.877152
2026-06-24 16:32:27,741 P89007 INFO [Time] eval_time=6.5690s
2026-06-24 16:32:27,741 P89007 INFO ********* Train Turn 140 *********
2026-06-24 16:32:35,856 P89007 INFO Clients average loss: 0.6886813044548035
2026-06-24 16:32:35,857 P89007 INFO [Time] turn=140 local_train_time=7.3616s avg_client_train_time=0.012188s max_client_train_time=0.040415s min_client_train_time=0.006375s median_client_train_time=0.010304s aggregation_time=0.1694s round_time=8.1162s
2026-06-24 16:32:35,857 P89007 INFO ********* Train Turn 141 *********
2026-06-24 16:32:44,469 P89007 INFO Clients average loss: 0.6875005960464478
2026-06-24 16:32:44,470 P89007 INFO [Time] turn=141 local_train_time=7.9603s avg_client_train_time=0.013179s max_client_train_time=0.044095s min_client_train_time=0.006480s median_client_train_time=0.011201s aggregation_time=0.1474s round_time=8.6126s
2026-06-24 16:32:44,470 P89007 INFO ********* Train Turn 142 *********
2026-06-24 16:32:53,325 P89007 INFO Clients average loss: 0.6877936124801636
2026-06-24 16:32:53,325 P89007 INFO [Time] turn=142 local_train_time=8.2047s avg_client_train_time=0.013584s max_client_train_time=0.049330s min_client_train_time=0.006120s median_client_train_time=0.011466s aggregation_time=0.1424s round_time=8.8551s
2026-06-24 16:32:53,325 P89007 INFO ********* Train Turn 143 *********
2026-06-24 16:33:02,342 P89007 INFO Clients average loss: 0.6876561641693115
2026-06-24 16:33:02,342 P89007 INFO [Time] turn=143 local_train_time=8.3485s avg_client_train_time=0.013822s max_client_train_time=0.044995s min_client_train_time=0.006753s median_client_train_time=0.011805s aggregation_time=0.1492s round_time=9.0172s
2026-06-24 16:33:02,343 P89007 INFO ********* Train Turn 144 *********
2026-06-24 16:33:10,994 P89007 INFO Clients average loss: 0.6866592168807983
2026-06-24 16:33:10,996 P89007 INFO [Time] turn=144 local_train_time=8.0050s avg_client_train_time=0.013253s max_client_train_time=0.044934s min_client_train_time=0.006217s median_client_train_time=0.011130s aggregation_time=0.1475s round_time=8.6532s
2026-06-24 16:33:10,996 P89007 INFO ********* Train Turn 145 *********
2026-06-24 16:33:19,469 P89007 INFO Clients average loss: 0.686792254447937
2026-06-24 16:33:19,472 P89007 INFO [Time] turn=145 local_train_time=7.8262s avg_client_train_time=0.012957s max_client_train_time=0.043065s min_client_train_time=0.006490s median_client_train_time=0.011168s aggregation_time=0.1501s round_time=8.4756s
2026-06-24 16:33:19,472 P89007 INFO ********* Train Turn 146 *********
2026-06-24 16:33:27,823 P89007 INFO Clients average loss: 0.6853384971618652
2026-06-24 16:33:27,823 P89007 INFO [Time] turn=146 local_train_time=7.7129s avg_client_train_time=0.012770s max_client_train_time=0.045180s min_client_train_time=0.006181s median_client_train_time=0.011076s aggregation_time=0.1442s round_time=8.3517s
2026-06-24 16:33:27,823 P89007 INFO ********* Train Turn 147 *********
2026-06-24 16:33:36,246 P89007 INFO Clients average loss: 0.685400128364563
2026-06-24 16:33:36,246 P89007 INFO [Time] turn=147 local_train_time=7.7797s avg_client_train_time=0.012880s max_client_train_time=0.042273s min_client_train_time=0.006402s median_client_train_time=0.011093s aggregation_time=0.1477s round_time=8.4229s
2026-06-24 16:33:36,247 P89007 INFO ********* Train Turn 148 *********
2026-06-24 16:33:44,593 P89007 INFO Clients average loss: 0.6846014261245728
2026-06-24 16:33:44,593 P89007 INFO [Time] turn=148 local_train_time=7.7002s avg_client_train_time=0.012749s max_client_train_time=0.039875s min_client_train_time=0.006403s median_client_train_time=0.011194s aggregation_time=0.1504s round_time=8.3466s
2026-06-24 16:33:44,593 P89007 INFO ********* Train Turn 149 *********
2026-06-24 16:33:53,091 P89007 INFO Clients average loss: 0.6833409667015076
2026-06-24 16:33:53,092 P89007 INFO [Time] turn=149 local_train_time=7.8606s avg_client_train_time=0.013014s max_client_train_time=0.056210s min_client_train_time=0.006380s median_client_train_time=0.010963s aggregation_time=0.1432s round_time=8.4988s
2026-06-24 16:33:53,092 P89007 INFO ********* Eval @ Turn 149 *********
2026-06-24 16:33:53,092 P89007 INFO [EvalRoundClientTime] turn=149 avg=0.013014s max=0.056210s min=0.006380s median=0.010963s
2026-06-24 16:33:59,948 P89007 INFO [Metrics] logloss: 0.077715 - MRR: 0.221475 - NDCG(5): 0.229148 - HR(5): 0.380629 - NDCG(10): 0.281928 - HR(10): 0.544205 - NDCG(20): 0.333309 - HR(20): 0.746192 - NDCG(50): 0.359186 - HR(50): 0.877815
2026-06-24 16:33:59,949 P89007 INFO [Time] eval_time=6.8571s
2026-06-24 16:33:59,949 P89007 INFO ********* Train Turn 150 *********
2026-06-24 16:34:07,277 P89007 INFO Clients average loss: 0.6826043128967285
2026-06-24 16:34:07,278 P89007 INFO [Time] turn=150 local_train_time=6.6576s avg_client_train_time=0.011023s max_client_train_time=0.034841s min_client_train_time=0.006203s median_client_train_time=0.009446s aggregation_time=0.1685s round_time=7.3278s
2026-06-24 16:34:07,278 P89007 INFO ********* Train Turn 151 *********
2026-06-24 16:34:15,326 P89007 INFO Clients average loss: 0.6819849014282227
2026-06-24 16:34:15,326 P89007 INFO [Time] turn=151 local_train_time=7.4048s avg_client_train_time=0.012260s max_client_train_time=0.040496s min_client_train_time=0.006031s median_client_train_time=0.010731s aggregation_time=0.1492s round_time=8.0486s
2026-06-24 16:34:15,326 P89007 INFO ********* Train Turn 152 *********
2026-06-24 16:34:23,605 P89007 INFO Clients average loss: 0.6808502078056335
2026-06-24 16:34:23,607 P89007 INFO [Time] turn=152 local_train_time=7.6332s avg_client_train_time=0.012638s max_client_train_time=0.039276s min_client_train_time=0.006173s median_client_train_time=0.010648s aggregation_time=0.1524s round_time=8.2801s
2026-06-24 16:34:23,607 P89007 INFO ********* Train Turn 153 *********
2026-06-24 16:34:31,754 P89007 INFO Clients average loss: 0.6810665726661682
2026-06-24 16:34:31,754 P89007 INFO [Time] turn=153 local_train_time=7.5038s avg_client_train_time=0.012423s max_client_train_time=0.042184s min_client_train_time=0.006143s median_client_train_time=0.010549s aggregation_time=0.1501s round_time=8.1472s
2026-06-24 16:34:31,754 P89007 INFO ********* Train Turn 154 *********
2026-06-24 16:34:40,238 P89007 INFO Clients average loss: 0.6793864965438843
2026-06-24 16:34:40,240 P89007 INFO [Time] turn=154 local_train_time=7.8340s avg_client_train_time=0.012970s max_client_train_time=0.065651s min_client_train_time=0.006755s median_client_train_time=0.010892s aggregation_time=0.1508s round_time=8.4863s
2026-06-24 16:34:40,240 P89007 INFO ********* Train Turn 155 *********
2026-06-24 16:34:48,892 P89007 INFO Clients average loss: 0.678163468837738
2026-06-24 16:34:48,892 P89007 INFO [Time] turn=155 local_train_time=8.0082s avg_client_train_time=0.013259s max_client_train_time=0.043458s min_client_train_time=0.006309s median_client_train_time=0.011237s aggregation_time=0.1480s round_time=8.6515s
2026-06-24 16:34:48,892 P89007 INFO ********* Train Turn 156 *********
2026-06-24 16:34:57,361 P89007 INFO Clients average loss: 0.6766948103904724
2026-06-24 16:34:57,361 P89007 INFO [Time] turn=156 local_train_time=7.8235s avg_client_train_time=0.012953s max_client_train_time=0.039906s min_client_train_time=0.006156s median_client_train_time=0.011155s aggregation_time=0.1454s round_time=8.4693s
2026-06-24 16:34:57,361 P89007 INFO ********* Train Turn 157 *********
2026-06-24 16:35:07,517 P89007 INFO Clients average loss: 0.6753037571907043
2026-06-24 16:35:07,518 P89007 INFO [Time] turn=157 local_train_time=9.3413s avg_client_train_time=0.015466s max_client_train_time=0.242300s min_client_train_time=0.006663s median_client_train_time=0.012244s aggregation_time=0.2422s round_time=10.1565s
2026-06-24 16:35:07,518 P89007 INFO ********* Train Turn 158 *********
2026-06-24 16:35:16,782 P89007 INFO Clients average loss: 0.673263669013977
2026-06-24 16:35:16,782 P89007 INFO [Time] turn=158 local_train_time=8.5681s avg_client_train_time=0.014186s max_client_train_time=0.060682s min_client_train_time=0.006813s median_client_train_time=0.012188s aggregation_time=0.1429s round_time=9.2641s
2026-06-24 16:35:16,782 P89007 INFO ********* Train Turn 159 *********
2026-06-24 16:35:25,541 P89007 INFO Clients average loss: 0.6720309257507324
2026-06-24 16:35:25,543 P89007 INFO [Time] turn=159 local_train_time=8.0937s avg_client_train_time=0.013400s max_client_train_time=0.082562s min_client_train_time=0.006887s median_client_train_time=0.011120s aggregation_time=0.1501s round_time=8.7602s
2026-06-24 16:35:25,543 P89007 INFO ********* Eval @ Turn 159 *********
2026-06-24 16:35:25,543 P89007 INFO [EvalRoundClientTime] turn=159 avg=0.013400s max=0.082562s min=0.006887s median=0.011120s
2026-06-24 16:35:32,911 P89007 INFO [Metrics] logloss: 0.090708 - MRR: 0.217742 - NDCG(5): 0.221616 - HR(5): 0.370861 - NDCG(10): 0.283535 - HR(10): 0.562583 - NDCG(20): 0.332098 - HR(20): 0.752483 - NDCG(50): 0.357403 - HR(50): 0.880629
2026-06-24 16:35:32,912 P89007 INFO [Time] eval_time=7.3692s
2026-06-24 16:35:32,912 P89007 INFO ********* Train Turn 160 *********
2026-06-24 16:35:40,618 P89007 INFO Clients average loss: 0.6691563725471497
2026-06-24 16:35:40,620 P89007 INFO [Time] turn=160 local_train_time=6.9809s avg_client_train_time=0.011558s max_client_train_time=0.040918s min_client_train_time=0.006177s median_client_train_time=0.009830s aggregation_time=0.2032s round_time=7.7071s
2026-06-24 16:35:40,620 P89007 INFO ********* Train Turn 161 *********
2026-06-24 16:35:49,062 P89007 INFO Clients average loss: 0.668378472328186
2026-06-24 16:35:49,062 P89007 INFO [Time] turn=161 local_train_time=7.7823s avg_client_train_time=0.012885s max_client_train_time=0.038556s min_client_train_time=0.006115s median_client_train_time=0.011186s aggregation_time=0.1576s round_time=8.4425s
2026-06-24 16:35:49,062 P89007 INFO ********* Train Turn 162 *********
2026-06-24 16:35:57,853 P89007 INFO Clients average loss: 0.6668207049369812
2026-06-24 16:35:57,853 P89007 INFO [Time] turn=162 local_train_time=8.0336s avg_client_train_time=0.013301s max_client_train_time=0.032179s min_client_train_time=0.006577s median_client_train_time=0.011162s aggregation_time=0.1685s round_time=8.7905s
2026-06-24 16:35:57,853 P89007 INFO ********* Train Turn 163 *********
2026-06-24 16:36:06,868 P89007 INFO Clients average loss: 0.6641656756401062
2026-06-24 16:36:06,869 P89007 INFO [Time] turn=163 local_train_time=8.3362s avg_client_train_time=0.013802s max_client_train_time=0.070030s min_client_train_time=0.006081s median_client_train_time=0.011592s aggregation_time=0.1708s round_time=9.0154s
2026-06-24 16:36:06,869 P89007 INFO ********* Train Turn 164 *********
2026-06-24 16:36:15,862 P89007 INFO Clients average loss: 0.6602743864059448
2026-06-24 16:36:15,864 P89007 INFO [Time] turn=164 local_train_time=8.3275s avg_client_train_time=0.013787s max_client_train_time=0.100910s min_client_train_time=0.006460s median_client_train_time=0.011668s aggregation_time=0.1458s round_time=8.9957s
2026-06-24 16:36:15,865 P89007 INFO ********* Train Turn 165 *********
2026-06-24 16:36:24,589 P89007 INFO Clients average loss: 0.6585986614227295
2026-06-24 16:36:24,589 P89007 INFO [Time] turn=165 local_train_time=8.0731s avg_client_train_time=0.013366s max_client_train_time=0.053678s min_client_train_time=0.006907s median_client_train_time=0.011262s aggregation_time=0.1509s round_time=8.7242s
2026-06-24 16:36:24,589 P89007 INFO ********* Train Turn 166 *********
2026-06-24 16:36:33,687 P89007 INFO Clients average loss: 0.6551849842071533
2026-06-24 16:36:33,688 P89007 INFO [Time] turn=166 local_train_time=8.4161s avg_client_train_time=0.013934s max_client_train_time=0.066424s min_client_train_time=0.006279s median_client_train_time=0.011735s aggregation_time=0.1496s round_time=9.0990s
2026-06-24 16:36:33,688 P89007 INFO ********* Train Turn 167 *********
2026-06-24 16:36:42,880 P89007 INFO Clients average loss: 0.6535900235176086
2026-06-24 16:36:42,881 P89007 INFO [Time] turn=167 local_train_time=8.5159s avg_client_train_time=0.014099s max_client_train_time=0.158279s min_client_train_time=0.006469s median_client_train_time=0.011690s aggregation_time=0.1566s round_time=9.1928s
2026-06-24 16:36:42,881 P89007 INFO ********* Train Turn 168 *********
2026-06-24 16:36:51,891 P89007 INFO Clients average loss: 0.6505476832389832
2026-06-24 16:36:51,891 P89007 INFO [Time] turn=168 local_train_time=8.3392s avg_client_train_time=0.013807s max_client_train_time=0.048115s min_client_train_time=0.006183s median_client_train_time=0.011730s aggregation_time=0.1530s round_time=9.0101s
2026-06-24 16:36:51,891 P89007 INFO ********* Train Turn 169 *********
2026-06-24 16:37:00,570 P89007 INFO Clients average loss: 0.6477009654045105
2026-06-24 16:37:00,572 P89007 INFO [Time] turn=169 local_train_time=8.0305s avg_client_train_time=0.013296s max_client_train_time=0.047559s min_client_train_time=0.006287s median_client_train_time=0.011263s aggregation_time=0.1479s round_time=8.6803s
2026-06-24 16:37:00,572 P89007 INFO ********* Eval @ Turn 169 *********
2026-06-24 16:37:00,572 P89007 INFO [EvalRoundClientTime] turn=169 avg=0.013296s max=0.047559s min=0.006287s median=0.011263s
2026-06-24 16:37:08,363 P89007 INFO [Metrics] logloss: 0.114721 - MRR: 0.204699 - NDCG(5): 0.201906 - HR(5): 0.343046 - NDCG(10): 0.273041 - HR(10): 0.562583 - NDCG(20): 0.319977 - HR(20): 0.746358 - NDCG(50): 0.347203 - HR(50): 0.883609
2026-06-24 16:37:08,365 P89007 INFO [Time] eval_time=7.7931s
2026-06-24 16:37:08,365 P89007 INFO ********* Train Turn 170 *********
2026-06-24 16:37:16,756 P89007 INFO Clients average loss: 0.643256664276123
2026-06-24 16:37:16,756 P89007 INFO [Time] turn=170 local_train_time=7.5828s avg_client_train_time=0.012554s max_client_train_time=0.115790s min_client_train_time=0.006474s median_client_train_time=0.010395s aggregation_time=0.1820s round_time=8.3909s
2026-06-24 16:37:16,756 P89007 INFO ********* Train Turn 171 *********
2026-06-24 16:37:25,062 P89007 INFO Clients average loss: 0.6393478512763977
2026-06-24 16:37:25,063 P89007 INFO [Time] turn=171 local_train_time=7.6649s avg_client_train_time=0.012690s max_client_train_time=0.042871s min_client_train_time=0.006746s median_client_train_time=0.010800s aggregation_time=0.1452s round_time=8.3072s
2026-06-24 16:37:25,063 P89007 INFO ********* Train Turn 172 *********
2026-06-24 16:37:33,274 P89007 INFO Clients average loss: 0.6353808641433716
2026-06-24 16:37:33,274 P89007 INFO [Time] turn=172 local_train_time=7.5660s avg_client_train_time=0.012526s max_client_train_time=0.041825s min_client_train_time=0.006261s median_client_train_time=0.010651s aggregation_time=0.1501s round_time=8.2109s
2026-06-24 16:37:33,274 P89007 INFO ********* Train Turn 173 *********
2026-06-24 16:37:41,326 P89007 INFO Clients average loss: 0.6287978291511536
2026-06-24 16:37:41,326 P89007 INFO [Time] turn=173 local_train_time=7.4101s avg_client_train_time=0.012268s max_client_train_time=0.040744s min_client_train_time=0.006362s median_client_train_time=0.010519s aggregation_time=0.1455s round_time=8.0519s
2026-06-24 16:37:41,326 P89007 INFO ********* Train Turn 174 *********
2026-06-24 16:37:49,503 P89007 INFO Clients average loss: 0.6267762184143066
2026-06-24 16:37:49,505 P89007 INFO [Time] turn=174 local_train_time=7.5398s avg_client_train_time=0.012483s max_client_train_time=0.046800s min_client_train_time=0.006126s median_client_train_time=0.010750s aggregation_time=0.1439s round_time=8.1784s
2026-06-24 16:37:49,505 P89007 INFO ********* Train Turn 175 *********
2026-06-24 16:37:57,916 P89007 INFO Clients average loss: 0.6232865452766418
2026-06-24 16:37:57,917 P89007 INFO [Time] turn=175 local_train_time=7.7718s avg_client_train_time=0.012867s max_client_train_time=0.044877s min_client_train_time=0.006302s median_client_train_time=0.010880s aggregation_time=0.1452s round_time=8.4121s
2026-06-24 16:37:57,917 P89007 INFO ********* Train Turn 176 *********
2026-06-24 16:38:06,946 P89007 INFO Clients average loss: 0.6170327663421631
2026-06-24 16:38:06,947 P89007 INFO [Time] turn=176 local_train_time=8.3681s avg_client_train_time=0.013855s max_client_train_time=0.154562s min_client_train_time=0.006338s median_client_train_time=0.011360s aggregation_time=0.1528s round_time=9.0293s
2026-06-24 16:38:06,947 P89007 INFO ********* Train Turn 177 *********
2026-06-24 16:38:15,351 P89007 INFO Clients average loss: 0.6107918620109558
2026-06-24 16:38:15,352 P89007 INFO [Time] turn=177 local_train_time=7.7153s avg_client_train_time=0.012774s max_client_train_time=0.039395s min_client_train_time=0.006868s median_client_train_time=0.010869s aggregation_time=0.1805s round_time=8.3963s
2026-06-24 16:38:15,352 P89007 INFO ********* Train Turn 178 *********
2026-06-24 16:38:24,017 P89007 INFO Clients average loss: 0.6061365604400635
2026-06-24 16:38:24,019 P89007 INFO [Time] turn=178 local_train_time=7.9951s avg_client_train_time=0.013237s max_client_train_time=0.043469s min_client_train_time=0.006355s median_client_train_time=0.011282s aggregation_time=0.1496s round_time=8.6523s
2026-06-24 16:38:24,019 P89007 INFO ********* Train Turn 179 *********
2026-06-24 16:38:32,358 P89007 INFO Clients average loss: 0.6028201580047607
2026-06-24 16:38:32,361 P89007 INFO [Time] turn=179 local_train_time=7.6915s avg_client_train_time=0.012734s max_client_train_time=0.037360s min_client_train_time=0.006131s median_client_train_time=0.010737s aggregation_time=0.1473s round_time=8.3338s
2026-06-24 16:38:32,361 P89007 INFO ********* Eval @ Turn 179 *********
2026-06-24 16:38:32,361 P89007 INFO [EvalRoundClientTime] turn=179 avg=0.012734s max=0.037360s min=0.006131s median=0.010737s
2026-06-24 16:38:39,188 P89007 INFO [Metrics] logloss: 0.173618 - MRR: 0.205759 - NDCG(5): 0.203081 - HR(5): 0.345199 - NDCG(10): 0.274031 - HR(10): 0.564073 - NDCG(20): 0.321750 - HR(20): 0.751325 - NDCG(50): 0.348193 - HR(50): 0.883940
2026-06-24 16:38:39,189 P89007 INFO [Time] eval_time=6.8245s
2026-06-24 16:38:39,190 P89007 INFO ********* Train Turn 180 *********
2026-06-24 16:38:46,591 P89007 INFO Clients average loss: 0.5939671397209167
2026-06-24 16:38:46,592 P89007 INFO [Time] turn=180 local_train_time=6.7346s avg_client_train_time=0.011150s max_client_train_time=0.041475s min_client_train_time=0.006109s median_client_train_time=0.009478s aggregation_time=0.1655s round_time=7.3991s
2026-06-24 16:38:46,592 P89007 INFO ********* Train Turn 181 *********
2026-06-24 16:38:54,706 P89007 INFO Clients average loss: 0.5889217853546143
2026-06-24 16:38:54,708 P89007 INFO [Time] turn=181 local_train_time=7.4715s avg_client_train_time=0.012370s max_client_train_time=0.042681s min_client_train_time=0.006259s median_client_train_time=0.010607s aggregation_time=0.1486s round_time=8.1141s
2026-06-24 16:38:54,708 P89007 INFO ********* Train Turn 182 *********
2026-06-24 16:39:03,067 P89007 INFO Clients average loss: 0.5833356976509094
2026-06-24 16:39:03,068 P89007 INFO [Time] turn=182 local_train_time=7.7055s avg_client_train_time=0.012758s max_client_train_time=0.042041s min_client_train_time=0.006201s median_client_train_time=0.010783s aggregation_time=0.1568s round_time=8.3592s
2026-06-24 16:39:03,068 P89007 INFO ********* Train Turn 183 *********
2026-06-24 16:39:11,363 P89007 INFO Clients average loss: 0.5808156728744507
2026-06-24 16:39:11,365 P89007 INFO [Time] turn=183 local_train_time=7.6540s avg_client_train_time=0.012672s max_client_train_time=0.039799s min_client_train_time=0.006063s median_client_train_time=0.010812s aggregation_time=0.1482s round_time=8.2958s
2026-06-24 16:39:11,365 P89007 INFO ********* Train Turn 184 *********
2026-06-24 16:39:19,825 P89007 INFO Clients average loss: 0.5741143226623535
2026-06-24 16:39:19,827 P89007 INFO [Time] turn=184 local_train_time=7.8178s avg_client_train_time=0.012943s max_client_train_time=0.044896s min_client_train_time=0.006352s median_client_train_time=0.011000s aggregation_time=0.1501s round_time=8.4613s
2026-06-24 16:39:19,827 P89007 INFO ********* Train Turn 185 *********
2026-06-24 16:39:29,183 P89007 INFO Clients average loss: 0.5662904977798462
2026-06-24 16:39:29,184 P89007 INFO [Time] turn=185 local_train_time=8.4754s avg_client_train_time=0.014032s max_client_train_time=0.053894s min_client_train_time=0.006964s median_client_train_time=0.012019s aggregation_time=0.3650s round_time=9.3565s
2026-06-24 16:39:29,184 P89007 INFO ********* Train Turn 186 *********
2026-06-24 16:39:38,525 P89007 INFO Clients average loss: 0.5627581477165222
2026-06-24 16:39:38,527 P89007 INFO [Time] turn=186 local_train_time=8.5652s avg_client_train_time=0.014181s max_client_train_time=0.131646s min_client_train_time=0.006879s median_client_train_time=0.011765s aggregation_time=0.2307s round_time=9.3428s
2026-06-24 16:39:38,527 P89007 INFO ********* Train Turn 187 *********
2026-06-24 16:39:47,714 P89007 INFO Clients average loss: 0.553592324256897
2026-06-24 16:39:47,716 P89007 INFO [Time] turn=187 local_train_time=8.5055s avg_client_train_time=0.014082s max_client_train_time=0.049930s min_client_train_time=0.006779s median_client_train_time=0.012052s aggregation_time=0.1542s round_time=9.1884s
2026-06-24 16:39:47,716 P89007 INFO ********* Train Turn 188 *********
2026-06-24 16:39:56,575 P89007 INFO Clients average loss: 0.5445846915245056
2026-06-24 16:39:56,576 P89007 INFO [Time] turn=188 local_train_time=8.1592s avg_client_train_time=0.013509s max_client_train_time=0.045563s min_client_train_time=0.007007s median_client_train_time=0.011664s aggregation_time=0.1857s round_time=8.8600s
2026-06-24 16:39:56,576 P89007 INFO ********* Train Turn 189 *********
2026-06-24 16:40:05,160 P89007 INFO Clients average loss: 0.5452908873558044
2026-06-24 16:40:05,161 P89007 INFO [Time] turn=189 local_train_time=7.9288s avg_client_train_time=0.013127s max_client_train_time=0.041096s min_client_train_time=0.006498s median_client_train_time=0.011334s aggregation_time=0.1465s round_time=8.5840s
2026-06-24 16:40:05,161 P89007 INFO ********* Eval @ Turn 189 *********
2026-06-24 16:40:05,161 P89007 INFO [EvalRoundClientTime] turn=189 avg=0.013127s max=0.041096s min=0.006498s median=0.011334s
2026-06-24 16:40:11,992 P89007 INFO [Metrics] logloss: 0.487633 - MRR: 0.201699 - NDCG(5): 0.196794 - HR(5): 0.336755 - NDCG(10): 0.271196 - HR(10): 0.566060 - NDCG(20): 0.318883 - HR(20): 0.753146 - NDCG(50): 0.345254 - HR(50): 0.884768
2026-06-24 16:40:11,994 P89007 INFO [Time] eval_time=6.8335s
2026-06-24 16:40:11,994 P89007 INFO ********* Train Turn 190 *********
2026-06-24 16:40:19,615 P89007 INFO Clients average loss: 0.5342405438423157
2026-06-24 16:40:19,617 P89007 INFO [Time] turn=190 local_train_time=6.9532s avg_client_train_time=0.011512s max_client_train_time=0.036951s min_client_train_time=0.006073s median_client_train_time=0.009777s aggregation_time=0.1660s round_time=7.6220s
2026-06-24 16:40:19,617 P89007 INFO ********* Train Turn 191 *********
2026-06-24 16:40:28,459 P89007 INFO Clients average loss: 0.5267886519432068
2026-06-24 16:40:28,460 P89007 INFO [Time] turn=191 local_train_time=8.1682s avg_client_train_time=0.013524s max_client_train_time=0.059526s min_client_train_time=0.006715s median_client_train_time=0.011393s aggregation_time=0.1535s round_time=8.8428s
2026-06-24 16:40:28,460 P89007 INFO ********* Train Turn 192 *********
2026-06-24 16:40:37,246 P89007 INFO Clients average loss: 0.5238618850708008
2026-06-24 16:40:37,246 P89007 INFO [Time] turn=192 local_train_time=8.0549s avg_client_train_time=0.013336s max_client_train_time=0.051506s min_client_train_time=0.006134s median_client_train_time=0.011257s aggregation_time=0.1509s round_time=8.7861s
2026-06-24 16:40:37,246 P89007 INFO ********* Train Turn 193 *********
2026-06-24 16:40:45,764 P89007 INFO Clients average loss: 0.5177555680274963
2026-06-24 16:40:45,766 P89007 INFO [Time] turn=193 local_train_time=7.8678s avg_client_train_time=0.013026s max_client_train_time=0.040216s min_client_train_time=0.006322s median_client_train_time=0.011181s aggregation_time=0.1533s round_time=8.5194s
2026-06-24 16:40:45,766 P89007 INFO ********* Train Turn 194 *********
2026-06-24 16:40:53,990 P89007 INFO Clients average loss: 0.5058729648590088
2026-06-24 16:40:53,991 P89007 INFO [Time] turn=194 local_train_time=7.5753s avg_client_train_time=0.012542s max_client_train_time=0.031883s min_client_train_time=0.006263s median_client_train_time=0.010825s aggregation_time=0.1544s round_time=8.2248s
2026-06-24 16:40:53,991 P89007 INFO ********* Train Turn 195 *********
2026-06-24 16:41:02,391 P89007 INFO Clients average loss: 0.5020603537559509
2026-06-24 16:41:02,393 P89007 INFO [Time] turn=195 local_train_time=7.7557s avg_client_train_time=0.012841s max_client_train_time=0.040056s min_client_train_time=0.006228s median_client_train_time=0.011032s aggregation_time=0.1511s round_time=8.4019s
2026-06-24 16:41:02,393 P89007 INFO ********* Train Turn 196 *********
2026-06-24 16:41:10,975 P89007 INFO Clients average loss: 0.4932485520839691
2026-06-24 16:41:10,975 P89007 INFO [Time] turn=196 local_train_time=7.9388s avg_client_train_time=0.013144s max_client_train_time=0.046295s min_client_train_time=0.006903s median_client_train_time=0.010960s aggregation_time=0.1480s round_time=8.5820s
2026-06-24 16:41:10,975 P89007 INFO ********* Train Turn 197 *********
2026-06-24 16:41:19,576 P89007 INFO Clients average loss: 0.4892672002315521
2026-06-24 16:41:19,576 P89007 INFO [Time] turn=197 local_train_time=7.9250s avg_client_train_time=0.013121s max_client_train_time=0.080503s min_client_train_time=0.006238s median_client_train_time=0.011036s aggregation_time=0.1524s round_time=8.6009s
2026-06-24 16:41:19,576 P89007 INFO ********* Train Turn 198 *********
2026-06-24 16:41:27,952 P89007 INFO Clients average loss: 0.48165005445480347
2026-06-24 16:41:27,952 P89007 INFO [Time] turn=198 local_train_time=7.7284s avg_client_train_time=0.012795s max_client_train_time=0.042960s min_client_train_time=0.006389s median_client_train_time=0.011033s aggregation_time=0.1524s round_time=8.3754s
2026-06-24 16:41:27,952 P89007 INFO ********* Train Turn 199 *********
2026-06-24 16:41:37,215 P89007 INFO Clients average loss: 0.4836060106754303
2026-06-24 16:41:37,216 P89007 INFO [Time] turn=199 local_train_time=8.4830s avg_client_train_time=0.014045s max_client_train_time=0.140650s min_client_train_time=0.006897s median_client_train_time=0.011148s aggregation_time=0.2302s round_time=9.2637s
2026-06-24 16:41:37,216 P89007 INFO ********* Eval @ Turn 199 *********
2026-06-24 16:41:37,216 P89007 INFO [EvalRoundClientTime] turn=199 avg=0.014045s max=0.140650s min=0.006897s median=0.011148s
2026-06-24 16:41:43,982 P89007 INFO [Metrics] logloss: 1.117022 - MRR: 0.205542 - NDCG(5): 0.200351 - HR(5): 0.342550 - NDCG(10): 0.278291 - HR(10): 0.581623 - NDCG(20): 0.322810 - HR(20): 0.755795 - NDCG(50): 0.348997 - HR(50): 0.885099
2026-06-24 16:41:43,983 P89007 INFO [Time] eval_time=6.7665s
2026-06-24 16:41:43,983 P89007 INFO ********* Train Turn 200 *********
2026-06-24 16:41:52,444 P89007 INFO Clients average loss: 0.4729212522506714
2026-06-24 16:41:52,447 P89007 INFO [Time] turn=200 local_train_time=7.4999s avg_client_train_time=0.012417s max_client_train_time=0.371002s min_client_train_time=0.006399s median_client_train_time=0.009774s aggregation_time=0.3427s round_time=8.4636s
2026-06-24 16:41:52,447 P89007 INFO ********* Train Turn 201 *********
2026-06-24 16:42:03,219 P89007 INFO Clients average loss: 0.47070080041885376
2026-06-24 16:42:03,221 P89007 INFO [Time] turn=201 local_train_time=9.8426s avg_client_train_time=0.016296s max_client_train_time=0.126594s min_client_train_time=0.006850s median_client_train_time=0.012605s aggregation_time=0.2707s round_time=10.7738s
2026-06-24 16:42:03,221 P89007 INFO ********* Train Turn 202 *********
2026-06-24 16:42:12,129 P89007 INFO Clients average loss: 0.4641912579536438
2026-06-24 16:42:12,131 P89007 INFO [Time] turn=202 local_train_time=8.0750s avg_client_train_time=0.013369s max_client_train_time=0.139672s min_client_train_time=0.006516s median_client_train_time=0.010842s aggregation_time=0.2131s round_time=8.9208s
2026-06-24 16:42:12,131 P89007 INFO ********* Train Turn 203 *********
2026-06-24 17:08:20,847 P89007 INFO Clients average loss: 0.4604138433933258
2026-06-24 17:08:20,851 P89007 INFO [Time] turn=203 local_train_time=8.0931s avg_client_train_time=0.013399s max_client_train_time=0.262248s min_client_train_time=0.006187s median_client_train_time=0.010737s aggregation_time=0.2016s round_time=8.8180s
2026-06-24 17:08:20,851 P89007 INFO ********* Train Turn 204 *********
2026-06-24 17:15:40,524 P89007 INFO Clients average loss: 0.4607527256011963
2026-06-24 17:15:40,525 P89007 INFO [Time] turn=204 local_train_time=8.0987s avg_client_train_time=0.013408s max_client_train_time=0.258398s min_client_train_time=0.006631s median_client_train_time=0.010927s aggregation_time=0.2031s round_time=8.8095s
2026-06-24 17:15:40,525 P89007 INFO ********* Train Turn 205 *********
2026-06-24 17:15:49,187 P89007 INFO Clients average loss: 0.45341187715530396
2026-06-24 17:15:49,189 P89007 INFO [Time] turn=205 local_train_time=7.9250s avg_client_train_time=0.013121s max_client_train_time=0.156091s min_client_train_time=0.006576s median_client_train_time=0.010373s aggregation_time=0.2036s round_time=8.6649s
2026-06-24 17:15:49,189 P89007 INFO ********* Train Turn 206 *********
2026-06-24 17:18:39,507 P89007 INFO Clients average loss: 0.4447650909423828
2026-06-24 17:18:39,509 P89007 INFO [Time] turn=206 local_train_time=13.4753s avg_client_train_time=0.022310s max_client_train_time=0.437014s min_client_train_time=0.007028s median_client_train_time=0.015301s aggregation_time=0.2670s round_time=14.7553s
2026-06-24 17:18:39,509 P89007 INFO ********* Train Turn 207 *********
2026-06-24 17:18:50,631 P89007 INFO Clients average loss: 0.44504401087760925
2026-06-24 17:18:50,634 P89007 INFO [Time] turn=207 local_train_time=10.1785s avg_client_train_time=0.016852s max_client_train_time=0.206475s min_client_train_time=0.006227s median_client_train_time=0.011164s aggregation_time=0.2091s round_time=11.1234s
2026-06-24 17:18:50,634 P89007 INFO ********* Train Turn 208 *********
2026-06-24 17:19:00,158 P89007 INFO Clients average loss: 0.4445761740207672
2026-06-24 17:19:00,160 P89007 INFO [Time] turn=208 local_train_time=8.8298s avg_client_train_time=0.014619s max_client_train_time=0.048886s min_client_train_time=0.006280s median_client_train_time=0.012322s aggregation_time=0.1677s round_time=9.5257s
2026-06-24 17:19:00,160 P89007 INFO ********* Train Turn 209 *********
2026-06-24 17:19:09,300 P89007 INFO Clients average loss: 0.44083651900291443
2026-06-24 17:19:09,301 P89007 INFO [Time] turn=209 local_train_time=8.4683s avg_client_train_time=0.014020s max_client_train_time=0.056004s min_client_train_time=0.006920s median_client_train_time=0.011901s aggregation_time=0.1587s round_time=9.1411s
2026-06-24 17:19:09,301 P89007 INFO ********* Eval @ Turn 209 *********
2026-06-24 17:19:09,301 P89007 INFO [EvalRoundClientTime] turn=209 avg=0.014020s max=0.056004s min=0.006920s median=0.011901s
2026-06-24 17:19:16,693 P89007 INFO [Metrics] logloss: 1.604844 - MRR: 0.211111 - NDCG(5): 0.207297 - HR(5): 0.352649 - NDCG(10): 0.287219 - HR(10): 0.598179 - NDCG(20): 0.328275 - HR(20): 0.758940 - NDCG(50): 0.354507 - HR(50): 0.888742
2026-06-24 17:19:16,695 P89007 INFO [Time] eval_time=7.3938s
2026-06-24 17:19:16,695 P89007 INFO ********* Train Turn 210 *********
2026-06-24 17:19:24,941 P89007 INFO Clients average loss: 0.4361281096935272
2026-06-24 17:19:24,942 P89007 INFO [Time] turn=210 local_train_time=7.5471s avg_client_train_time=0.012495s max_client_train_time=0.045900s min_client_train_time=0.006441s median_client_train_time=0.010509s aggregation_time=0.1773s round_time=8.2467s
2026-06-24 17:19:24,942 P89007 INFO ********* Train Turn 211 *********
2026-06-24 17:19:34,672 P89007 INFO Clients average loss: 0.43148180842399597
2026-06-24 17:19:34,673 P89007 INFO [Time] turn=211 local_train_time=8.9775s avg_client_train_time=0.014863s max_client_train_time=0.303695s min_client_train_time=0.006486s median_client_train_time=0.012009s aggregation_time=0.1984s round_time=9.7300s
2026-06-24 17:19:34,673 P89007 INFO ********* Train Turn 212 *********
2026-06-24 17:19:44,615 P89007 INFO Clients average loss: 0.4360189735889435
2026-06-24 17:19:44,616 P89007 INFO [Time] turn=212 local_train_time=9.1597s avg_client_train_time=0.015165s max_client_train_time=0.206269s min_client_train_time=0.006353s median_client_train_time=0.012095s aggregation_time=0.2168s round_time=9.9433s
2026-06-24 17:19:44,616 P89007 INFO ********* Train Turn 213 *********
2026-06-24 17:19:54,499 P89007 INFO Clients average loss: 0.4208167493343353
2026-06-24 17:19:54,500 P89007 INFO [Time] turn=213 local_train_time=9.1339s avg_client_train_time=0.015122s max_client_train_time=0.117881s min_client_train_time=0.006233s median_client_train_time=0.012187s aggregation_time=0.1889s round_time=9.8836s
2026-06-24 17:19:54,500 P89007 INFO ********* Train Turn 214 *********
2026-06-24 17:20:03,375 P89007 INFO Clients average loss: 0.42126932740211487
2026-06-24 17:20:03,375 P89007 INFO [Time] turn=214 local_train_time=8.1980s avg_client_train_time=0.013573s max_client_train_time=0.044181s min_client_train_time=0.007014s median_client_train_time=0.011470s aggregation_time=0.1509s round_time=8.8747s
2026-06-24 17:20:03,375 P89007 INFO ********* Train Turn 215 *********
2026-06-24 17:20:12,261 P89007 INFO Clients average loss: 0.41962799429893494
2026-06-24 17:20:12,262 P89007 INFO [Time] turn=215 local_train_time=8.2338s avg_client_train_time=0.013632s max_client_train_time=0.077566s min_client_train_time=0.006138s median_client_train_time=0.011537s aggregation_time=0.1440s round_time=8.8868s
2026-06-24 17:20:12,262 P89007 INFO ********* Train Turn 216 *********
2026-06-24 17:20:20,889 P89007 INFO Clients average loss: 0.41169482469558716
2026-06-24 17:20:20,890 P89007 INFO [Time] turn=216 local_train_time=7.9342s avg_client_train_time=0.013136s max_client_train_time=0.048297s min_client_train_time=0.006216s median_client_train_time=0.011361s aggregation_time=0.1916s round_time=8.6283s
2026-06-24 17:20:20,891 P89007 INFO ********* Train Turn 217 *********
2026-06-24 17:20:31,395 P89007 INFO Clients average loss: 0.4129446744918823
2026-06-24 17:20:31,397 P89007 INFO [Time] turn=217 local_train_time=9.6783s avg_client_train_time=0.016024s max_client_train_time=0.125395s min_client_train_time=0.007134s median_client_train_time=0.012691s aggregation_time=0.2088s round_time=10.5058s
2026-06-24 17:20:31,397 P89007 INFO ********* Train Turn 218 *********
2026-06-24 17:20:40,224 P89007 INFO Clients average loss: 0.40480223298072815
2026-06-24 17:20:40,224 P89007 INFO [Time] turn=218 local_train_time=8.1483s avg_client_train_time=0.013491s max_client_train_time=0.067568s min_client_train_time=0.006383s median_client_train_time=0.011345s aggregation_time=0.1670s round_time=8.8275s
2026-06-24 17:20:40,224 P89007 INFO ********* Train Turn 219 *********
2026-06-24 17:20:48,994 P89007 INFO Clients average loss: 0.4164779782295227
2026-06-24 17:20:48,995 P89007 INFO [Time] turn=219 local_train_time=8.1175s avg_client_train_time=0.013440s max_client_train_time=0.042106s min_client_train_time=0.006908s median_client_train_time=0.011331s aggregation_time=0.1507s round_time=8.7703s
2026-06-24 17:20:48,995 P89007 INFO ********* Eval @ Turn 219 *********
2026-06-24 17:20:48,995 P89007 INFO [EvalRoundClientTime] turn=219 avg=0.013440s max=0.042106s min=0.006908s median=0.011331s
2026-06-24 17:20:55,818 P89007 INFO [Metrics] logloss: 1.917186 - MRR: 0.215118 - NDCG(5): 0.213167 - HR(5): 0.361589 - NDCG(10): 0.291833 - HR(10): 0.603477 - NDCG(20): 0.331777 - HR(20): 0.759934 - NDCG(50): 0.359725 - HR(50): 0.899007
2026-06-24 17:20:55,820 P89007 INFO [Time] eval_time=6.8248s
2026-06-24 17:20:55,820 P89007 INFO ********* Train Turn 220 *********
2026-06-24 17:21:04,382 P89007 INFO Clients average loss: 0.40540531277656555
2026-06-24 17:21:04,383 P89007 INFO [Time] turn=220 local_train_time=7.8810s avg_client_train_time=0.013048s max_client_train_time=0.055304s min_client_train_time=0.006486s median_client_train_time=0.010742s aggregation_time=0.1679s round_time=8.5629s
2026-06-24 17:21:04,383 P89007 INFO ********* Train Turn 221 *********
2026-06-24 17:21:13,729 P89007 INFO Clients average loss: 0.4056207239627838
2026-06-24 17:21:13,731 P89007 INFO [Time] turn=221 local_train_time=8.6560s avg_client_train_time=0.014331s max_client_train_time=0.056454s min_client_train_time=0.006813s median_client_train_time=0.012246s aggregation_time=0.1608s round_time=9.3476s
2026-06-24 17:21:13,731 P89007 INFO ********* Train Turn 222 *********
2026-06-24 17:21:22,099 P89007 INFO Clients average loss: 0.40029069781303406
2026-06-24 17:21:22,099 P89007 INFO [Time] turn=222 local_train_time=7.6324s avg_client_train_time=0.012636s max_client_train_time=0.052215s min_client_train_time=0.006200s median_client_train_time=0.010469s aggregation_time=0.1412s round_time=8.3681s
2026-06-24 17:21:22,099 P89007 INFO ********* Train Turn 223 *********
2026-06-24 17:21:30,595 P89007 INFO Clients average loss: 0.4011791944503784
2026-06-24 17:21:30,595 P89007 INFO [Time] turn=223 local_train_time=7.8042s avg_client_train_time=0.012921s max_client_train_time=0.102166s min_client_train_time=0.006299s median_client_train_time=0.010812s aggregation_time=0.1675s round_time=8.4957s
2026-06-24 17:21:30,595 P89007 INFO ********* Train Turn 224 *********
2026-06-24 17:21:39,472 P89007 INFO Clients average loss: 0.4024108648300171
2026-06-24 17:21:39,475 P89007 INFO [Time] turn=224 local_train_time=7.9933s avg_client_train_time=0.013234s max_client_train_time=0.040515s min_client_train_time=0.006241s median_client_train_time=0.011425s aggregation_time=0.3334s round_time=8.8796s
2026-06-24 17:21:39,475 P89007 INFO ********* Train Turn 225 *********
2026-06-24 17:21:48,421 P89007 INFO Clients average loss: 0.3984186053276062
2026-06-24 17:21:48,422 P89007 INFO [Time] turn=225 local_train_time=8.1868s avg_client_train_time=0.013554s max_client_train_time=0.129377s min_client_train_time=0.005967s median_client_train_time=0.011196s aggregation_time=0.2053s round_time=8.9462s
2026-06-24 17:21:48,422 P89007 INFO ********* Train Turn 226 *********
2026-06-24 17:21:57,451 P89007 INFO Clients average loss: 0.3986540138721466
2026-06-24 17:21:57,452 P89007 INFO [Time] turn=226 local_train_time=8.2719s avg_client_train_time=0.013695s max_client_train_time=0.059084s min_client_train_time=0.006378s median_client_train_time=0.011476s aggregation_time=0.1992s round_time=9.0302s
2026-06-24 17:21:57,452 P89007 INFO ********* Train Turn 227 *********
2026-06-24 17:22:05,082 P89007 INFO Clients average loss: 0.3915318250656128
2026-06-24 17:22:05,083 P89007 INFO [Time] turn=227 local_train_time=6.9687s avg_client_train_time=0.011538s max_client_train_time=0.037677s min_client_train_time=0.006376s median_client_train_time=0.010001s aggregation_time=0.1599s round_time=7.6308s
2026-06-24 17:22:05,083 P89007 INFO ********* Train Turn 228 *********
2026-06-24 17:22:13,101 P89007 INFO Clients average loss: 0.3956150412559509
2026-06-24 17:22:13,102 P89007 INFO [Time] turn=228 local_train_time=7.3622s avg_client_train_time=0.012189s max_client_train_time=0.036416s min_client_train_time=0.005993s median_client_train_time=0.010203s aggregation_time=0.1498s round_time=8.0185s
2026-06-24 17:22:13,102 P89007 INFO ********* Train Turn 229 *********
2026-06-24 17:22:20,877 P89007 INFO Clients average loss: 0.3920191824436188
2026-06-24 17:22:20,877 P89007 INFO [Time] turn=229 local_train_time=7.1239s avg_client_train_time=0.011795s max_client_train_time=0.041479s min_client_train_time=0.006010s median_client_train_time=0.009822s aggregation_time=0.1541s round_time=7.7753s
2026-06-24 17:22:20,877 P89007 INFO ********* Eval @ Turn 229 *********
2026-06-24 17:22:20,877 P89007 INFO [EvalRoundClientTime] turn=229 avg=0.011795s max=0.041479s min=0.006010s median=0.009822s
2026-06-24 17:22:27,561 P89007 INFO [Metrics] logloss: 2.218031 - MRR: 0.215440 - NDCG(5): 0.208535 - HR(5): 0.347020 - NDCG(10): 0.289069 - HR(10): 0.595364 - NDCG(20): 0.333303 - HR(20): 0.767881 - NDCG(50): 0.362791 - HR(50): 0.915894
2026-06-24 17:22:27,562 P89007 INFO [Time] eval_time=6.6846s
2026-06-24 17:22:27,562 P89007 INFO ********* Train Turn 230 *********
2026-06-24 17:22:34,898 P89007 INFO Clients average loss: 0.3923095166683197
2026-06-24 17:22:34,898 P89007 INFO [Time] turn=230 local_train_time=6.5881s avg_client_train_time=0.010907s max_client_train_time=0.032710s min_client_train_time=0.006165s median_client_train_time=0.009319s aggregation_time=0.1660s round_time=7.3359s
2026-06-24 17:22:34,898 P89007 INFO ********* Train Turn 231 *********
2026-06-24 17:22:42,525 P89007 INFO Clients average loss: 0.3895934224128723
2026-06-24 17:22:42,527 P89007 INFO [Time] turn=231 local_train_time=6.9894s avg_client_train_time=0.011572s max_client_train_time=0.039846s min_client_train_time=0.006116s median_client_train_time=0.009940s aggregation_time=0.1465s round_time=7.6284s
2026-06-24 17:22:42,527 P89007 INFO ********* Train Turn 232 *********
2026-06-24 17:22:50,920 P89007 INFO Clients average loss: 0.3879893720149994
2026-06-24 17:22:50,920 P89007 INFO [Time] turn=232 local_train_time=7.5560s avg_client_train_time=0.012510s max_client_train_time=0.182321s min_client_train_time=0.006263s median_client_train_time=0.010203s aggregation_time=0.2068s round_time=8.3934s
2026-06-24 17:22:50,920 P89007 INFO ********* Train Turn 233 *********
2026-06-24 17:22:58,635 P89007 INFO Clients average loss: 0.3888823688030243
2026-06-24 17:22:58,635 P89007 INFO [Time] turn=233 local_train_time=7.0712s avg_client_train_time=0.011707s max_client_train_time=0.041183s min_client_train_time=0.006113s median_client_train_time=0.009985s aggregation_time=0.1423s round_time=7.7145s
2026-06-24 17:22:58,635 P89007 INFO ********* Train Turn 234 *********
2026-06-24 17:23:06,348 P89007 INFO Clients average loss: 0.38482895493507385
2026-06-24 17:23:06,348 P89007 INFO [Time] turn=234 local_train_time=7.0564s avg_client_train_time=0.011683s max_client_train_time=0.043872s min_client_train_time=0.006166s median_client_train_time=0.009939s aggregation_time=0.1565s round_time=7.7131s
2026-06-24 17:23:06,348 P89007 INFO ********* Train Turn 235 *********
2026-06-24 17:23:14,278 P89007 INFO Clients average loss: 0.38171541690826416
2026-06-24 17:23:14,280 P89007 INFO [Time] turn=235 local_train_time=7.2756s avg_client_train_time=0.012046s max_client_train_time=0.056244s min_client_train_time=0.006005s median_client_train_time=0.010204s aggregation_time=0.1512s round_time=7.9313s
2026-06-24 17:23:14,280 P89007 INFO ********* Train Turn 236 *********
2026-06-24 17:23:23,112 P89007 INFO Clients average loss: 0.38194361329078674
2026-06-24 17:23:23,113 P89007 INFO [Time] turn=236 local_train_time=8.1436s avg_client_train_time=0.013483s max_client_train_time=0.154966s min_client_train_time=0.006705s median_client_train_time=0.011122s aggregation_time=0.1791s round_time=8.8333s
2026-06-24 17:23:23,114 P89007 INFO ********* Train Turn 237 *********
2026-06-24 17:23:31,674 P89007 INFO Clients average loss: 0.3881518244743347
2026-06-24 17:23:31,677 P89007 INFO [Time] turn=237 local_train_time=7.8736s avg_client_train_time=0.013036s max_client_train_time=0.040248s min_client_train_time=0.006209s median_client_train_time=0.011277s aggregation_time=0.1776s round_time=8.5626s
2026-06-24 17:23:31,677 P89007 INFO ********* Train Turn 238 *********
2026-06-24 17:23:40,362 P89007 INFO Clients average loss: 0.3760899007320404
2026-06-24 17:23:40,366 P89007 INFO [Time] turn=238 local_train_time=8.0240s avg_client_train_time=0.013285s max_client_train_time=0.043952s min_client_train_time=0.006876s median_client_train_time=0.011107s aggregation_time=0.1604s round_time=8.6888s
2026-06-24 17:23:40,366 P89007 INFO ********* Train Turn 239 *********
2026-06-24 17:23:48,874 P89007 INFO Clients average loss: 0.38612493872642517
2026-06-24 17:23:48,874 P89007 INFO [Time] turn=239 local_train_time=7.8643s avg_client_train_time=0.013020s max_client_train_time=0.056181s min_client_train_time=0.006635s median_client_train_time=0.011049s aggregation_time=0.1439s round_time=8.5082s
2026-06-24 17:23:48,874 P89007 INFO ********* Eval @ Turn 239 *********
2026-06-24 17:23:48,874 P89007 INFO [EvalRoundClientTime] turn=239 avg=0.013020s max=0.056181s min=0.006635s median=0.011049s
2026-06-24 17:23:55,997 P89007 INFO [Metrics] logloss: 2.318697 - MRR: 0.223240 - NDCG(5): 0.222569 - HR(5): 0.373510 - NDCG(10): 0.301812 - HR(10): 0.617550 - NDCG(20): 0.340531 - HR(20): 0.769205 - NDCG(50): 0.368274 - HR(50): 0.908278
2026-06-24 17:23:55,998 P89007 INFO [Time] eval_time=7.1243s
2026-06-24 17:23:55,998 P89007 INFO ********* Train Turn 240 *********
2026-06-24 17:24:04,068 P89007 INFO Clients average loss: 0.38732656836509705
2026-06-24 17:24:04,069 P89007 INFO [Time] turn=240 local_train_time=7.3385s avg_client_train_time=0.012150s max_client_train_time=0.123985s min_client_train_time=0.006722s median_client_train_time=0.010100s aggregation_time=0.2072s round_time=8.0706s
2026-06-24 17:24:04,069 P89007 INFO ********* Train Turn 241 *********
2026-06-24 17:24:12,344 P89007 INFO Clients average loss: 0.3807208836078644
2026-06-24 17:24:12,345 P89007 INFO [Time] turn=241 local_train_time=7.6065s avg_client_train_time=0.012594s max_client_train_time=0.041295s min_client_train_time=0.006927s median_client_train_time=0.010851s aggregation_time=0.1705s round_time=8.2752s
2026-06-24 17:24:12,345 P89007 INFO ********* Train Turn 242 *********
2026-06-24 17:24:20,925 P89007 INFO Clients average loss: 0.37258681654930115
2026-06-24 17:24:20,926 P89007 INFO [Time] turn=242 local_train_time=7.8402s avg_client_train_time=0.012981s max_client_train_time=0.049904s min_client_train_time=0.006329s median_client_train_time=0.011009s aggregation_time=0.2247s round_time=8.5815s
2026-06-24 17:24:20,926 P89007 INFO ********* Train Turn 243 *********
2026-06-24 17:24:29,325 P89007 INFO Clients average loss: 0.3822428584098816
2026-06-24 17:24:29,328 P89007 INFO [Time] turn=243 local_train_time=7.6271s avg_client_train_time=0.012628s max_client_train_time=0.258305s min_client_train_time=0.006366s median_client_train_time=0.010276s aggregation_time=0.2113s round_time=8.4010s
2026-06-24 17:24:29,328 P89007 INFO ********* Train Turn 244 *********
2026-06-24 17:24:38,139 P89007 INFO Clients average loss: 0.38120198249816895
2026-06-24 17:24:38,141 P89007 INFO [Time] turn=244 local_train_time=8.1515s avg_client_train_time=0.013496s max_client_train_time=0.057465s min_client_train_time=0.006732s median_client_train_time=0.011447s aggregation_time=0.1483s round_time=8.8132s
2026-06-24 17:24:38,141 P89007 INFO ********* Train Turn 245 *********
2026-06-24 17:24:46,449 P89007 INFO Clients average loss: 0.3717081546783447
2026-06-24 17:24:46,449 P89007 INFO [Time] turn=245 local_train_time=7.6668s avg_client_train_time=0.012693s max_client_train_time=0.055267s min_client_train_time=0.006262s median_client_train_time=0.010876s aggregation_time=0.1452s round_time=8.3075s
2026-06-24 17:24:46,449 P89007 INFO ********* Train Turn 246 *********
2026-06-24 17:24:55,877 P89007 INFO Clients average loss: 0.37272971868515015
2026-06-24 17:24:55,879 P89007 INFO [Time] turn=246 local_train_time=8.6809s avg_client_train_time=0.014372s max_client_train_time=0.103474s min_client_train_time=0.006593s median_client_train_time=0.011700s aggregation_time=0.1886s round_time=9.4294s
2026-06-24 17:24:55,879 P89007 INFO ********* Train Turn 247 *********
2026-06-24 17:25:04,277 P89007 INFO Clients average loss: 0.3696115016937256
2026-06-24 17:25:04,279 P89007 INFO [Time] turn=247 local_train_time=7.7381s avg_client_train_time=0.012811s max_client_train_time=0.040316s min_client_train_time=0.006303s median_client_train_time=0.011089s aggregation_time=0.1621s round_time=8.4003s
2026-06-24 17:25:04,279 P89007 INFO ********* Train Turn 248 *********
2026-06-24 17:25:12,655 P89007 INFO Clients average loss: 0.37139493227005005
2026-06-24 17:25:12,657 P89007 INFO [Time] turn=248 local_train_time=7.7244s avg_client_train_time=0.012789s max_client_train_time=0.055249s min_client_train_time=0.006104s median_client_train_time=0.010910s aggregation_time=0.1560s round_time=8.3778s
2026-06-24 17:25:12,657 P89007 INFO ********* Train Turn 249 *********
2026-06-24 17:25:21,147 P89007 INFO Clients average loss: 0.3696586787700653
2026-06-24 17:25:21,149 P89007 INFO [Time] turn=249 local_train_time=7.8070s avg_client_train_time=0.012926s max_client_train_time=0.043529s min_client_train_time=0.006500s median_client_train_time=0.011167s aggregation_time=0.1839s round_time=8.4913s
2026-06-24 17:25:21,149 P89007 INFO ********* Eval @ Turn 249 *********
2026-06-24 17:25:21,149 P89007 INFO [EvalRoundClientTime] turn=249 avg=0.012926s max=0.043529s min=0.006500s median=0.011167s
2026-06-24 17:25:27,905 P89007 INFO [Metrics] logloss: 2.370005 - MRR: 0.225109 - NDCG(5): 0.223523 - HR(5): 0.371854 - NDCG(10): 0.303780 - HR(10): 0.619371 - NDCG(20): 0.341089 - HR(20): 0.764735 - NDCG(50): 0.371020 - HR(50): 0.916722
2026-06-24 17:25:27,907 P89007 INFO [Time] eval_time=6.7579s
2026-06-24 17:25:27,907 P89007 INFO ********* Train Turn 250 *********
2026-06-24 17:25:36,477 P89007 INFO Clients average loss: 0.3745201826095581
2026-06-24 17:25:36,478 P89007 INFO [Time] turn=250 local_train_time=7.8168s avg_client_train_time=0.012942s max_client_train_time=0.119852s min_client_train_time=0.006245s median_client_train_time=0.010780s aggregation_time=0.2037s round_time=8.5708s
2026-06-24 17:25:36,478 P89007 INFO ********* Train Turn 251 *********
2026-06-24 17:25:45,055 P89007 INFO Clients average loss: 0.37509435415267944
2026-06-24 17:25:45,056 P89007 INFO [Time] turn=251 local_train_time=7.9222s avg_client_train_time=0.013116s max_client_train_time=0.044257s min_client_train_time=0.006312s median_client_train_time=0.011016s aggregation_time=0.1557s round_time=8.5782s
2026-06-24 17:25:45,056 P89007 INFO ********* Train Turn 252 *********
2026-06-24 17:25:53,384 P89007 INFO Clients average loss: 0.3721725046634674
2026-06-24 17:25:53,385 P89007 INFO [Time] turn=252 local_train_time=7.6106s avg_client_train_time=0.012600s max_client_train_time=0.038245s min_client_train_time=0.006141s median_client_train_time=0.010858s aggregation_time=0.1458s round_time=8.3287s
2026-06-24 17:25:53,385 P89007 INFO ********* Train Turn 253 *********
2026-06-24 17:26:01,711 P89007 INFO Clients average loss: 0.3616778254508972
2026-06-24 17:26:01,712 P89007 INFO [Time] turn=253 local_train_time=7.6834s avg_client_train_time=0.012721s max_client_train_time=0.048961s min_client_train_time=0.006050s median_client_train_time=0.010875s aggregation_time=0.1438s round_time=8.3267s
2026-06-24 17:26:01,712 P89007 INFO ********* Train Turn 254 *********
2026-06-24 17:26:10,284 P89007 INFO Clients average loss: 0.36283525824546814
2026-06-24 17:26:10,284 P89007 INFO [Time] turn=254 local_train_time=7.9229s avg_client_train_time=0.013117s max_client_train_time=0.043795s min_client_train_time=0.006087s median_client_train_time=0.011086s aggregation_time=0.1541s round_time=8.5717s
2026-06-24 17:26:10,284 P89007 INFO ********* Train Turn 255 *********
2026-06-24 17:26:18,513 P89007 INFO Clients average loss: 0.363829106092453
2026-06-24 17:26:18,515 P89007 INFO [Time] turn=255 local_train_time=7.5856s avg_client_train_time=0.012559s max_client_train_time=0.038030s min_client_train_time=0.006659s median_client_train_time=0.010834s aggregation_time=0.1486s round_time=8.2311s
2026-06-24 17:26:18,515 P89007 INFO ********* Train Turn 256 *********
2026-06-24 17:26:26,188 P89007 INFO Clients average loss: 0.36655211448669434
2026-06-24 17:26:26,189 P89007 INFO [Time] turn=256 local_train_time=7.0420s avg_client_train_time=0.011659s max_client_train_time=0.050435s min_client_train_time=0.006188s median_client_train_time=0.009816s aggregation_time=0.1417s round_time=7.6740s
2026-06-24 17:26:26,189 P89007 INFO ********* Train Turn 257 *********
2026-06-24 17:26:33,936 P89007 INFO Clients average loss: 0.36595577001571655
2026-06-24 17:26:33,937 P89007 INFO [Time] turn=257 local_train_time=7.1102s avg_client_train_time=0.011772s max_client_train_time=0.037514s min_client_train_time=0.006199s median_client_train_time=0.009932s aggregation_time=0.1466s round_time=7.7478s
2026-06-24 17:26:33,937 P89007 INFO ********* Train Turn 258 *********
2026-06-24 17:26:41,466 P89007 INFO Clients average loss: 0.3608611822128296
2026-06-24 17:26:41,467 P89007 INFO [Time] turn=258 local_train_time=6.8659s avg_client_train_time=0.011367s max_client_train_time=0.043327s min_client_train_time=0.005837s median_client_train_time=0.009677s aggregation_time=0.1721s round_time=7.5290s
2026-06-24 17:26:41,467 P89007 INFO ********* Train Turn 259 *********
2026-06-24 17:26:49,378 P89007 INFO Clients average loss: 0.36357972025871277
2026-06-24 17:26:49,378 P89007 INFO [Time] turn=259 local_train_time=7.2658s avg_client_train_time=0.012029s max_client_train_time=0.041203s min_client_train_time=0.006177s median_client_train_time=0.010116s aggregation_time=0.1435s round_time=7.9117s
2026-06-24 17:26:49,379 P89007 INFO ********* Eval @ Turn 259 *********
2026-06-24 17:26:49,379 P89007 INFO [EvalRoundClientTime] turn=259 avg=0.012029s max=0.041203s min=0.006177s median=0.010116s
2026-06-24 17:26:56,039 P89007 INFO [Metrics] logloss: 2.377520 - MRR: 0.231037 - NDCG(5): 0.228737 - HR(5): 0.373841 - NDCG(10): 0.308232 - HR(10): 0.619371 - NDCG(20): 0.346108 - HR(20): 0.767219 - NDCG(50): 0.377379 - HR(50): 0.926159
2026-06-24 17:26:56,040 P89007 INFO [Time] eval_time=6.6619s
2026-06-24 17:26:56,041 P89007 INFO ********* Train Turn 260 *********
2026-06-24 17:27:03,191 P89007 INFO Clients average loss: 0.35823675990104675
2026-06-24 17:27:03,193 P89007 INFO [Time] turn=260 local_train_time=6.3954s avg_client_train_time=0.010588s max_client_train_time=0.039049s min_client_train_time=0.006070s median_client_train_time=0.009185s aggregation_time=0.1630s round_time=7.1524s
2026-06-24 17:27:03,193 P89007 INFO ********* Train Turn 261 *********
2026-06-24 17:27:10,805 P89007 INFO Clients average loss: 0.35794854164123535
2026-06-24 17:27:10,805 P89007 INFO [Time] turn=261 local_train_time=6.9753s avg_client_train_time=0.011549s max_client_train_time=0.037307s min_client_train_time=0.006024s median_client_train_time=0.009645s aggregation_time=0.1449s round_time=7.6118s
2026-06-24 17:27:10,805 P89007 INFO ********* Train Turn 262 *********
2026-06-24 17:27:18,508 P89007 INFO Clients average loss: 0.34918734431266785
2026-06-24 17:27:18,511 P89007 INFO [Time] turn=262 local_train_time=7.0649s avg_client_train_time=0.011697s max_client_train_time=0.038135s min_client_train_time=0.006074s median_client_train_time=0.009825s aggregation_time=0.1462s round_time=7.7052s
2026-06-24 17:27:18,511 P89007 INFO ********* Train Turn 263 *********
2026-06-24 17:27:26,452 P89007 INFO Clients average loss: 0.3520967662334442
2026-06-24 17:27:26,452 P89007 INFO [Time] turn=263 local_train_time=7.2882s avg_client_train_time=0.012067s max_client_train_time=0.041460s min_client_train_time=0.006150s median_client_train_time=0.010079s aggregation_time=0.1507s round_time=7.9414s
2026-06-24 17:27:26,452 P89007 INFO ********* Train Turn 264 *********
2026-06-24 17:27:34,302 P89007 INFO Clients average loss: 0.35135310888290405
2026-06-24 17:27:34,302 P89007 INFO [Time] turn=264 local_train_time=7.1881s avg_client_train_time=0.011901s max_client_train_time=0.036784s min_client_train_time=0.006291s median_client_train_time=0.010097s aggregation_time=0.1596s round_time=7.8495s
2026-06-24 17:27:34,302 P89007 INFO ********* Train Turn 265 *********
2026-06-24 17:27:41,861 P89007 INFO Clients average loss: 0.34900403022766113
2026-06-24 17:27:41,861 P89007 INFO [Time] turn=265 local_train_time=6.9140s avg_client_train_time=0.011447s max_client_train_time=0.036727s min_client_train_time=0.006045s median_client_train_time=0.009825s aggregation_time=0.1443s round_time=7.5590s
2026-06-24 17:27:41,861 P89007 INFO ********* Train Turn 266 *********
2026-06-24 17:27:49,640 P89007 INFO Clients average loss: 0.3501741588115692
2026-06-24 17:27:49,641 P89007 INFO [Time] turn=266 local_train_time=7.1432s avg_client_train_time=0.011827s max_client_train_time=0.039437s min_client_train_time=0.006128s median_client_train_time=0.010004s aggregation_time=0.1411s round_time=7.7794s
2026-06-24 17:27:49,641 P89007 INFO ********* Train Turn 267 *********
2026-06-24 17:27:57,512 P89007 INFO Clients average loss: 0.357255756855011
2026-06-24 17:27:57,515 P89007 INFO [Time] turn=267 local_train_time=7.1925s avg_client_train_time=0.011908s max_client_train_time=0.038148s min_client_train_time=0.006235s median_client_train_time=0.010202s aggregation_time=0.1675s round_time=7.8737s
2026-06-24 17:27:57,515 P89007 INFO ********* Train Turn 268 *********
2026-06-24 17:28:05,966 P89007 INFO Clients average loss: 0.3494698107242584
2026-06-24 17:28:05,966 P89007 INFO [Time] turn=268 local_train_time=7.7295s avg_client_train_time=0.012797s max_client_train_time=0.146157s min_client_train_time=0.006154s median_client_train_time=0.010372s aggregation_time=0.1886s round_time=8.4515s
2026-06-24 17:28:05,966 P89007 INFO ********* Train Turn 269 *********
2026-06-24 17:28:13,614 P89007 INFO Clients average loss: 0.35031577944755554
2026-06-24 17:28:13,614 P89007 INFO [Time] turn=269 local_train_time=6.9934s avg_client_train_time=0.011579s max_client_train_time=0.047970s min_client_train_time=0.006262s median_client_train_time=0.009646s aggregation_time=0.1564s round_time=7.6476s
2026-06-24 17:28:13,614 P89007 INFO ********* Eval @ Turn 269 *********
2026-06-24 17:28:13,614 P89007 INFO [EvalRoundClientTime] turn=269 avg=0.011579s max=0.047970s min=0.006262s median=0.009646s
2026-06-24 17:28:20,805 P89007 INFO [Metrics] logloss: 2.346304 - MRR: 0.235320 - NDCG(5): 0.227474 - HR(5): 0.356457 - NDCG(10): 0.304683 - HR(10): 0.597020 - NDCG(20): 0.349092 - HR(20): 0.769205 - NDCG(50): 0.380175 - HR(50): 0.926656
2026-06-24 17:28:20,806 P89007 INFO [Time] eval_time=7.1918s
2026-06-24 17:28:20,806 P89007 INFO ********* Train Turn 270 *********
2026-06-24 17:28:28,074 P89007 INFO Clients average loss: 0.3460240960121155
2026-06-24 17:28:28,074 P89007 INFO [Time] turn=270 local_train_time=6.6010s avg_client_train_time=0.010929s max_client_train_time=0.036192s min_client_train_time=0.006370s median_client_train_time=0.009258s aggregation_time=0.1581s round_time=7.2678s
2026-06-24 17:28:28,074 P89007 INFO ********* Train Turn 271 *********
2026-06-24 17:28:36,198 P89007 INFO Clients average loss: 0.3463236689567566
2026-06-24 17:28:36,198 P89007 INFO [Time] turn=271 local_train_time=7.4778s avg_client_train_time=0.012381s max_client_train_time=0.052124s min_client_train_time=0.006269s median_client_train_time=0.010682s aggregation_time=0.1516s round_time=8.1240s
2026-06-24 17:28:36,199 P89007 INFO ********* Train Turn 272 *********
2026-06-24 17:28:44,330 P89007 INFO Clients average loss: 0.3558120131492615
2026-06-24 17:28:44,331 P89007 INFO [Time] turn=272 local_train_time=7.4854s avg_client_train_time=0.012393s max_client_train_time=0.040298s min_client_train_time=0.006826s median_client_train_time=0.010824s aggregation_time=0.1523s round_time=8.1319s
2026-06-24 17:28:44,331 P89007 INFO ********* Train Turn 273 *********
2026-06-24 17:28:52,824 P89007 INFO Clients average loss: 0.3549456000328064
2026-06-24 17:28:52,827 P89007 INFO [Time] turn=273 local_train_time=7.8504s avg_client_train_time=0.012997s max_client_train_time=0.040519s min_client_train_time=0.006167s median_client_train_time=0.011256s aggregation_time=0.1476s round_time=8.4959s
2026-06-24 17:28:52,827 P89007 INFO ********* Train Turn 274 *********
2026-06-24 17:29:02,559 P89007 INFO Clients average loss: 0.3416270911693573
2026-06-24 17:29:02,560 P89007 INFO [Time] turn=274 local_train_time=9.0455s avg_client_train_time=0.014976s max_client_train_time=0.110889s min_client_train_time=0.007274s median_client_train_time=0.012496s aggregation_time=0.1489s round_time=9.7332s
2026-06-24 17:29:02,560 P89007 INFO ********* Train Turn 275 *********
2026-06-24 17:29:12,336 P89007 INFO Clients average loss: 0.3449724316596985
2026-06-24 17:29:12,338 P89007 INFO [Time] turn=275 local_train_time=9.0423s avg_client_train_time=0.014971s max_client_train_time=0.055240s min_client_train_time=0.006989s median_client_train_time=0.012516s aggregation_time=0.1794s round_time=9.7778s
2026-06-24 17:29:12,338 P89007 INFO ********* Train Turn 276 *********
2026-06-24 17:29:21,813 P89007 INFO Clients average loss: 0.350459486246109
2026-06-24 17:29:21,813 P89007 INFO [Time] turn=276 local_train_time=8.7777s avg_client_train_time=0.014533s max_client_train_time=0.047747s min_client_train_time=0.006334s median_client_train_time=0.012367s aggregation_time=0.1666s round_time=9.4747s
2026-06-24 17:29:21,813 P89007 INFO ********* Train Turn 277 *********
2026-06-24 17:29:31,537 P89007 INFO Clients average loss: 0.3447537422180176
2026-06-24 17:29:31,538 P89007 INFO [Time] turn=277 local_train_time=8.9746s avg_client_train_time=0.014859s max_client_train_time=0.088664s min_client_train_time=0.006480s median_client_train_time=0.012246s aggregation_time=0.1865s round_time=9.7244s
2026-06-24 17:29:31,538 P89007 INFO ********* Train Turn 278 *********
2026-06-24 17:29:40,370 P89007 INFO Clients average loss: 0.34620094299316406
2026-06-24 17:29:40,371 P89007 INFO [Time] turn=278 local_train_time=8.1456s avg_client_train_time=0.013486s max_client_train_time=0.045702s min_client_train_time=0.006814s median_client_train_time=0.011162s aggregation_time=0.1620s round_time=8.8326s
2026-06-24 17:29:40,371 P89007 INFO ********* Train Turn 279 *********
2026-06-24 17:29:49,411 P89007 INFO Clients average loss: 0.3453504741191864
2026-06-24 17:29:49,412 P89007 INFO [Time] turn=279 local_train_time=8.3363s avg_client_train_time=0.013802s max_client_train_time=0.054749s min_client_train_time=0.006817s median_client_train_time=0.011703s aggregation_time=0.1751s round_time=9.0408s
2026-06-24 17:29:49,412 P89007 INFO ********* Eval @ Turn 279 *********
2026-06-24 17:29:49,412 P89007 INFO [EvalRoundClientTime] turn=279 avg=0.013802s max=0.054749s min=0.006817s median=0.011703s
2026-06-24 17:29:57,387 P89007 INFO [Metrics] logloss: 2.531124 - MRR: 0.237747 - NDCG(5): 0.228708 - HR(5): 0.353311 - NDCG(10): 0.304587 - HR(10): 0.590894 - NDCG(20): 0.351063 - HR(20): 0.771358 - NDCG(50): 0.381829 - HR(50): 0.926821
2026-06-24 17:29:57,388 P89007 INFO [Time] eval_time=7.9765s
2026-06-24 17:29:57,388 P89007 INFO ********* Train Turn 280 *********
2026-06-24 17:30:04,014 P89007 INFO Clients average loss: 0.34663981199264526
2026-06-24 17:30:04,014 P89007 INFO [Time] turn=280 local_train_time=5.9384s avg_client_train_time=0.009832s max_client_train_time=0.035212s min_client_train_time=0.006112s median_client_train_time=0.008206s aggregation_time=0.1628s round_time=6.6257s
2026-06-24 17:30:04,015 P89007 INFO ********* Train Turn 281 *********
2026-06-24 17:30:11,146 P89007 INFO Clients average loss: 0.34420549869537354
2026-06-24 17:30:11,149 P89007 INFO [Time] turn=281 local_train_time=6.4709s avg_client_train_time=0.010713s max_client_train_time=0.110517s min_client_train_time=0.006125s median_client_train_time=0.008682s aggregation_time=0.1531s round_time=7.1340s
2026-06-24 17:30:11,149 P89007 INFO ********* Train Turn 282 *********
2026-06-24 17:30:18,454 P89007 INFO Clients average loss: 0.35039418935775757
2026-06-24 17:30:18,455 P89007 INFO [Time] turn=282 local_train_time=6.5676s avg_client_train_time=0.010873s max_client_train_time=0.040752s min_client_train_time=0.006081s median_client_train_time=0.008935s aggregation_time=0.1555s round_time=7.3062s
2026-06-24 17:30:18,455 P89007 INFO ********* Train Turn 283 *********
2026-06-24 17:30:25,304 P89007 INFO Clients average loss: 0.3417605459690094
2026-06-24 17:30:25,304 P89007 INFO [Time] turn=283 local_train_time=6.1776s avg_client_train_time=0.010228s max_client_train_time=0.056920s min_client_train_time=0.005723s median_client_train_time=0.008630s aggregation_time=0.1744s round_time=6.8488s
2026-06-24 17:30:25,304 P89007 INFO ********* Train Turn 284 *********
2026-06-24 17:30:32,628 P89007 INFO Clients average loss: 0.34710535407066345
2026-06-24 17:30:32,628 P89007 INFO [Time] turn=284 local_train_time=6.6603s avg_client_train_time=0.011027s max_client_train_time=0.045898s min_client_train_time=0.006126s median_client_train_time=0.008887s aggregation_time=0.1587s round_time=7.3238s
2026-06-24 17:30:32,628 P89007 INFO ********* Train Turn 285 *********
2026-06-24 17:30:39,886 P89007 INFO Clients average loss: 0.3422034978866577
2026-06-24 17:30:39,887 P89007 INFO [Time] turn=285 local_train_time=6.5422s avg_client_train_time=0.010832s max_client_train_time=0.066721s min_client_train_time=0.006082s median_client_train_time=0.008985s aggregation_time=0.1898s round_time=7.2585s
2026-06-24 17:30:39,887 P89007 INFO ********* Train Turn 286 *********
2026-06-24 17:30:47,477 P89007 INFO Clients average loss: 0.35003671050071716
2026-06-24 17:30:47,477 P89007 INFO [Time] turn=286 local_train_time=6.8507s avg_client_train_time=0.011342s max_client_train_time=0.036230s min_client_train_time=0.006067s median_client_train_time=0.009396s aggregation_time=0.1946s round_time=7.5898s
2026-06-24 17:30:47,477 P89007 INFO ********* Train Turn 287 *********
2026-06-24 17:30:55,144 P89007 INFO Clients average loss: 0.34674546122550964
2026-06-24 17:30:55,144 P89007 INFO [Time] turn=287 local_train_time=6.9576s avg_client_train_time=0.011519s max_client_train_time=0.076377s min_client_train_time=0.006014s median_client_train_time=0.009606s aggregation_time=0.1757s round_time=7.6668s
2026-06-24 17:30:55,144 P89007 INFO ********* Train Turn 288 *********
2026-06-24 17:31:08,373 P89007 INFO Clients average loss: 0.34066447615623474
2026-06-24 17:31:08,374 P89007 INFO [Time] turn=288 local_train_time=12.1249s avg_client_train_time=0.020074s max_client_train_time=0.310664s min_client_train_time=0.005982s median_client_train_time=0.013753s aggregation_time=0.1992s round_time=13.2294s
2026-06-24 17:31:08,374 P89007 INFO ********* Train Turn 289 *********
2026-06-24 17:31:16,815 P89007 INFO Clients average loss: 0.3355918526649475
2026-06-24 17:31:16,816 P89007 INFO [Time] turn=289 local_train_time=7.7383s avg_client_train_time=0.012812s max_client_train_time=0.057446s min_client_train_time=0.006222s median_client_train_time=0.010715s aggregation_time=0.1522s round_time=8.4410s
2026-06-24 17:31:16,816 P89007 INFO ********* Eval @ Turn 289 *********
2026-06-24 17:31:16,816 P89007 INFO [EvalRoundClientTime] turn=289 avg=0.012812s max=0.057446s min=0.006222s median=0.010715s
2026-06-24 17:31:25,487 P89007 INFO [Metrics] logloss: 2.385866 - MRR: 0.242330 - NDCG(5): 0.234728 - HR(5): 0.361093 - NDCG(10): 0.308731 - HR(10): 0.592550 - NDCG(20): 0.354103 - HR(20): 0.768874 - NDCG(50): 0.385485 - HR(50): 0.926821
2026-06-24 17:31:25,489 P89007 INFO [Time] eval_time=8.6729s
2026-06-24 17:31:25,489 P89007 INFO ********* Train Turn 290 *********
2026-06-24 17:31:32,337 P89007 INFO Clients average loss: 0.3418739140033722
2026-06-24 17:31:32,338 P89007 INFO [Time] turn=290 local_train_time=6.0730s avg_client_train_time=0.010055s max_client_train_time=0.033551s min_client_train_time=0.006087s median_client_train_time=0.008778s aggregation_time=0.1626s round_time=6.8496s
2026-06-24 17:31:32,339 P89007 INFO ********* Train Turn 291 *********
2026-06-24 17:31:41,403 P89007 INFO Clients average loss: 0.34046798944473267
2026-06-24 17:31:41,405 P89007 INFO [Time] turn=291 local_train_time=8.3793s avg_client_train_time=0.013873s max_client_train_time=0.051480s min_client_train_time=0.006142s median_client_train_time=0.011314s aggregation_time=0.1591s round_time=9.0663s
2026-06-24 17:31:41,405 P89007 INFO ********* Train Turn 292 *********
2026-06-24 17:31:49,586 P89007 INFO Clients average loss: 0.3322204053401947
2026-06-24 17:31:49,587 P89007 INFO [Time] turn=292 local_train_time=7.5197s avg_client_train_time=0.012450s max_client_train_time=0.038072s min_client_train_time=0.006125s median_client_train_time=0.010347s aggregation_time=0.1647s round_time=8.1816s
2026-06-24 17:31:49,587 P89007 INFO ********* Train Turn 293 *********
2026-06-24 17:31:58,105 P89007 INFO Clients average loss: 0.3280107080936432
2026-06-24 17:31:58,109 P89007 INFO [Time] turn=293 local_train_time=7.8399s avg_client_train_time=0.012980s max_client_train_time=0.049866s min_client_train_time=0.006086s median_client_train_time=0.010544s aggregation_time=0.1508s round_time=8.5217s
2026-06-24 17:31:58,109 P89007 INFO ********* Train Turn 294 *********
2026-06-24 17:32:06,166 P89007 INFO Clients average loss: 0.33992496132850647
2026-06-24 17:32:06,168 P89007 INFO [Time] turn=294 local_train_time=7.4093s avg_client_train_time=0.012267s max_client_train_time=0.056436s min_client_train_time=0.006044s median_client_train_time=0.010362s aggregation_time=0.1516s round_time=8.0591s
2026-06-24 17:32:06,168 P89007 INFO ********* Train Turn 295 *********
2026-06-24 17:32:14,959 P89007 INFO Clients average loss: 0.34825846552848816
2026-06-24 17:32:14,960 P89007 INFO [Time] turn=295 local_train_time=8.0641s avg_client_train_time=0.013351s max_client_train_time=0.111704s min_client_train_time=0.006310s median_client_train_time=0.011052s aggregation_time=0.2031s round_time=8.7919s
2026-06-24 17:32:14,960 P89007 INFO ********* Train Turn 296 *********
2026-06-24 17:32:24,365 P89007 INFO Clients average loss: 0.33601346611976624
2026-06-24 17:32:24,367 P89007 INFO [Time] turn=296 local_train_time=8.6971s avg_client_train_time=0.014399s max_client_train_time=0.079950s min_client_train_time=0.006627s median_client_train_time=0.011670s aggregation_time=0.1748s round_time=9.4065s
2026-06-24 17:32:24,367 P89007 INFO ********* Train Turn 297 *********
2026-06-24 17:32:32,855 P89007 INFO Clients average loss: 0.334550142288208
2026-06-24 17:32:32,856 P89007 INFO [Time] turn=297 local_train_time=7.7318s avg_client_train_time=0.012801s max_client_train_time=0.145116s min_client_train_time=0.006067s median_client_train_time=0.009992s aggregation_time=0.1906s round_time=8.4887s
2026-06-24 17:32:32,856 P89007 INFO ********* Train Turn 298 *********
2026-06-24 17:32:41,089 P89007 INFO Clients average loss: 0.33845287561416626
2026-06-24 17:32:41,089 P89007 INFO [Time] turn=298 local_train_time=7.5818s avg_client_train_time=0.012553s max_client_train_time=0.042961s min_client_train_time=0.006219s median_client_train_time=0.010246s aggregation_time=0.1528s round_time=8.2330s
2026-06-24 17:32:41,089 P89007 INFO ********* Train Turn 299 *********
2026-06-24 17:32:49,612 P89007 INFO Clients average loss: 0.3375782072544098
2026-06-24 17:32:49,612 P89007 INFO [Time] turn=299 local_train_time=7.8353s avg_client_train_time=0.012972s max_client_train_time=0.038664s min_client_train_time=0.006168s median_client_train_time=0.010529s aggregation_time=0.1863s round_time=8.5227s
2026-06-24 17:32:49,612 P89007 INFO ********* Eval @ Turn 299 *********
2026-06-24 17:32:49,612 P89007 INFO [EvalRoundClientTime] turn=299 avg=0.012972s max=0.038664s min=0.006168s median=0.010529s
2026-06-24 17:32:56,966 P89007 INFO [Metrics] logloss: 2.220076 - MRR: 0.242541 - NDCG(5): 0.232580 - HR(5): 0.355132 - NDCG(10): 0.309326 - HR(10): 0.594536 - NDCG(20): 0.353484 - HR(20): 0.765397 - NDCG(50): 0.386056 - HR(50): 0.929305
2026-06-24 17:32:56,967 P89007 INFO [Time] eval_time=7.3552s
2026-06-24 17:32:56,967 P89007 INFO ********* Train Turn 300 *********
2026-06-24 17:33:03,636 P89007 INFO Clients average loss: 0.33280274271965027
2026-06-24 17:33:03,637 P89007 INFO [Time] turn=300 local_train_time=6.0041s avg_client_train_time=0.009941s max_client_train_time=0.031501s min_client_train_time=0.006045s median_client_train_time=0.008521s aggregation_time=0.1618s round_time=6.6695s
2026-06-24 17:33:03,637 P89007 INFO ********* Train Turn 301 *********
2026-06-24 17:33:11,568 P89007 INFO Clients average loss: 0.3348790109157562
2026-06-24 17:33:11,570 P89007 INFO [Time] turn=301 local_train_time=7.2903s avg_client_train_time=0.012070s max_client_train_time=0.039411s min_client_train_time=0.006146s median_client_train_time=0.010171s aggregation_time=0.1482s round_time=7.9324s
2026-06-24 17:33:11,570 P89007 INFO ********* Train Turn 302 *********
2026-06-24 17:33:19,678 P89007 INFO Clients average loss: 0.33629903197288513
2026-06-24 17:33:19,679 P89007 INFO [Time] turn=302 local_train_time=7.4712s avg_client_train_time=0.012369s max_client_train_time=0.048178s min_client_train_time=0.006107s median_client_train_time=0.010343s aggregation_time=0.1456s round_time=8.1087s
2026-06-24 17:33:19,679 P89007 INFO ********* Train Turn 303 *********
2026-06-24 17:33:27,723 P89007 INFO Clients average loss: 0.32548847794532776
2026-06-24 17:33:27,723 P89007 INFO [Time] turn=303 local_train_time=7.4065s avg_client_train_time=0.012262s max_client_train_time=0.041555s min_client_train_time=0.005951s median_client_train_time=0.010178s aggregation_time=0.1463s round_time=8.0441s
2026-06-24 17:33:27,723 P89007 INFO ********* Train Turn 304 *********
2026-06-24 17:33:35,715 P89007 INFO Clients average loss: 0.33743321895599365
2026-06-24 17:33:35,715 P89007 INFO [Time] turn=304 local_train_time=7.3546s avg_client_train_time=0.012177s max_client_train_time=0.044933s min_client_train_time=0.005917s median_client_train_time=0.010238s aggregation_time=0.1452s round_time=7.9923s
2026-06-24 17:33:35,716 P89007 INFO ********* Train Turn 305 *********
2026-06-24 17:33:43,776 P89007 INFO Clients average loss: 0.33563411235809326
2026-06-24 17:33:43,777 P89007 INFO [Time] turn=305 local_train_time=7.4247s avg_client_train_time=0.012292s max_client_train_time=0.042289s min_client_train_time=0.006104s median_client_train_time=0.010102s aggregation_time=0.1455s round_time=8.0608s
2026-06-24 17:33:43,777 P89007 INFO ********* Train Turn 306 *********
2026-06-24 17:33:51,911 P89007 INFO Clients average loss: 0.33073681592941284
2026-06-24 17:33:51,912 P89007 INFO [Time] turn=306 local_train_time=7.4955s avg_client_train_time=0.012410s max_client_train_time=0.042890s min_client_train_time=0.006217s median_client_train_time=0.010457s aggregation_time=0.1479s round_time=8.1352s
2026-06-24 17:33:51,912 P89007 INFO ********* Train Turn 307 *********
2026-06-24 17:34:00,176 P89007 INFO Clients average loss: 0.3297490179538727
2026-06-24 17:34:00,178 P89007 INFO [Time] turn=307 local_train_time=7.6254s avg_client_train_time=0.012625s max_client_train_time=0.041465s min_client_train_time=0.006182s median_client_train_time=0.010388s aggregation_time=0.1475s round_time=8.2656s
2026-06-24 17:34:00,178 P89007 INFO ********* Train Turn 308 *********
2026-06-24 17:34:08,536 P89007 INFO Clients average loss: 0.33074280619621277
2026-06-24 17:34:08,536 P89007 INFO [Time] turn=308 local_train_time=7.7213s avg_client_train_time=0.012784s max_client_train_time=0.052708s min_client_train_time=0.006275s median_client_train_time=0.010475s aggregation_time=0.1440s round_time=8.3580s
2026-06-24 17:34:08,536 P89007 INFO ********* Train Turn 309 *********
2026-06-24 17:34:16,750 P89007 INFO Clients average loss: 0.3301127851009369
2026-06-24 17:34:16,751 P89007 INFO [Time] turn=309 local_train_time=7.5747s avg_client_train_time=0.012541s max_client_train_time=0.043443s min_client_train_time=0.005999s median_client_train_time=0.010424s aggregation_time=0.1481s round_time=8.2146s
2026-06-24 17:34:16,751 P89007 INFO ********* Eval @ Turn 309 *********
2026-06-24 17:34:16,751 P89007 INFO [EvalRoundClientTime] turn=309 avg=0.012541s max=0.043443s min=0.005999s median=0.010424s
2026-06-24 17:34:23,419 P89007 INFO [Metrics] logloss: 2.238756 - MRR: 0.232576 - NDCG(5): 0.222827 - HR(5): 0.347682 - NDCG(10): 0.296919 - HR(10): 0.578808 - NDCG(20): 0.346467 - HR(20): 0.770199 - NDCG(50): 0.378092 - HR(50): 0.929636
2026-06-24 17:34:23,420 P89007 INFO [Time] eval_time=6.6691s
2026-06-24 17:34:23,420 P89007 INFO ********* Train Turn 310 *********
2026-06-24 17:34:30,404 P89007 INFO Clients average loss: 0.3298131227493286
2026-06-24 17:34:30,405 P89007 INFO [Time] turn=310 local_train_time=6.3121s avg_client_train_time=0.010451s max_client_train_time=0.047407s min_client_train_time=0.005964s median_client_train_time=0.008702s aggregation_time=0.1670s round_time=6.9845s
2026-06-24 17:34:30,405 P89007 INFO ********* Train Turn 311 *********
2026-06-24 17:34:38,441 P89007 INFO Clients average loss: 0.3264567255973816
2026-06-24 17:34:38,442 P89007 INFO [Time] turn=311 local_train_time=7.3933s avg_client_train_time=0.012240s max_client_train_time=0.041381s min_client_train_time=0.005997s median_client_train_time=0.010293s aggregation_time=0.1502s round_time=8.0367s
2026-06-24 17:34:38,442 P89007 INFO ********* Train Turn 312 *********
2026-06-24 17:34:47,328 P89007 INFO Clients average loss: 0.3201930522918701
2026-06-24 17:34:47,329 P89007 INFO [Time] turn=312 local_train_time=8.0994s avg_client_train_time=0.013410s max_client_train_time=0.047466s min_client_train_time=0.006087s median_client_train_time=0.011345s aggregation_time=0.1960s round_time=8.8869s
2026-06-24 17:34:47,329 P89007 INFO ********* Train Turn 313 *********
2026-06-24 17:34:56,556 P89007 INFO Clients average loss: 0.3317151665687561
2026-06-24 17:34:56,556 P89007 INFO [Time] turn=313 local_train_time=8.4917s avg_client_train_time=0.014059s max_client_train_time=0.140177s min_client_train_time=0.006281s median_client_train_time=0.011252s aggregation_time=0.2071s round_time=9.2270s
2026-06-24 17:34:56,556 P89007 INFO ********* Train Turn 314 *********
2026-06-24 17:35:05,646 P89007 INFO Clients average loss: 0.3307119309902191
2026-06-24 17:35:05,646 P89007 INFO [Time] turn=314 local_train_time=8.3795s avg_client_train_time=0.013873s max_client_train_time=0.056475s min_client_train_time=0.006194s median_client_train_time=0.011425s aggregation_time=0.1804s round_time=9.0903s
2026-06-24 17:35:05,646 P89007 INFO ********* Train Turn 315 *********
2026-06-24 17:35:14,173 P89007 INFO Clients average loss: 0.3193952739238739
2026-06-24 17:35:14,174 P89007 INFO [Time] turn=315 local_train_time=7.8138s avg_client_train_time=0.012937s max_client_train_time=0.064184s min_client_train_time=0.006268s median_client_train_time=0.010917s aggregation_time=0.1862s round_time=8.5274s
2026-06-24 17:35:14,174 P89007 INFO ********* Train Turn 316 *********
2026-06-24 17:35:23,864 P89007 INFO Clients average loss: 0.32562053203582764
2026-06-24 17:35:23,865 P89007 INFO [Time] turn=316 local_train_time=8.8583s avg_client_train_time=0.014666s max_client_train_time=0.084868s min_client_train_time=0.006591s median_client_train_time=0.011135s aggregation_time=0.1666s round_time=9.5987s
2026-06-24 17:35:23,865 P89007 INFO ********* Train Turn 317 *********
2026-06-24 17:35:32,143 P89007 INFO Clients average loss: 0.3239412009716034
2026-06-24 17:35:32,143 P89007 INFO [Time] turn=317 local_train_time=7.6336s avg_client_train_time=0.012638s max_client_train_time=0.057011s min_client_train_time=0.006159s median_client_train_time=0.010547s aggregation_time=0.1482s round_time=8.2780s
2026-06-24 17:35:32,143 P89007 INFO ********* Train Turn 318 *********
2026-06-24 17:35:40,748 P89007 INFO Clients average loss: 0.3309457004070282
2026-06-24 17:35:40,748 P89007 INFO [Time] turn=318 local_train_time=7.8680s avg_client_train_time=0.013027s max_client_train_time=0.186605s min_client_train_time=0.006215s median_client_train_time=0.010544s aggregation_time=0.2073s round_time=8.6046s
2026-06-24 17:35:40,748 P89007 INFO ********* Train Turn 319 *********
2026-06-24 17:35:48,701 P89007 INFO Clients average loss: 0.3263911008834839
2026-06-24 17:35:48,701 P89007 INFO [Time] turn=319 local_train_time=7.2549s avg_client_train_time=0.012011s max_client_train_time=0.044691s min_client_train_time=0.006183s median_client_train_time=0.010063s aggregation_time=0.1682s round_time=7.9528s
2026-06-24 17:35:48,701 P89007 INFO ********* Eval @ Turn 319 *********
2026-06-24 17:35:48,701 P89007 INFO [EvalRoundClientTime] turn=319 avg=0.012011s max=0.044691s min=0.006183s median=0.010063s
2026-06-24 17:35:55,429 P89007 INFO [Metrics] logloss: 2.171020 - MRR: 0.241117 - NDCG(5): 0.231547 - HR(5): 0.356954 - NDCG(10): 0.309981 - HR(10): 0.601656 - NDCG(20): 0.353919 - HR(20): 0.771358 - NDCG(50): 0.385596 - HR(50): 0.931457
2026-06-24 17:35:55,430 P89007 INFO [Time] eval_time=6.7282s
2026-06-24 17:35:55,430 P89007 INFO ********* Train Turn 320 *********
2026-06-24 17:36:03,066 P89007 INFO Clients average loss: 0.32731157541275024
2026-06-24 17:36:03,067 P89007 INFO [Time] turn=320 local_train_time=6.8675s avg_client_train_time=0.011370s max_client_train_time=0.042046s min_client_train_time=0.006373s median_client_train_time=0.009653s aggregation_time=0.1752s round_time=7.6369s
2026-06-24 17:36:03,067 P89007 INFO ********* Train Turn 321 *********
2026-06-24 17:36:11,420 P89007 INFO Clients average loss: 0.3175617754459381
2026-06-24 17:36:11,421 P89007 INFO [Time] turn=321 local_train_time=7.6933s avg_client_train_time=0.012737s max_client_train_time=0.042832s min_client_train_time=0.006082s median_client_train_time=0.010472s aggregation_time=0.1570s round_time=8.3535s
2026-06-24 17:36:11,421 P89007 INFO ********* Train Turn 322 *********
2026-06-24 17:36:19,896 P89007 INFO Clients average loss: 0.32366347312927246
2026-06-24 17:36:19,896 P89007 INFO [Time] turn=322 local_train_time=7.7908s avg_client_train_time=0.012899s max_client_train_time=0.078759s min_client_train_time=0.006264s median_client_train_time=0.010588s aggregation_time=0.1577s round_time=8.4749s
2026-06-24 17:36:19,897 P89007 INFO ********* Train Turn 323 *********
2026-06-24 17:36:28,220 P89007 INFO Clients average loss: 0.32792726159095764
2026-06-24 17:36:28,220 P89007 INFO [Time] turn=323 local_train_time=7.6801s avg_client_train_time=0.012715s max_client_train_time=0.051593s min_client_train_time=0.006081s median_client_train_time=0.010572s aggregation_time=0.1448s round_time=8.3230s
2026-06-24 17:36:28,220 P89007 INFO ********* Train Turn 324 *********
2026-06-24 17:36:36,616 P89007 INFO Clients average loss: 0.32993921637535095
2026-06-24 17:36:36,617 P89007 INFO [Time] turn=324 local_train_time=7.7373s avg_client_train_time=0.012810s max_client_train_time=0.094215s min_client_train_time=0.006066s median_client_train_time=0.010468s aggregation_time=0.1577s round_time=8.3968s
2026-06-24 17:36:36,617 P89007 INFO ********* Train Turn 325 *********
2026-06-24 17:36:44,433 P89007 INFO Clients average loss: 0.3148275315761566
2026-06-24 17:36:44,434 P89007 INFO [Time] turn=325 local_train_time=7.1764s avg_client_train_time=0.011881s max_client_train_time=0.042264s min_client_train_time=0.006071s median_client_train_time=0.010055s aggregation_time=0.1462s round_time=7.8162s
2026-06-24 17:36:44,434 P89007 INFO ********* Train Turn 326 *********
2026-06-24 17:36:54,240 P89007 INFO Clients average loss: 0.31226375699043274
2026-06-24 17:36:54,242 P89007 INFO [Time] turn=326 local_train_time=9.0372s avg_client_train_time=0.014962s max_client_train_time=0.109757s min_client_train_time=0.006366s median_client_train_time=0.011973s aggregation_time=0.1755s round_time=9.8082s
2026-06-24 17:36:54,243 P89007 INFO ********* Train Turn 327 *********
2026-06-24 17:37:02,852 P89007 INFO Clients average loss: 0.3236261010169983
2026-06-24 17:37:02,852 P89007 INFO [Time] turn=327 local_train_time=7.9420s avg_client_train_time=0.013149s max_client_train_time=0.063945s min_client_train_time=0.006110s median_client_train_time=0.010647s aggregation_time=0.1555s round_time=8.6090s
2026-06-24 17:37:02,852 P89007 INFO ********* Train Turn 328 *********
2026-06-24 17:37:11,120 P89007 INFO Clients average loss: 0.3177107572555542
2026-06-24 17:37:11,120 P89007 INFO [Time] turn=328 local_train_time=7.5508s avg_client_train_time=0.012501s max_client_train_time=0.056489s min_client_train_time=0.006077s median_client_train_time=0.010083s aggregation_time=0.1945s round_time=8.2679s
2026-06-24 17:37:11,120 P89007 INFO ********* Train Turn 329 *********
2026-06-24 17:37:18,981 P89007 INFO Clients average loss: 0.3209885358810425
2026-06-24 17:37:18,982 P89007 INFO [Time] turn=329 local_train_time=7.1766s avg_client_train_time=0.011882s max_client_train_time=0.040371s min_client_train_time=0.006133s median_client_train_time=0.010037s aggregation_time=0.1870s round_time=7.8619s
2026-06-24 17:37:18,983 P89007 INFO ********* Eval @ Turn 329 *********
2026-06-24 17:37:18,983 P89007 INFO [EvalRoundClientTime] turn=329 avg=0.011882s max=0.040371s min=0.006133s median=0.010037s
2026-06-24 17:37:25,635 P89007 INFO [Metrics] logloss: 2.152537 - MRR: 0.249304 - NDCG(5): 0.242721 - HR(5): 0.374834 - NDCG(10): 0.322215 - HR(10): 0.622185 - NDCG(20): 0.361038 - HR(20): 0.772351 - NDCG(50): 0.393200 - HR(50): 0.933940
2026-06-24 17:37:25,636 P89007 INFO [Time] eval_time=6.6533s
2026-06-24 17:37:25,636 P89007 INFO ********* Train Turn 330 *********
2026-06-24 17:37:32,712 P89007 INFO Clients average loss: 0.31343701481819153
2026-06-24 17:37:32,712 P89007 INFO [Time] turn=330 local_train_time=6.3904s avg_client_train_time=0.010580s max_client_train_time=0.032828s min_client_train_time=0.006141s median_client_train_time=0.008936s aggregation_time=0.1670s round_time=7.0758s
2026-06-24 17:37:32,712 P89007 INFO ********* Train Turn 331 *********
2026-06-24 17:37:40,452 P89007 INFO Clients average loss: 0.3178447484970093
2026-06-24 17:37:40,454 P89007 INFO [Time] turn=331 local_train_time=7.0439s avg_client_train_time=0.011662s max_client_train_time=0.074924s min_client_train_time=0.006045s median_client_train_time=0.009483s aggregation_time=0.1860s round_time=7.7408s
2026-06-24 17:37:40,454 P89007 INFO ********* Train Turn 332 *********
2026-06-24 17:37:49,055 P89007 INFO Clients average loss: 0.31649988889694214
2026-06-24 17:37:49,055 P89007 INFO [Time] turn=332 local_train_time=7.8598s avg_client_train_time=0.013013s max_client_train_time=0.056236s min_client_train_time=0.006265s median_client_train_time=0.010667s aggregation_time=0.2298s round_time=8.6014s
2026-06-24 17:37:49,055 P89007 INFO ********* Train Turn 333 *********
2026-06-24 17:37:57,113 P89007 INFO Clients average loss: 0.3185918629169464
2026-06-24 17:37:57,113 P89007 INFO [Time] turn=333 local_train_time=7.3501s avg_client_train_time=0.012169s max_client_train_time=0.064736s min_client_train_time=0.006102s median_client_train_time=0.010144s aggregation_time=0.1784s round_time=8.0575s
2026-06-24 17:37:57,113 P89007 INFO ********* Train Turn 334 *********
2026-06-24 17:38:05,399 P89007 INFO Clients average loss: 0.31707850098609924
2026-06-24 17:38:05,401 P89007 INFO [Time] turn=334 local_train_time=7.5709s avg_client_train_time=0.012535s max_client_train_time=0.041178s min_client_train_time=0.006114s median_client_train_time=0.010580s aggregation_time=0.2056s round_time=8.2873s
2026-06-24 17:38:05,401 P89007 INFO ********* Train Turn 335 *********
2026-06-24 17:38:13,569 P89007 INFO Clients average loss: 0.3250114321708679
2026-06-24 17:38:13,569 P89007 INFO [Time] turn=335 local_train_time=7.4969s avg_client_train_time=0.012412s max_client_train_time=0.040958s min_client_train_time=0.006001s median_client_train_time=0.010467s aggregation_time=0.1597s round_time=8.1678s
2026-06-24 17:38:13,569 P89007 INFO ********* Train Turn 336 *********
2026-06-24 17:38:22,267 P89007 INFO Clients average loss: 0.3204563856124878
2026-06-24 17:38:22,270 P89007 INFO [Time] turn=336 local_train_time=7.9574s avg_client_train_time=0.013174s max_client_train_time=0.140986s min_client_train_time=0.006223s median_client_train_time=0.010328s aggregation_time=0.1836s round_time=8.7008s
2026-06-24 17:38:22,271 P89007 INFO ********* Train Turn 337 *********
2026-06-24 17:38:30,790 P89007 INFO Clients average loss: 0.32259222865104675
2026-06-24 17:38:30,792 P89007 INFO [Time] turn=337 local_train_time=7.8547s avg_client_train_time=0.013004s max_client_train_time=0.063650s min_client_train_time=0.006195s median_client_train_time=0.010775s aggregation_time=0.1598s round_time=8.5209s
2026-06-24 17:38:30,792 P89007 INFO ********* Train Turn 338 *********
2026-06-24 17:38:39,123 P89007 INFO Clients average loss: 0.3250148892402649
2026-06-24 17:38:39,123 P89007 INFO [Time] turn=338 local_train_time=7.6748s avg_client_train_time=0.012707s max_client_train_time=0.048215s min_client_train_time=0.006194s median_client_train_time=0.010645s aggregation_time=0.1491s round_time=8.3311s
2026-06-24 17:38:39,123 P89007 INFO ********* Train Turn 339 *********
2026-06-24 17:38:47,364 P89007 INFO Clients average loss: 0.323236882686615
2026-06-24 17:38:47,365 P89007 INFO [Time] turn=339 local_train_time=7.5922s avg_client_train_time=0.012570s max_client_train_time=0.037308s min_client_train_time=0.006078s median_client_train_time=0.010658s aggregation_time=0.1503s round_time=8.2416s
2026-06-24 17:38:47,365 P89007 INFO ********* Eval @ Turn 339 *********
2026-06-24 17:38:47,365 P89007 INFO [EvalRoundClientTime] turn=339 avg=0.012570s max=0.037308s min=0.006078s median=0.010658s
2026-06-24 17:38:54,368 P89007 INFO [Metrics] logloss: 2.081303 - MRR: 0.255074 - NDCG(5): 0.247601 - HR(5): 0.377318 - NDCG(10): 0.326753 - HR(10): 0.623841 - NDCG(20): 0.368505 - HR(20): 0.786589 - NDCG(50): 0.398378 - HR(50): 0.935762
2026-06-24 17:38:54,370 P89007 INFO [Time] eval_time=7.0047s
2026-06-24 17:38:54,370 P89007 INFO ********* Train Turn 340 *********
2026-06-24 17:39:01,956 P89007 INFO Clients average loss: 0.32611119747161865
2026-06-24 17:39:01,956 P89007 INFO [Time] turn=340 local_train_time=6.8870s avg_client_train_time=0.011402s max_client_train_time=0.046885s min_client_train_time=0.006148s median_client_train_time=0.009419s aggregation_time=0.1665s round_time=7.5853s
2026-06-24 17:39:01,956 P89007 INFO ********* Train Turn 341 *********
2026-06-24 17:39:10,613 P89007 INFO Clients average loss: 0.31947842240333557
2026-06-24 17:39:10,613 P89007 INFO [Time] turn=341 local_train_time=7.9936s avg_client_train_time=0.013234s max_client_train_time=0.048554s min_client_train_time=0.006104s median_client_train_time=0.010918s aggregation_time=0.1509s round_time=8.6571s
2026-06-24 17:39:10,614 P89007 INFO ********* Train Turn 342 *********
2026-06-24 17:39:18,910 P89007 INFO Clients average loss: 0.309547483921051
2026-06-24 17:39:18,910 P89007 INFO [Time] turn=342 local_train_time=7.5778s avg_client_train_time=0.012546s max_client_train_time=0.054928s min_client_train_time=0.006071s median_client_train_time=0.010379s aggregation_time=0.1514s round_time=8.2962s
2026-06-24 17:39:18,910 P89007 INFO ********* Train Turn 343 *********
2026-06-24 17:39:26,944 P89007 INFO Clients average loss: 0.3088855445384979
2026-06-24 17:39:26,944 P89007 INFO [Time] turn=343 local_train_time=7.3925s avg_client_train_time=0.012239s max_client_train_time=0.043277s min_client_train_time=0.006055s median_client_train_time=0.010272s aggregation_time=0.1500s round_time=8.0339s
2026-06-24 17:39:26,944 P89007 INFO ********* Train Turn 344 *********
2026-06-24 17:39:35,263 P89007 INFO Clients average loss: 0.3178849518299103
2026-06-24 17:39:35,267 P89007 INFO [Time] turn=344 local_train_time=7.6757s avg_client_train_time=0.012708s max_client_train_time=0.044325s min_client_train_time=0.006013s median_client_train_time=0.010562s aggregation_time=0.1514s round_time=8.3220s
2026-06-24 17:39:35,267 P89007 INFO ********* Train Turn 345 *********
2026-06-24 17:39:43,403 P89007 INFO Clients average loss: 0.3230147361755371
2026-06-24 17:39:43,403 P89007 INFO [Time] turn=345 local_train_time=7.4950s avg_client_train_time=0.012409s max_client_train_time=0.040734s min_client_train_time=0.005919s median_client_train_time=0.010359s aggregation_time=0.1485s round_time=8.1353s
2026-06-24 17:39:43,403 P89007 INFO ********* Train Turn 346 *********
2026-06-24 17:39:51,455 P89007 INFO Clients average loss: 0.31227725744247437
2026-06-24 17:39:51,457 P89007 INFO [Time] turn=346 local_train_time=7.4129s avg_client_train_time=0.012273s max_client_train_time=0.043459s min_client_train_time=0.006038s median_client_train_time=0.010090s aggregation_time=0.1501s round_time=8.0537s
2026-06-24 17:39:51,457 P89007 INFO ********* Train Turn 347 *********
2026-06-24 17:40:00,823 P89007 INFO Clients average loss: 0.31068652868270874
2026-06-24 17:40:00,824 P89007 INFO [Time] turn=347 local_train_time=8.5296s avg_client_train_time=0.014122s max_client_train_time=0.203189s min_client_train_time=0.006063s median_client_train_time=0.010933s aggregation_time=0.2945s round_time=9.3661s
2026-06-24 17:40:00,824 P89007 INFO ********* Train Turn 348 *********
2026-06-24 17:40:09,302 P89007 INFO Clients average loss: 0.3113851547241211
2026-06-24 17:40:09,304 P89007 INFO [Time] turn=348 local_train_time=7.7907s avg_client_train_time=0.012898s max_client_train_time=0.042308s min_client_train_time=0.006615s median_client_train_time=0.010901s aggregation_time=0.1523s round_time=8.4795s
2026-06-24 17:40:09,304 P89007 INFO ********* Train Turn 349 *********
2026-06-24 17:40:17,986 P89007 INFO Clients average loss: 0.3180433213710785
2026-06-24 17:40:17,986 P89007 INFO [Time] turn=349 local_train_time=8.0313s avg_client_train_time=0.013297s max_client_train_time=0.042919s min_client_train_time=0.006102s median_client_train_time=0.010963s aggregation_time=0.1474s round_time=8.6824s
2026-06-24 17:40:17,986 P89007 INFO ********* Eval @ Turn 349 *********
2026-06-24 17:40:17,986 P89007 INFO [EvalRoundClientTime] turn=349 avg=0.013297s max=0.042919s min=0.006102s median=0.010963s
2026-06-24 17:40:25,913 P89007 INFO [Metrics] logloss: 1.820754 - MRR: 0.254819 - NDCG(5): 0.244182 - HR(5): 0.365232 - NDCG(10): 0.322169 - HR(10): 0.608609 - NDCG(20): 0.365900 - HR(20): 0.777980 - NDCG(50): 0.398148 - HR(50): 0.939735
2026-06-24 17:40:25,915 P89007 INFO [Time] eval_time=7.9287s
2026-06-24 17:40:25,915 P89007 INFO ********* Train Turn 350 *********
2026-06-24 17:40:33,399 P89007 INFO Clients average loss: 0.31548988819122314
2026-06-24 17:40:33,400 P89007 INFO [Time] turn=350 local_train_time=6.7034s avg_client_train_time=0.011098s max_client_train_time=0.040580s min_client_train_time=0.006591s median_client_train_time=0.009286s aggregation_time=0.1647s round_time=7.4840s
2026-06-24 17:40:33,400 P89007 INFO ********* Train Turn 351 *********
2026-06-24 17:40:42,135 P89007 INFO Clients average loss: 0.31928855180740356
2026-06-24 17:40:42,136 P89007 INFO [Time] turn=351 local_train_time=8.0498s avg_client_train_time=0.013327s max_client_train_time=0.046852s min_client_train_time=0.006165s median_client_train_time=0.010935s aggregation_time=0.1608s round_time=8.7356s
2026-06-24 17:40:42,136 P89007 INFO ********* Train Turn 352 *********
2026-06-24 17:40:51,224 P89007 INFO Clients average loss: 0.31583669781684875
2026-06-24 17:40:51,225 P89007 INFO [Time] turn=352 local_train_time=8.4183s avg_client_train_time=0.013938s max_client_train_time=0.043723s min_client_train_time=0.006269s median_client_train_time=0.011199s aggregation_time=0.1475s round_time=9.0892s
2026-06-24 17:40:51,225 P89007 INFO ********* Train Turn 353 *********
2026-06-24 17:41:00,111 P89007 INFO Clients average loss: 0.3105946481227875
2026-06-24 17:41:00,112 P89007 INFO [Time] turn=353 local_train_time=8.2132s avg_client_train_time=0.013598s max_client_train_time=0.087448s min_client_train_time=0.006118s median_client_train_time=0.010805s aggregation_time=0.1601s round_time=8.8863s
2026-06-24 17:41:00,112 P89007 INFO ********* Train Turn 354 *********
2026-06-24 17:41:08,549 P89007 INFO Clients average loss: 0.3145935833454132
2026-06-24 17:41:08,551 P89007 INFO [Time] turn=354 local_train_time=7.7873s avg_client_train_time=0.012893s max_client_train_time=0.043770s min_client_train_time=0.006108s median_client_train_time=0.010785s aggregation_time=0.1494s round_time=8.4382s
2026-06-24 17:41:08,551 P89007 INFO ********* Train Turn 355 *********
2026-06-24 17:41:16,979 P89007 INFO Clients average loss: 0.31581705808639526
2026-06-24 17:41:16,981 P89007 INFO [Time] turn=355 local_train_time=7.7361s avg_client_train_time=0.012808s max_client_train_time=0.041108s min_client_train_time=0.006151s median_client_train_time=0.010728s aggregation_time=0.1822s round_time=8.4298s
2026-06-24 17:41:16,981 P89007 INFO ********* Train Turn 356 *********
2026-06-24 17:41:25,472 P89007 INFO Clients average loss: 0.31336650252342224
2026-06-24 17:41:25,472 P89007 INFO [Time] turn=356 local_train_time=7.8252s avg_client_train_time=0.012956s max_client_train_time=0.041691s min_client_train_time=0.006097s median_client_train_time=0.011019s aggregation_time=0.1479s round_time=8.4912s
2026-06-24 17:41:25,472 P89007 INFO ********* Train Turn 357 *********
2026-06-24 17:41:34,168 P89007 INFO Clients average loss: 0.3181731700897217
2026-06-24 17:41:34,170 P89007 INFO [Time] turn=357 local_train_time=8.0091s avg_client_train_time=0.013260s max_client_train_time=0.067976s min_client_train_time=0.006199s median_client_train_time=0.011135s aggregation_time=0.1659s round_time=8.6971s
2026-06-24 17:41:34,170 P89007 INFO ********* Train Turn 358 *********
2026-06-24 17:41:43,012 P89007 INFO Clients average loss: 0.31160783767700195
2026-06-24 17:41:43,014 P89007 INFO [Time] turn=358 local_train_time=8.1699s avg_client_train_time=0.013526s max_client_train_time=0.045065s min_client_train_time=0.006249s median_client_train_time=0.011397s aggregation_time=0.1541s round_time=8.8438s
2026-06-24 17:41:43,014 P89007 INFO ********* Train Turn 359 *********
2026-06-24 17:41:52,085 P89007 INFO Clients average loss: 0.3182642459869385
2026-06-24 17:41:52,085 P89007 INFO [Time] turn=359 local_train_time=8.3884s avg_client_train_time=0.013888s max_client_train_time=0.057726s min_client_train_time=0.006280s median_client_train_time=0.011618s aggregation_time=0.1514s round_time=9.0706s
2026-06-24 17:41:52,085 P89007 INFO ********* Eval @ Turn 359 *********
2026-06-24 17:41:52,085 P89007 INFO [EvalRoundClientTime] turn=359 avg=0.013888s max=0.057726s min=0.006280s median=0.011618s
2026-06-24 17:42:00,141 P89007 INFO [Metrics] logloss: 1.751007 - MRR: 0.253537 - NDCG(5): 0.245750 - HR(5): 0.373675 - NDCG(10): 0.323678 - HR(10): 0.616556 - NDCG(20): 0.365143 - HR(20): 0.777815 - NDCG(50): 0.397102 - HR(50): 0.937914
2026-06-24 17:42:00,143 P89007 INFO [Time] eval_time=8.0577s
2026-06-24 17:42:00,143 P89007 INFO ********* Train Turn 360 *********
2026-06-24 17:42:07,826 P89007 INFO Clients average loss: 0.31094399094581604
2026-06-24 17:42:07,828 P89007 INFO [Time] turn=360 local_train_time=6.9817s avg_client_train_time=0.011559s max_client_train_time=0.044140s min_client_train_time=0.006201s median_client_train_time=0.009615s aggregation_time=0.1649s round_time=7.6846s
2026-06-24 17:42:07,828 P89007 INFO ********* Train Turn 361 *********
2026-06-24 17:42:16,092 P89007 INFO Clients average loss: 0.3208065629005432
2026-06-24 17:42:16,092 P89007 INFO [Time] turn=361 local_train_time=7.6147s avg_client_train_time=0.012607s max_client_train_time=0.054861s min_client_train_time=0.006165s median_client_train_time=0.010539s aggregation_time=0.1515s round_time=8.2633s
2026-06-24 17:42:16,092 P89007 INFO ********* Train Turn 362 *********
2026-06-24 17:42:25,165 P89007 INFO Clients average loss: 0.31100356578826904
2026-06-24 17:42:25,166 P89007 INFO [Time] turn=362 local_train_time=8.3167s avg_client_train_time=0.013769s max_client_train_time=0.049956s min_client_train_time=0.006591s median_client_train_time=0.011204s aggregation_time=0.1773s round_time=9.0733s
2026-06-24 17:42:25,166 P89007 INFO ********* Train Turn 363 *********
2026-06-24 17:42:33,702 P89007 INFO Clients average loss: 0.31150129437446594
2026-06-24 17:42:33,703 P89007 INFO [Time] turn=363 local_train_time=7.8380s avg_client_train_time=0.012977s max_client_train_time=0.153434s min_client_train_time=0.006165s median_client_train_time=0.010562s aggregation_time=0.1687s round_time=8.5368s
2026-06-24 17:42:33,703 P89007 INFO ********* Train Turn 364 *********
2026-06-24 17:42:41,771 P89007 INFO Clients average loss: 0.3194407522678375
2026-06-24 17:42:41,772 P89007 INFO [Time] turn=364 local_train_time=7.4101s avg_client_train_time=0.012268s max_client_train_time=0.043452s min_client_train_time=0.006047s median_client_train_time=0.010256s aggregation_time=0.1628s round_time=8.0688s
2026-06-24 17:42:41,772 P89007 INFO ********* Train Turn 365 *********
2026-06-24 17:42:49,694 P89007 INFO Clients average loss: 0.312550812959671
2026-06-24 17:42:49,696 P89007 INFO [Time] turn=365 local_train_time=7.2695s avg_client_train_time=0.012036s max_client_train_time=0.040815s min_client_train_time=0.006058s median_client_train_time=0.010239s aggregation_time=0.1589s round_time=7.9233s
2026-06-24 17:42:49,696 P89007 INFO ********* Train Turn 366 *********
2026-06-24 17:42:58,175 P89007 INFO Clients average loss: 0.31792980432510376
2026-06-24 17:42:58,175 P89007 INFO [Time] turn=366 local_train_time=7.8315s avg_client_train_time=0.012966s max_client_train_time=0.063188s min_client_train_time=0.006148s median_client_train_time=0.010389s aggregation_time=0.1503s round_time=8.4786s
2026-06-24 17:42:58,175 P89007 INFO ********* Train Turn 367 *********
2026-06-24 17:43:07,083 P89007 INFO Clients average loss: 0.31030818819999695
2026-06-24 17:43:07,084 P89007 INFO [Time] turn=367 local_train_time=8.2227s avg_client_train_time=0.013614s max_client_train_time=0.061852s min_client_train_time=0.006257s median_client_train_time=0.011069s aggregation_time=0.1696s round_time=8.9082s
2026-06-24 17:43:07,084 P89007 INFO ********* Train Turn 368 *********
2026-06-24 17:43:16,312 P89007 INFO Clients average loss: 0.3078053593635559
2026-06-24 17:43:16,312 P89007 INFO [Time] turn=368 local_train_time=8.5484s avg_client_train_time=0.014153s max_client_train_time=0.127336s min_client_train_time=0.006542s median_client_train_time=0.011286s aggregation_time=0.1530s round_time=9.2279s
2026-06-24 17:43:16,312 P89007 INFO ********* Train Turn 369 *********
2026-06-24 17:43:25,489 P89007 INFO Clients average loss: 0.3028551936149597
2026-06-24 17:43:25,490 P89007 INFO [Time] turn=369 local_train_time=8.4006s avg_client_train_time=0.013908s max_client_train_time=0.051589s min_client_train_time=0.006123s median_client_train_time=0.011703s aggregation_time=0.2374s round_time=9.1777s
2026-06-24 17:43:25,490 P89007 INFO ********* Eval @ Turn 369 *********
2026-06-24 17:43:25,490 P89007 INFO [EvalRoundClientTime] turn=369 avg=0.013908s max=0.051589s min=0.006123s median=0.011703s
2026-06-24 17:43:33,687 P89007 INFO [Metrics] logloss: 1.633998 - MRR: 0.259387 - NDCG(5): 0.251691 - HR(5): 0.379967 - NDCG(10): 0.331081 - HR(10): 0.626987 - NDCG(20): 0.370605 - HR(20): 0.780464 - NDCG(50): 0.403418 - HR(50): 0.945861
2026-06-24 17:43:33,689 P89007 INFO [Time] eval_time=8.1985s
2026-06-24 17:43:33,689 P89007 INFO ********* Train Turn 370 *********
2026-06-24 17:43:41,455 P89007 INFO Clients average loss: 0.30609676241874695
2026-06-24 17:43:41,456 P89007 INFO [Time] turn=370 local_train_time=7.0802s avg_client_train_time=0.011722s max_client_train_time=0.088204s min_client_train_time=0.006028s median_client_train_time=0.009281s aggregation_time=0.1653s round_time=7.7669s
2026-06-24 17:43:41,456 P89007 INFO ********* Train Turn 371 *********
2026-06-24 17:43:49,476 P89007 INFO Clients average loss: 0.31159451603889465
2026-06-24 17:43:49,476 P89007 INFO [Time] turn=371 local_train_time=7.3772s avg_client_train_time=0.012214s max_client_train_time=0.042519s min_client_train_time=0.006182s median_client_train_time=0.010271s aggregation_time=0.1507s round_time=8.0198s
2026-06-24 17:43:49,476 P89007 INFO ********* Train Turn 372 *********
2026-06-24 17:43:58,258 P89007 INFO Clients average loss: 0.309340238571167
2026-06-24 17:43:58,258 P89007 INFO [Time] turn=372 local_train_time=8.0574s avg_client_train_time=0.013340s max_client_train_time=0.040097s min_client_train_time=0.006097s median_client_train_time=0.010983s aggregation_time=0.1478s round_time=8.7817s
2026-06-24 17:43:58,258 P89007 INFO ********* Train Turn 373 *********
2026-06-24 17:44:07,130 P89007 INFO Clients average loss: 0.31374865770339966
2026-06-24 17:44:07,132 P89007 INFO [Time] turn=373 local_train_time=8.1698s avg_client_train_time=0.013526s max_client_train_time=0.299987s min_client_train_time=0.006059s median_client_train_time=0.010751s aggregation_time=0.1874s round_time=8.8736s
2026-06-24 17:44:07,132 P89007 INFO ********* Train Turn 374 *********
2026-06-24 17:44:15,525 P89007 INFO Clients average loss: 0.3141315281391144
2026-06-24 17:44:15,527 P89007 INFO [Time] turn=374 local_train_time=7.6345s avg_client_train_time=0.012640s max_client_train_time=0.053265s min_client_train_time=0.006766s median_client_train_time=0.010247s aggregation_time=0.2301s round_time=8.3938s
2026-06-24 17:44:15,527 P89007 INFO ********* Train Turn 375 *********
2026-06-24 17:44:23,955 P89007 INFO Clients average loss: 0.3108786940574646
2026-06-24 17:44:23,955 P89007 INFO [Time] turn=375 local_train_time=7.7327s avg_client_train_time=0.012802s max_client_train_time=0.052588s min_client_train_time=0.006035s median_client_train_time=0.010262s aggregation_time=0.1551s round_time=8.4276s
2026-06-24 17:44:23,955 P89007 INFO ********* Train Turn 376 *********
2026-06-24 17:44:33,052 P89007 INFO Clients average loss: 0.31209462881088257
2026-06-24 17:44:33,053 P89007 INFO [Time] turn=376 local_train_time=8.3358s avg_client_train_time=0.013801s max_client_train_time=0.181579s min_client_train_time=0.006334s median_client_train_time=0.010770s aggregation_time=0.2072s round_time=9.0980s
2026-06-24 17:44:33,053 P89007 INFO ********* Train Turn 377 *********
2026-06-24 17:44:42,007 P89007 INFO Clients average loss: 0.3124033808708191
2026-06-24 17:44:42,009 P89007 INFO [Time] turn=377 local_train_time=8.2603s avg_client_train_time=0.013676s max_client_train_time=0.072747s min_client_train_time=0.006153s median_client_train_time=0.011059s aggregation_time=0.1448s round_time=8.9555s
2026-06-24 17:44:42,009 P89007 INFO ********* Train Turn 378 *********
2026-06-24 17:44:50,170 P89007 INFO Clients average loss: 0.31513622403144836
2026-06-24 17:44:50,171 P89007 INFO [Time] turn=378 local_train_time=7.5218s avg_client_train_time=0.012453s max_client_train_time=0.042461s min_client_train_time=0.006035s median_client_train_time=0.010324s aggregation_time=0.1469s round_time=8.1613s
2026-06-24 17:44:50,171 P89007 INFO ********* Train Turn 379 *********
2026-06-24 17:44:58,502 P89007 INFO Clients average loss: 0.3083672821521759
2026-06-24 17:44:58,502 P89007 INFO [Time] turn=379 local_train_time=7.6894s avg_client_train_time=0.012731s max_client_train_time=0.043379s min_client_train_time=0.006263s median_client_train_time=0.010238s aggregation_time=0.1495s round_time=8.3312s
2026-06-24 17:44:58,503 P89007 INFO ********* Eval @ Turn 379 *********
2026-06-24 17:44:58,503 P89007 INFO [EvalRoundClientTime] turn=379 avg=0.012731s max=0.043379s min=0.006263s median=0.010238s
2026-06-24 17:45:05,341 P89007 INFO [Metrics] logloss: 1.480082 - MRR: 0.263283 - NDCG(5): 0.258283 - HR(5): 0.391225 - NDCG(10): 0.336314 - HR(10): 0.633444 - NDCG(20): 0.373361 - HR(20): 0.777815 - NDCG(50): 0.405919 - HR(50): 0.941722
2026-06-24 17:45:05,342 P89007 INFO [Time] eval_time=6.8397s
2026-06-24 17:45:05,342 P89007 INFO ********* Train Turn 380 *********
2026-06-24 17:45:14,197 P89007 INFO Clients average loss: 0.30776461958885193
2026-06-24 17:45:14,198 P89007 INFO [Time] turn=380 local_train_time=7.9182s avg_client_train_time=0.013110s max_client_train_time=0.120414s min_client_train_time=0.006064s median_client_train_time=0.010120s aggregation_time=0.2492s round_time=8.8552s
2026-06-24 17:45:14,198 P89007 INFO ********* Train Turn 381 *********
2026-06-24 17:45:23,132 P89007 INFO Clients average loss: 0.31060758233070374
2026-06-24 17:45:23,134 P89007 INFO [Time] turn=381 local_train_time=8.1709s avg_client_train_time=0.013528s max_client_train_time=0.072938s min_client_train_time=0.006146s median_client_train_time=0.010724s aggregation_time=0.1993s round_time=8.9351s
2026-06-24 17:45:23,134 P89007 INFO ********* Train Turn 382 *********
2026-06-24 17:45:31,595 P89007 INFO Clients average loss: 0.3109859824180603
2026-06-24 17:45:31,595 P89007 INFO [Time] turn=382 local_train_time=7.7943s avg_client_train_time=0.012905s max_client_train_time=0.054256s min_client_train_time=0.006214s median_client_train_time=0.010561s aggregation_time=0.1515s round_time=8.4612s
2026-06-24 17:45:31,595 P89007 INFO ********* Train Turn 383 *********
2026-06-24 17:45:40,738 P89007 INFO Clients average loss: 0.3045666515827179
2026-06-24 17:45:40,741 P89007 INFO [Time] turn=383 local_train_time=8.4332s avg_client_train_time=0.013962s max_client_train_time=0.112520s min_client_train_time=0.006018s median_client_train_time=0.011187s aggregation_time=0.1510s round_time=9.1451s
2026-06-24 17:45:40,741 P89007 INFO ********* Train Turn 384 *********
2026-06-24 17:45:50,358 P89007 INFO Clients average loss: 0.3071707487106323
2026-06-24 17:45:50,362 P89007 INFO [Time] turn=384 local_train_time=8.7231s avg_client_train_time=0.014442s max_client_train_time=0.062886s min_client_train_time=0.007108s median_client_train_time=0.011938s aggregation_time=0.3388s round_time=9.6206s
2026-06-24 17:45:50,362 P89007 INFO ********* Train Turn 385 *********
2026-06-24 17:45:59,195 P89007 INFO Clients average loss: 0.3055081367492676
2026-06-24 17:45:59,195 P89007 INFO [Time] turn=385 local_train_time=8.1028s avg_client_train_time=0.013415s max_client_train_time=0.080211s min_client_train_time=0.006038s median_client_train_time=0.010925s aggregation_time=0.1519s round_time=8.8322s
2026-06-24 17:45:59,195 P89007 INFO ********* Train Turn 386 *********
2026-06-24 17:46:07,617 P89007 INFO Clients average loss: 0.31626272201538086
2026-06-24 17:46:07,618 P89007 INFO [Time] turn=386 local_train_time=7.7699s avg_client_train_time=0.012864s max_client_train_time=0.087118s min_client_train_time=0.006063s median_client_train_time=0.010716s aggregation_time=0.1474s round_time=8.4223s
2026-06-24 17:46:07,618 P89007 INFO ********* Train Turn 387 *********
2026-06-24 17:46:15,947 P89007 INFO Clients average loss: 0.30509161949157715
2026-06-24 17:46:15,950 P89007 INFO [Time] turn=387 local_train_time=7.6583s avg_client_train_time=0.012679s max_client_train_time=0.056226s min_client_train_time=0.006065s median_client_train_time=0.010294s aggregation_time=0.1769s round_time=8.3316s
2026-06-24 17:46:15,950 P89007 INFO ********* Train Turn 388 *********
2026-06-24 17:46:23,806 P89007 INFO Clients average loss: 0.3047148883342743
2026-06-24 17:46:23,808 P89007 INFO [Time] turn=388 local_train_time=7.1420s avg_client_train_time=0.011824s max_client_train_time=0.108485s min_client_train_time=0.006065s median_client_train_time=0.009619s aggregation_time=0.1930s round_time=7.8584s
2026-06-24 17:46:23,808 P89007 INFO ********* Train Turn 389 *********
2026-06-24 17:46:31,855 P89007 INFO Clients average loss: 0.31162333488464355
2026-06-24 17:46:31,856 P89007 INFO [Time] turn=389 local_train_time=7.4035s avg_client_train_time=0.012258s max_client_train_time=0.040146s min_client_train_time=0.006103s median_client_train_time=0.010238s aggregation_time=0.1484s round_time=8.0470s
2026-06-24 17:46:31,856 P89007 INFO ********* Eval @ Turn 389 *********
2026-06-24 17:46:31,856 P89007 INFO [EvalRoundClientTime] turn=389 avg=0.012258s max=0.040146s min=0.006103s median=0.010238s
2026-06-24 17:46:39,442 P89007 INFO [Metrics] logloss: 1.618034 - MRR: 0.265472 - NDCG(5): 0.258595 - HR(5): 0.386258 - NDCG(10): 0.335483 - HR(10): 0.625166 - NDCG(20): 0.375847 - HR(20): 0.782450 - NDCG(50): 0.407079 - HR(50): 0.939735
2026-06-24 17:46:39,443 P89007 INFO [Time] eval_time=7.5873s
2026-06-24 17:46:39,443 P89007 INFO ********* Train Turn 390 *********
2026-06-24 17:46:47,081 P89007 INFO Clients average loss: 0.3101475238800049
2026-06-24 17:46:47,081 P89007 INFO [Time] turn=390 local_train_time=6.9147s avg_client_train_time=0.011448s max_client_train_time=0.051496s min_client_train_time=0.006123s median_client_train_time=0.009729s aggregation_time=0.1909s round_time=7.6373s
2026-06-24 17:46:47,081 P89007 INFO ********* Train Turn 391 *********
2026-06-24 17:46:55,219 P89007 INFO Clients average loss: 0.3104992210865021
2026-06-24 17:46:55,219 P89007 INFO [Time] turn=391 local_train_time=7.4828s avg_client_train_time=0.012389s max_client_train_time=0.050549s min_client_train_time=0.006117s median_client_train_time=0.010343s aggregation_time=0.1515s round_time=8.1377s
2026-06-24 17:46:55,219 P89007 INFO ********* Train Turn 392 *********
2026-06-24 17:47:03,097 P89007 INFO Clients average loss: 0.3105720579624176
2026-06-24 17:47:03,099 P89007 INFO [Time] turn=392 local_train_time=7.2329s avg_client_train_time=0.011975s max_client_train_time=0.039781s min_client_train_time=0.006153s median_client_train_time=0.010039s aggregation_time=0.1493s round_time=7.8796s
2026-06-24 17:47:03,099 P89007 INFO ********* Train Turn 393 *********
2026-06-24 17:47:11,219 P89007 INFO Clients average loss: 0.3176875412464142
2026-06-24 17:47:11,221 P89007 INFO [Time] turn=393 local_train_time=7.4704s avg_client_train_time=0.012368s max_client_train_time=0.037744s min_client_train_time=0.006132s median_client_train_time=0.010326s aggregation_time=0.1464s round_time=8.1209s
2026-06-24 17:47:11,221 P89007 INFO ********* Train Turn 394 *********
2026-06-24 17:47:19,470 P89007 INFO Clients average loss: 0.31424108147621155
2026-06-24 17:47:19,470 P89007 INFO [Time] turn=394 local_train_time=7.5847s avg_client_train_time=0.012557s max_client_train_time=0.047868s min_client_train_time=0.006193s median_client_train_time=0.010249s aggregation_time=0.1620s round_time=8.2491s
2026-06-24 17:47:19,470 P89007 INFO ********* Train Turn 395 *********
2026-06-24 17:47:27,607 P89007 INFO Clients average loss: 0.31281304359436035
2026-06-24 17:47:27,608 P89007 INFO [Time] turn=395 local_train_time=7.4635s avg_client_train_time=0.012357s max_client_train_time=0.083983s min_client_train_time=0.006075s median_client_train_time=0.010168s aggregation_time=0.1665s round_time=8.1372s
2026-06-24 17:47:27,608 P89007 INFO ********* Train Turn 396 *********
2026-06-24 17:47:36,489 P89007 INFO Clients average loss: 0.3063642084598541
2026-06-24 17:47:36,492 P89007 INFO [Time] turn=396 local_train_time=8.2198s avg_client_train_time=0.013609s max_client_train_time=0.063105s min_client_train_time=0.006328s median_client_train_time=0.010786s aggregation_time=0.1516s round_time=8.8836s
2026-06-24 17:47:36,492 P89007 INFO ********* Train Turn 397 *********
2026-06-24 17:47:44,859 P89007 INFO Clients average loss: 0.298162043094635
2026-06-24 17:47:44,860 P89007 INFO [Time] turn=397 local_train_time=7.7219s avg_client_train_time=0.012785s max_client_train_time=0.049659s min_client_train_time=0.006181s median_client_train_time=0.010231s aggregation_time=0.1482s round_time=8.3677s
2026-06-24 17:47:44,860 P89007 INFO ********* Train Turn 398 *********
2026-06-24 17:47:53,141 P89007 INFO Clients average loss: 0.30940356850624084
2026-06-24 17:47:53,141 P89007 INFO [Time] turn=398 local_train_time=7.6355s avg_client_train_time=0.012642s max_client_train_time=0.044526s min_client_train_time=0.006114s median_client_train_time=0.010579s aggregation_time=0.1493s round_time=8.2811s
2026-06-24 17:47:53,141 P89007 INFO ********* Train Turn 399 *********
2026-06-24 17:48:01,404 P89007 INFO Clients average loss: 0.30510619282722473
2026-06-24 17:48:01,404 P89007 INFO [Time] turn=399 local_train_time=7.6174s avg_client_train_time=0.012612s max_client_train_time=0.042620s min_client_train_time=0.005969s median_client_train_time=0.010415s aggregation_time=0.1499s round_time=8.2626s
2026-06-24 17:48:01,404 P89007 INFO ********* Eval @ Turn 399 *********
2026-06-24 17:48:01,404 P89007 INFO [EvalRoundClientTime] turn=399 avg=0.012612s max=0.042620s min=0.005969s median=0.010415s
2026-06-24 17:48:09,134 P89007 INFO [Metrics] logloss: 1.539351 - MRR: 0.270853 - NDCG(5): 0.267289 - HR(5): 0.403311 - NDCG(10): 0.344947 - HR(10): 0.643874 - NDCG(20): 0.381057 - HR(20): 0.783940 - NDCG(50): 0.412383 - HR(50): 0.941556
2026-06-24 17:48:09,135 P89007 INFO [Time] eval_time=7.7307s
2026-06-24 17:48:09,135 P89007 INFO ********* Train Turn 400 *********
2026-06-24 17:48:16,157 P89007 INFO Clients average loss: 0.31271275877952576
2026-06-24 17:48:16,159 P89007 INFO [Time] turn=400 local_train_time=6.3455s avg_client_train_time=0.010506s max_client_train_time=0.033118s min_client_train_time=0.005989s median_client_train_time=0.008808s aggregation_time=0.1651s round_time=7.0229s
2026-06-24 17:48:16,159 P89007 INFO ********* Train Turn 401 *********
2026-06-24 17:48:24,639 P89007 INFO Clients average loss: 0.31148624420166016
2026-06-24 17:48:24,640 P89007 INFO [Time] turn=401 local_train_time=7.8072s avg_client_train_time=0.012926s max_client_train_time=0.053445s min_client_train_time=0.006174s median_client_train_time=0.010822s aggregation_time=0.1691s round_time=8.4811s
2026-06-24 17:48:24,640 P89007 INFO ********* Train Turn 402 *********
2026-06-24 17:48:33,454 P89007 INFO Clients average loss: 0.31190186738967896
2026-06-24 17:48:33,455 P89007 INFO [Time] turn=402 local_train_time=8.0138s avg_client_train_time=0.013268s max_client_train_time=0.073475s min_client_train_time=0.005997s median_client_train_time=0.011084s aggregation_time=0.1934s round_time=8.8138s
2026-06-24 17:48:33,455 P89007 INFO ********* Train Turn 403 *********
2026-06-24 17:48:42,002 P89007 INFO Clients average loss: 0.29975470900535583
2026-06-24 17:48:42,002 P89007 INFO [Time] turn=403 local_train_time=7.8885s avg_client_train_time=0.013060s max_client_train_time=0.054008s min_client_train_time=0.006147s median_client_train_time=0.010548s aggregation_time=0.1462s round_time=8.5471s
2026-06-24 17:48:42,002 P89007 INFO ********* Train Turn 404 *********
2026-06-24 17:48:50,147 P89007 INFO Clients average loss: 0.3131011426448822
2026-06-24 17:48:50,148 P89007 INFO [Time] turn=404 local_train_time=7.4716s avg_client_train_time=0.012370s max_client_train_time=0.047495s min_client_train_time=0.005960s median_client_train_time=0.010495s aggregation_time=0.1776s round_time=8.1450s
2026-06-24 17:48:50,148 P89007 INFO ********* Train Turn 405 *********
2026-06-24 17:48:58,884 P89007 INFO Clients average loss: 0.29982683062553406
2026-06-24 17:48:58,887 P89007 INFO [Time] turn=405 local_train_time=8.0751s avg_client_train_time=0.013369s max_client_train_time=0.051428s min_client_train_time=0.006123s median_client_train_time=0.011146s aggregation_time=0.1496s round_time=8.7385s
2026-06-24 17:48:58,887 P89007 INFO ********* Train Turn 406 *********
2026-06-24 17:49:07,267 P89007 INFO Clients average loss: 0.3077416718006134
2026-06-24 17:49:07,268 P89007 INFO [Time] turn=406 local_train_time=7.7265s avg_client_train_time=0.012792s max_client_train_time=0.042692s min_client_train_time=0.006246s median_client_train_time=0.010652s aggregation_time=0.1541s round_time=8.3811s
2026-06-24 17:49:07,268 P89007 INFO ********* Train Turn 407 *********
2026-06-24 17:49:15,632 P89007 INFO Clients average loss: 0.30600830912590027
2026-06-24 17:49:15,639 P89007 INFO [Time] turn=407 local_train_time=7.7026s avg_client_train_time=0.012753s max_client_train_time=0.049265s min_client_train_time=0.006182s median_client_train_time=0.010985s aggregation_time=0.1659s round_time=8.3710s
2026-06-24 17:49:15,640 P89007 INFO ********* Train Turn 408 *********
2026-06-24 17:49:24,189 P89007 INFO Clients average loss: 0.30139049887657166
2026-06-24 17:49:24,189 P89007 INFO [Time] turn=408 local_train_time=7.8930s avg_client_train_time=0.013068s max_client_train_time=0.049804s min_client_train_time=0.006040s median_client_train_time=0.011029s aggregation_time=0.1478s round_time=8.5493s
2026-06-24 17:49:24,189 P89007 INFO ********* Train Turn 409 *********
2026-06-24 17:49:32,660 P89007 INFO Clients average loss: 0.30563753843307495
2026-06-24 17:49:32,663 P89007 INFO [Time] turn=409 local_train_time=7.7914s avg_client_train_time=0.012900s max_client_train_time=0.057974s min_client_train_time=0.006024s median_client_train_time=0.010475s aggregation_time=0.1766s round_time=8.4736s
2026-06-24 17:49:32,663 P89007 INFO ********* Eval @ Turn 409 *********
2026-06-24 17:49:32,663 P89007 INFO [EvalRoundClientTime] turn=409 avg=0.012900s max=0.057974s min=0.006024s median=0.010475s
2026-06-24 17:49:40,407 P89007 INFO [Metrics] logloss: 1.452276 - MRR: 0.266834 - NDCG(5): 0.267565 - HR(5): 0.412914 - NDCG(10): 0.340786 - HR(10): 0.639073 - NDCG(20): 0.378422 - HR(20): 0.785596 - NDCG(50): 0.409536 - HR(50): 0.941722
2026-06-24 17:49:40,409 P89007 INFO [Time] eval_time=7.7451s
2026-06-24 17:49:40,409 P89007 INFO ********* Train Turn 410 *********
2026-06-24 17:49:48,684 P89007 INFO Clients average loss: 0.3023572862148285
2026-06-24 17:49:48,684 P89007 INFO [Time] turn=410 local_train_time=7.4226s avg_client_train_time=0.012289s max_client_train_time=0.163056s min_client_train_time=0.006442s median_client_train_time=0.010276s aggregation_time=0.1938s round_time=8.2752s
2026-06-24 17:49:48,684 P89007 INFO ********* Train Turn 411 *********
2026-06-24 17:49:57,872 P89007 INFO Clients average loss: 0.31244462728500366
2026-06-24 17:49:57,873 P89007 INFO [Time] turn=411 local_train_time=8.5067s avg_client_train_time=0.014084s max_client_train_time=0.045544s min_client_train_time=0.006211s median_client_train_time=0.011659s aggregation_time=0.1474s round_time=9.1883s
2026-06-24 17:49:57,873 P89007 INFO ********* Train Turn 412 *********
2026-06-24 17:50:06,334 P89007 INFO Clients average loss: 0.29900848865509033
2026-06-24 17:50:06,336 P89007 INFO [Time] turn=412 local_train_time=7.8033s avg_client_train_time=0.012919s max_client_train_time=0.040390s min_client_train_time=0.006143s median_client_train_time=0.010823s aggregation_time=0.1523s round_time=8.4628s
2026-06-24 17:50:06,336 P89007 INFO ********* Train Turn 413 *********
2026-06-24 17:50:15,168 P89007 INFO Clients average loss: 0.2987455427646637
2026-06-24 17:50:15,169 P89007 INFO [Time] turn=413 local_train_time=8.0103s avg_client_train_time=0.013262s max_client_train_time=0.261532s min_client_train_time=0.006230s median_client_train_time=0.010296s aggregation_time=0.1940s round_time=8.8328s
2026-06-24 17:50:15,170 P89007 INFO ********* Train Turn 414 *********
2026-06-24 17:50:23,113 P89007 INFO Clients average loss: 0.3066920340061188
2026-06-24 17:50:23,114 P89007 INFO [Time] turn=414 local_train_time=7.2284s avg_client_train_time=0.011967s max_client_train_time=0.102374s min_client_train_time=0.006350s median_client_train_time=0.009673s aggregation_time=0.1869s round_time=7.9439s
2026-06-24 17:50:23,114 P89007 INFO ********* Train Turn 415 *********
2026-06-24 17:50:31,748 P89007 INFO Clients average loss: 0.30449050664901733
2026-06-24 17:50:31,749 P89007 INFO [Time] turn=415 local_train_time=7.9434s avg_client_train_time=0.013151s max_client_train_time=0.063988s min_client_train_time=0.006115s median_client_train_time=0.010729s aggregation_time=0.1641s round_time=8.6342s
2026-06-24 17:50:31,749 P89007 INFO ********* Train Turn 416 *********
2026-06-24 17:50:40,664 P89007 INFO Clients average loss: 0.30102381110191345
2026-06-24 17:50:40,665 P89007 INFO [Time] turn=416 local_train_time=8.2327s avg_client_train_time=0.013630s max_client_train_time=0.091864s min_client_train_time=0.006312s median_client_train_time=0.010955s aggregation_time=0.1432s round_time=8.9155s
2026-06-24 17:50:40,665 P89007 INFO ********* Train Turn 417 *********
2026-06-24 17:50:49,174 P89007 INFO Clients average loss: 0.3039515018463135
2026-06-24 17:50:49,175 P89007 INFO [Time] turn=417 local_train_time=7.8442s avg_client_train_time=0.012987s max_client_train_time=0.039600s min_client_train_time=0.006156s median_client_train_time=0.010578s aggregation_time=0.1542s round_time=8.5096s
2026-06-24 17:50:49,175 P89007 INFO ********* Train Turn 418 *********
2026-06-24 17:50:57,817 P89007 INFO Clients average loss: 0.30603158473968506
2026-06-24 17:50:57,817 P89007 INFO [Time] turn=418 local_train_time=7.9451s avg_client_train_time=0.013154s max_client_train_time=0.069770s min_client_train_time=0.006158s median_client_train_time=0.010669s aggregation_time=0.1784s round_time=8.6421s
2026-06-24 17:50:57,817 P89007 INFO ********* Train Turn 419 *********
2026-06-24 17:51:07,493 P89007 INFO Clients average loss: 0.2923472821712494
2026-06-24 17:51:07,494 P89007 INFO [Time] turn=419 local_train_time=8.9584s avg_client_train_time=0.014832s max_client_train_time=0.062767s min_client_train_time=0.006247s median_client_train_time=0.012353s aggregation_time=0.1467s round_time=9.6762s
2026-06-24 17:51:07,494 P89007 INFO ********* Eval @ Turn 419 *********
2026-06-24 17:51:07,494 P89007 INFO [EvalRoundClientTime] turn=419 avg=0.014832s max=0.062767s min=0.006247s median=0.012353s
2026-06-24 17:51:15,591 P89007 INFO [Metrics] logloss: 1.432087 - MRR: 0.269962 - NDCG(5): 0.270128 - HR(5): 0.413576 - NDCG(10): 0.343334 - HR(10): 0.640066 - NDCG(20): 0.381650 - HR(20): 0.789570 - NDCG(50): 0.411731 - HR(50): 0.940066
2026-06-24 17:51:15,594 P89007 INFO [Time] eval_time=8.1002s
2026-06-24 17:51:15,595 P89007 INFO ********* Train Turn 420 *********
2026-06-24 17:51:23,729 P89007 INFO Clients average loss: 0.3051004111766815
2026-06-24 17:51:23,729 P89007 INFO [Time] turn=420 local_train_time=7.4299s avg_client_train_time=0.012301s max_client_train_time=0.042860s min_client_train_time=0.006200s median_client_train_time=0.010371s aggregation_time=0.1641s round_time=8.1344s
2026-06-24 17:51:23,730 P89007 INFO ********* Train Turn 421 *********
2026-06-24 17:51:32,514 P89007 INFO Clients average loss: 0.30394092202186584
2026-06-24 17:51:32,515 P89007 INFO [Time] turn=421 local_train_time=8.1243s avg_client_train_time=0.013451s max_client_train_time=0.071749s min_client_train_time=0.006171s median_client_train_time=0.010959s aggregation_time=0.1501s round_time=8.7851s
2026-06-24 17:51:32,515 P89007 INFO ********* Train Turn 422 *********
2026-06-24 17:51:41,582 P89007 INFO Clients average loss: 0.29898595809936523
2026-06-24 17:51:41,583 P89007 INFO [Time] turn=422 local_train_time=8.4035s avg_client_train_time=0.013913s max_client_train_time=0.061983s min_client_train_time=0.006271s median_client_train_time=0.011280s aggregation_time=0.1477s round_time=9.0673s
2026-06-24 17:51:41,583 P89007 INFO ********* Train Turn 423 *********
2026-06-24 17:51:49,862 P89007 INFO Clients average loss: 0.2981656491756439
2026-06-24 17:51:49,862 P89007 INFO [Time] turn=423 local_train_time=7.6285s avg_client_train_time=0.012630s max_client_train_time=0.042779s min_client_train_time=0.006081s median_client_train_time=0.010449s aggregation_time=0.1500s round_time=8.2791s
2026-06-24 17:51:49,862 P89007 INFO ********* Train Turn 424 *********
2026-06-24 17:51:58,403 P89007 INFO Clients average loss: 0.2995903491973877
2026-06-24 17:51:58,403 P89007 INFO [Time] turn=424 local_train_time=7.8620s avg_client_train_time=0.013017s max_client_train_time=0.042156s min_client_train_time=0.006324s median_client_train_time=0.010714s aggregation_time=0.1739s round_time=8.5407s
2026-06-24 17:51:58,403 P89007 INFO ********* Train Turn 425 *********
2026-06-24 17:52:07,207 P89007 INFO Clients average loss: 0.3091448247432709
2026-06-24 17:52:07,207 P89007 INFO [Time] turn=425 local_train_time=8.1474s avg_client_train_time=0.013489s max_client_train_time=0.060563s min_client_train_time=0.006066s median_client_train_time=0.010957s aggregation_time=0.1521s round_time=8.8032s
2026-06-24 17:52:07,207 P89007 INFO ********* Train Turn 426 *********
2026-06-24 17:52:15,836 P89007 INFO Clients average loss: 0.30272847414016724
2026-06-24 17:52:15,836 P89007 INFO [Time] turn=426 local_train_time=7.9850s avg_client_train_time=0.013220s max_client_train_time=0.041953s min_client_train_time=0.006134s median_client_train_time=0.010697s aggregation_time=0.1479s round_time=8.6286s
2026-06-24 17:52:15,836 P89007 INFO ********* Train Turn 427 *********
2026-06-24 17:52:24,264 P89007 INFO Clients average loss: 0.3013228476047516
2026-06-24 17:52:24,265 P89007 INFO [Time] turn=427 local_train_time=7.7860s avg_client_train_time=0.012891s max_client_train_time=0.048318s min_client_train_time=0.006101s median_client_train_time=0.010598s aggregation_time=0.1482s round_time=8.4290s
2026-06-24 17:52:24,265 P89007 INFO ********* Train Turn 428 *********
2026-06-24 17:52:33,010 P89007 INFO Clients average loss: 0.3077305257320404
2026-06-24 17:52:33,012 P89007 INFO [Time] turn=428 local_train_time=8.0742s avg_client_train_time=0.013368s max_client_train_time=0.036722s min_client_train_time=0.006256s median_client_train_time=0.011400s aggregation_time=0.1515s round_time=8.7460s
2026-06-24 17:52:33,012 P89007 INFO ********* Train Turn 429 *********
2026-06-24 17:52:41,535 P89007 INFO Clients average loss: 0.3061653971672058
2026-06-24 17:52:41,536 P89007 INFO [Time] turn=429 local_train_time=7.8661s avg_client_train_time=0.013023s max_client_train_time=0.077145s min_client_train_time=0.006195s median_client_train_time=0.010817s aggregation_time=0.1519s round_time=8.5242s
2026-06-24 17:52:41,536 P89007 INFO ********* Eval @ Turn 429 *********
2026-06-24 17:52:41,536 P89007 INFO [EvalRoundClientTime] turn=429 avg=0.013023s max=0.077145s min=0.006195s median=0.010817s
2026-06-24 17:52:48,829 P89007 INFO [Metrics] logloss: 1.242671 - MRR: 0.272303 - NDCG(5): 0.271409 - HR(5): 0.410265 - NDCG(10): 0.342221 - HR(10): 0.629801 - NDCG(20): 0.381829 - HR(20): 0.784272 - NDCG(50): 0.413039 - HR(50): 0.939735
2026-06-24 17:52:48,831 P89007 INFO [Time] eval_time=7.2947s
2026-06-24 17:52:48,831 P89007 INFO ********* Train Turn 430 *********
2026-06-24 17:52:55,694 P89007 INFO Clients average loss: 0.29911869764328003
2026-06-24 17:52:55,695 P89007 INFO [Time] turn=430 local_train_time=6.1765s avg_client_train_time=0.010226s max_client_train_time=0.037789s min_client_train_time=0.005995s median_client_train_time=0.008424s aggregation_time=0.1833s round_time=6.8635s
2026-06-24 17:52:55,695 P89007 INFO ********* Train Turn 431 *********
2026-06-24 17:53:03,787 P89007 INFO Clients average loss: 0.29967862367630005
2026-06-24 17:53:03,787 P89007 INFO [Time] turn=431 local_train_time=7.4492s avg_client_train_time=0.012333s max_client_train_time=0.044675s min_client_train_time=0.006076s median_client_train_time=0.010479s aggregation_time=0.1448s round_time=8.0914s
2026-06-24 17:53:03,787 P89007 INFO ********* Train Turn 432 *********
2026-06-24 17:53:12,545 P89007 INFO Clients average loss: 0.3058185279369354
2026-06-24 17:53:12,545 P89007 INFO [Time] turn=432 local_train_time=8.0105s avg_client_train_time=0.013262s max_client_train_time=0.051697s min_client_train_time=0.006168s median_client_train_time=0.010714s aggregation_time=0.1464s round_time=8.7574s
2026-06-24 17:53:12,545 P89007 INFO ********* Train Turn 433 *********
2026-06-24 17:53:21,460 P89007 INFO Clients average loss: 0.3039415180683136
2026-06-24 17:53:21,461 P89007 INFO [Time] turn=433 local_train_time=8.2619s avg_client_train_time=0.013679s max_client_train_time=0.086275s min_client_train_time=0.006189s median_client_train_time=0.010783s aggregation_time=0.1466s round_time=8.9159s
2026-06-24 17:53:21,461 P89007 INFO ********* Train Turn 434 *********
2026-06-24 17:53:29,919 P89007 INFO Clients average loss: 0.29782360792160034
2026-06-24 17:53:29,919 P89007 INFO [Time] turn=434 local_train_time=7.8008s avg_client_train_time=0.012915s max_client_train_time=0.059019s min_client_train_time=0.006121s median_client_train_time=0.010717s aggregation_time=0.1493s round_time=8.4574s
2026-06-24 17:53:29,919 P89007 INFO ********* Train Turn 435 *********
2026-06-24 17:53:39,203 P89007 INFO Clients average loss: 0.30583295226097107
2026-06-24 17:53:39,204 P89007 INFO [Time] turn=435 local_train_time=8.5601s avg_client_train_time=0.014172s max_client_train_time=0.071124s min_client_train_time=0.006111s median_client_train_time=0.011322s aggregation_time=0.1727s round_time=9.2847s
2026-06-24 17:53:39,204 P89007 INFO ********* Train Turn 436 *********
2026-06-24 17:53:47,766 P89007 INFO Clients average loss: 0.30549702048301697
2026-06-24 17:53:47,767 P89007 INFO [Time] turn=436 local_train_time=7.9077s avg_client_train_time=0.013092s max_client_train_time=0.038792s min_client_train_time=0.006056s median_client_train_time=0.010729s aggregation_time=0.1487s round_time=8.5624s
2026-06-24 17:53:47,767 P89007 INFO ********* Train Turn 437 *********
2026-06-24 17:53:56,065 P89007 INFO Clients average loss: 0.2967444956302643
2026-06-24 17:53:56,066 P89007 INFO [Time] turn=437 local_train_time=7.6416s avg_client_train_time=0.012652s max_client_train_time=0.069572s min_client_train_time=0.006113s median_client_train_time=0.010627s aggregation_time=0.1487s round_time=8.2987s
2026-06-24 17:53:56,066 P89007 INFO ********* Train Turn 438 *********
2026-06-24 17:54:04,429 P89007 INFO Clients average loss: 0.29878857731819153
2026-06-24 17:54:04,430 P89007 INFO [Time] turn=438 local_train_time=7.7117s avg_client_train_time=0.012768s max_client_train_time=0.045140s min_client_train_time=0.006202s median_client_train_time=0.010739s aggregation_time=0.1485s round_time=8.3637s
2026-06-24 17:54:04,430 P89007 INFO ********* Train Turn 439 *********
2026-06-24 17:54:13,009 P89007 INFO Clients average loss: 0.3010978400707245
2026-06-24 17:54:13,010 P89007 INFO [Time] turn=439 local_train_time=7.9171s avg_client_train_time=0.013108s max_client_train_time=0.067095s min_client_train_time=0.006215s median_client_train_time=0.010652s aggregation_time=0.1575s round_time=8.5793s
2026-06-24 17:54:13,010 P89007 INFO ********* Eval @ Turn 439 *********
2026-06-24 17:54:13,010 P89007 INFO [EvalRoundClientTime] turn=439 avg=0.013108s max=0.067095s min=0.006215s median=0.010652s
2026-06-24 17:54:20,090 P89007 INFO [Metrics] logloss: 1.320263 - MRR: 0.273521 - NDCG(5): 0.268750 - HR(5): 0.396523 - NDCG(10): 0.338682 - HR(10): 0.614735 - NDCG(20): 0.381389 - HR(20): 0.780795 - NDCG(50): 0.412556 - HR(50): 0.936424
2026-06-24 17:54:20,091 P89007 INFO [Time] eval_time=7.0814s
2026-06-24 17:54:20,092 P89007 INFO ********* Train Turn 440 *********
2026-06-24 17:54:28,037 P89007 INFO Clients average loss: 0.29901260137557983
2026-06-24 17:54:28,037 P89007 INFO [Time] turn=440 local_train_time=7.1732s avg_client_train_time=0.011876s max_client_train_time=0.038967s min_client_train_time=0.006152s median_client_train_time=0.009978s aggregation_time=0.1754s round_time=7.9451s
2026-06-24 17:54:28,037 P89007 INFO ********* Train Turn 441 *********
2026-06-24 17:54:37,641 P89007 INFO Clients average loss: 0.29797348380088806
2026-06-24 17:54:37,642 P89007 INFO [Time] turn=441 local_train_time=8.8244s avg_client_train_time=0.014610s max_client_train_time=0.093967s min_client_train_time=0.006554s median_client_train_time=0.011913s aggregation_time=0.1764s round_time=9.6050s
2026-06-24 17:54:37,642 P89007 INFO ********* Train Turn 442 *********
2026-06-24 17:54:46,932 P89007 INFO Clients average loss: 0.302403062582016
2026-06-24 17:54:46,932 P89007 INFO [Time] turn=442 local_train_time=8.6138s avg_client_train_time=0.014261s max_client_train_time=0.075792s min_client_train_time=0.006178s median_client_train_time=0.011768s aggregation_time=0.1496s round_time=9.2893s
2026-06-24 17:54:46,932 P89007 INFO ********* Train Turn 443 *********
2026-06-24 17:54:55,758 P89007 INFO Clients average loss: 0.3022899031639099
2026-06-24 17:54:55,760 P89007 INFO [Time] turn=443 local_train_time=8.1651s avg_client_train_time=0.013518s max_client_train_time=0.078771s min_client_train_time=0.006222s median_client_train_time=0.010699s aggregation_time=0.1534s round_time=8.8271s
2026-06-24 17:54:55,760 P89007 INFO ********* Train Turn 444 *********
2026-06-24 17:55:04,295 P89007 INFO Clients average loss: 0.29772549867630005
2026-06-24 17:55:04,296 P89007 INFO [Time] turn=444 local_train_time=7.8846s avg_client_train_time=0.013054s max_client_train_time=0.061055s min_client_train_time=0.006104s median_client_train_time=0.011011s aggregation_time=0.1493s round_time=8.5363s
2026-06-24 17:55:04,296 P89007 INFO ********* Train Turn 445 *********
2026-06-24 17:55:12,651 P89007 INFO Clients average loss: 0.3017277419567108
2026-06-24 17:55:12,651 P89007 INFO [Time] turn=445 local_train_time=7.7082s avg_client_train_time=0.012762s max_client_train_time=0.042522s min_client_train_time=0.006109s median_client_train_time=0.010459s aggregation_time=0.1524s round_time=8.3542s
2026-06-24 17:55:12,651 P89007 INFO ********* Train Turn 446 *********
2026-06-24 17:55:21,381 P89007 INFO Clients average loss: 0.3108360469341278
2026-06-24 17:55:21,382 P89007 INFO [Time] turn=446 local_train_time=8.0752s avg_client_train_time=0.013370s max_client_train_time=0.046909s min_client_train_time=0.006185s median_client_train_time=0.011238s aggregation_time=0.1492s round_time=8.7307s
2026-06-24 17:55:21,382 P89007 INFO ********* Train Turn 447 *********
2026-06-24 17:55:30,626 P89007 INFO Clients average loss: 0.3011355996131897
2026-06-24 17:55:30,626 P89007 INFO [Time] turn=447 local_train_time=8.5727s avg_client_train_time=0.014193s max_client_train_time=0.086452s min_client_train_time=0.006434s median_client_train_time=0.011477s aggregation_time=0.1570s round_time=9.2438s
2026-06-24 17:55:30,626 P89007 INFO ********* Train Turn 448 *********
2026-06-24 17:55:41,071 P89007 INFO Clients average loss: 0.3069247901439667
2026-06-24 17:55:41,072 P89007 INFO [Time] turn=448 local_train_time=9.5707s avg_client_train_time=0.015846s max_client_train_time=0.234660s min_client_train_time=0.006129s median_client_train_time=0.011753s aggregation_time=0.1961s round_time=10.4457s
2026-06-24 17:55:41,072 P89007 INFO ********* Train Turn 449 *********
2026-06-24 17:55:49,608 P89007 INFO Clients average loss: 0.29667437076568604
2026-06-24 17:55:49,609 P89007 INFO [Time] turn=449 local_train_time=7.8410s avg_client_train_time=0.012982s max_client_train_time=0.080716s min_client_train_time=0.006109s median_client_train_time=0.010662s aggregation_time=0.1831s round_time=8.5364s
2026-06-24 17:55:49,609 P89007 INFO ********* Eval @ Turn 449 *********
2026-06-24 17:55:49,609 P89007 INFO [EvalRoundClientTime] turn=449 avg=0.012982s max=0.080716s min=0.006109s median=0.010662s
2026-06-24 17:55:56,775 P89007 INFO [Metrics] logloss: 1.213161 - MRR: 0.276767 - NDCG(5): 0.274699 - HR(5): 0.407947 - NDCG(10): 0.345442 - HR(10): 0.628311 - NDCG(20): 0.383390 - HR(20): 0.776490 - NDCG(50): 0.415836 - HR(50): 0.938576
2026-06-24 17:55:56,777 P89007 INFO [Time] eval_time=7.1670s
2026-06-24 17:55:56,777 P89007 INFO ********* Train Turn 450 *********
2026-06-24 17:56:04,085 P89007 INFO Clients average loss: 0.29883095622062683
2026-06-24 17:56:04,086 P89007 INFO [Time] turn=450 local_train_time=6.6323s avg_client_train_time=0.010981s max_client_train_time=0.041253s min_client_train_time=0.006037s median_client_train_time=0.009247s aggregation_time=0.1606s round_time=7.3092s
2026-06-24 17:56:04,086 P89007 INFO ********* Train Turn 451 *********
2026-06-24 17:56:12,634 P89007 INFO Clients average loss: 0.311180055141449
2026-06-24 17:56:12,636 P89007 INFO [Time] turn=451 local_train_time=7.7913s avg_client_train_time=0.012900s max_client_train_time=0.060293s min_client_train_time=0.006047s median_client_train_time=0.010805s aggregation_time=0.2461s round_time=8.5492s
2026-06-24 17:56:12,636 P89007 INFO ********* Train Turn 452 *********
2026-06-24 17:56:21,794 P89007 INFO Clients average loss: 0.3050282597541809
2026-06-24 17:56:21,796 P89007 INFO [Time] turn=452 local_train_time=8.4559s avg_client_train_time=0.014000s max_client_train_time=0.061559s min_client_train_time=0.006139s median_client_train_time=0.011617s aggregation_time=0.1708s round_time=9.1591s
2026-06-24 17:56:21,796 P89007 INFO ********* Train Turn 453 *********
2026-06-24 17:56:30,423 P89007 INFO Clients average loss: 0.3051303029060364
2026-06-24 17:56:30,424 P89007 INFO [Time] turn=453 local_train_time=7.9817s avg_client_train_time=0.013215s max_client_train_time=0.044827s min_client_train_time=0.006011s median_client_train_time=0.010656s aggregation_time=0.1471s round_time=8.6283s
2026-06-24 17:56:30,424 P89007 INFO ********* Train Turn 454 *********
2026-06-24 17:56:39,258 P89007 INFO Clients average loss: 0.3060237765312195
2026-06-24 17:56:39,259 P89007 INFO [Time] turn=454 local_train_time=8.1515s avg_client_train_time=0.013496s max_client_train_time=0.060847s min_client_train_time=0.006078s median_client_train_time=0.011246s aggregation_time=0.1654s round_time=8.8338s
2026-06-24 17:56:39,259 P89007 INFO ********* Train Turn 455 *********
2026-06-24 17:56:47,520 P89007 INFO Clients average loss: 0.301369845867157
2026-06-24 17:56:47,520 P89007 INFO [Time] turn=455 local_train_time=7.6137s avg_client_train_time=0.012605s max_client_train_time=0.049119s min_client_train_time=0.005959s median_client_train_time=0.010484s aggregation_time=0.1489s round_time=8.2612s
2026-06-24 17:56:47,520 P89007 INFO ********* Train Turn 456 *********
2026-06-24 17:56:55,715 P89007 INFO Clients average loss: 0.30417871475219727
2026-06-24 17:56:55,716 P89007 INFO [Time] turn=456 local_train_time=7.5538s avg_client_train_time=0.012506s max_client_train_time=0.038189s min_client_train_time=0.006010s median_client_train_time=0.010502s aggregation_time=0.1478s round_time=8.1951s
2026-06-24 17:56:55,716 P89007 INFO ********* Train Turn 457 *********
2026-06-24 17:57:04,008 P89007 INFO Clients average loss: 0.3013361096382141
2026-06-24 17:57:04,008 P89007 INFO [Time] turn=457 local_train_time=7.6521s avg_client_train_time=0.012669s max_client_train_time=0.041507s min_client_train_time=0.006057s median_client_train_time=0.010527s aggregation_time=0.1476s round_time=8.2921s
2026-06-24 17:57:04,008 P89007 INFO ********* Train Turn 458 *********
2026-06-24 17:57:12,494 P89007 INFO Clients average loss: 0.3070320785045624
2026-06-24 17:57:12,496 P89007 INFO [Time] turn=458 local_train_time=7.8301s avg_client_train_time=0.012964s max_client_train_time=0.044133s min_client_train_time=0.006060s median_client_train_time=0.010949s aggregation_time=0.1487s round_time=8.4877s
2026-06-24 17:57:12,496 P89007 INFO ********* Train Turn 459 *********
2026-06-24 17:57:21,808 P89007 INFO Clients average loss: 0.30617865920066833
2026-06-24 17:57:21,809 P89007 INFO [Time] turn=459 local_train_time=8.6357s avg_client_train_time=0.014298s max_client_train_time=0.107370s min_client_train_time=0.006059s median_client_train_time=0.011789s aggregation_time=0.1476s round_time=9.3121s
2026-06-24 17:57:21,809 P89007 INFO ********* Eval @ Turn 459 *********
2026-06-24 17:57:21,809 P89007 INFO [EvalRoundClientTime] turn=459 avg=0.014298s max=0.107370s min=0.006059s median=0.011789s
2026-06-24 17:57:29,970 P89007 INFO [Metrics] logloss: 1.229835 - MRR: 0.278412 - NDCG(5): 0.277873 - HR(5): 0.414735 - NDCG(10): 0.349456 - HR(10): 0.637583 - NDCG(20): 0.384345 - HR(20): 0.774172 - NDCG(50): 0.417587 - HR(50): 0.940232
2026-06-24 17:57:29,972 P89007 INFO [Time] eval_time=8.1634s
2026-06-24 17:57:29,973 P89007 INFO ********* Train Turn 460 *********
2026-06-24 17:57:38,891 P89007 INFO Clients average loss: 0.30194443464279175
2026-06-24 17:57:38,893 P89007 INFO [Time] turn=460 local_train_time=8.0397s avg_client_train_time=0.013311s max_client_train_time=0.052728s min_client_train_time=0.006522s median_client_train_time=0.010936s aggregation_time=0.2497s round_time=8.9198s
2026-06-24 17:57:38,893 P89007 INFO ********* Train Turn 461 *********
2026-06-24 17:57:47,473 P89007 INFO Clients average loss: 0.29892247915267944
2026-06-24 17:57:47,474 P89007 INFO [Time] turn=461 local_train_time=7.9141s avg_client_train_time=0.013103s max_client_train_time=0.069929s min_client_train_time=0.005944s median_client_train_time=0.010935s aggregation_time=0.1514s round_time=8.5807s
2026-06-24 17:57:47,474 P89007 INFO ********* Train Turn 462 *********
2026-06-24 17:57:56,639 P89007 INFO Clients average loss: 0.294939249753952
2026-06-24 17:57:56,639 P89007 INFO [Time] turn=462 local_train_time=8.2951s avg_client_train_time=0.013734s max_client_train_time=0.053240s min_client_train_time=0.006308s median_client_train_time=0.011260s aggregation_time=0.2640s round_time=9.1649s
2026-06-24 17:57:56,639 P89007 INFO ********* Train Turn 463 *********
2026-06-24 17:58:05,873 P89007 INFO Clients average loss: 0.3059748709201813
2026-06-24 17:58:05,879 P89007 INFO [Time] turn=463 local_train_time=8.4239s avg_client_train_time=0.013947s max_client_train_time=0.054350s min_client_train_time=0.006247s median_client_train_time=0.011367s aggregation_time=0.2936s round_time=9.2393s
2026-06-24 17:58:05,879 P89007 INFO ********* Train Turn 464 *********
2026-06-24 17:58:13,871 P89007 INFO Clients average loss: 0.3017610013484955
2026-06-24 17:58:13,873 P89007 INFO [Time] turn=464 local_train_time=7.2571s avg_client_train_time=0.012015s max_client_train_time=0.078631s min_client_train_time=0.006080s median_client_train_time=0.010178s aggregation_time=0.2221s round_time=7.9939s
2026-06-24 17:58:13,874 P89007 INFO ********* Train Turn 465 *********
2026-06-24 17:58:22,984 P89007 INFO Clients average loss: 0.29863497614860535
2026-06-24 17:58:22,985 P89007 INFO [Time] turn=465 local_train_time=8.4234s avg_client_train_time=0.013946s max_client_train_time=0.104106s min_client_train_time=0.006162s median_client_train_time=0.011603s aggregation_time=0.1521s round_time=9.1114s
2026-06-24 17:58:22,985 P89007 INFO ********* Train Turn 466 *********
2026-06-24 17:58:31,844 P89007 INFO Clients average loss: 0.30592963099479675
2026-06-24 17:58:31,845 P89007 INFO [Time] turn=466 local_train_time=8.2068s avg_client_train_time=0.013587s max_client_train_time=0.069936s min_client_train_time=0.006031s median_client_train_time=0.010909s aggregation_time=0.1477s round_time=8.8589s
2026-06-24 17:58:31,845 P89007 INFO ********* Train Turn 467 *********
2026-06-24 17:58:40,266 P89007 INFO Clients average loss: 0.2978007197380066
2026-06-24 17:58:40,267 P89007 INFO [Time] turn=467 local_train_time=7.7557s avg_client_train_time=0.012841s max_client_train_time=0.050225s min_client_train_time=0.006208s median_client_train_time=0.010573s aggregation_time=0.1625s round_time=8.4218s
2026-06-24 17:58:40,267 P89007 INFO ********* Train Turn 468 *********
2026-06-24 17:58:49,276 P89007 INFO Clients average loss: 0.29874491691589355
2026-06-24 17:58:49,277 P89007 INFO [Time] turn=468 local_train_time=8.3244s avg_client_train_time=0.013782s max_client_train_time=0.061650s min_client_train_time=0.006082s median_client_train_time=0.011471s aggregation_time=0.1609s round_time=9.0094s
2026-06-24 17:58:49,277 P89007 INFO ********* Train Turn 469 *********
2026-06-24 17:58:58,090 P89007 INFO Clients average loss: 0.2968105375766754
2026-06-24 17:58:58,091 P89007 INFO [Time] turn=469 local_train_time=8.1384s avg_client_train_time=0.013474s max_client_train_time=0.059290s min_client_train_time=0.006215s median_client_train_time=0.011109s aggregation_time=0.1490s round_time=8.8141s
2026-06-24 17:58:58,091 P89007 INFO ********* Eval @ Turn 469 *********
2026-06-24 17:58:58,091 P89007 INFO [EvalRoundClientTime] turn=469 avg=0.013474s max=0.059290s min=0.006215s median=0.011109s
2026-06-24 17:59:05,339 P89007 INFO [Metrics] logloss: 1.244261 - MRR: 0.285241 - NDCG(5): 0.287742 - HR(5): 0.430298 - NDCG(10): 0.356653 - HR(10): 0.643543 - NDCG(20): 0.390355 - HR(20): 0.775662 - NDCG(50): 0.424386 - HR(50): 0.945364
2026-06-24 17:59:05,342 P89007 INFO [Time] eval_time=7.2508s
2026-06-24 17:59:05,343 P89007 INFO ********* Train Turn 470 *********
2026-06-24 17:59:14,554 P89007 INFO Clients average loss: 0.30428123474121094
2026-06-24 17:59:14,556 P89007 INFO [Time] turn=470 local_train_time=8.0716s avg_client_train_time=0.013364s max_client_train_time=0.084020s min_client_train_time=0.006573s median_client_train_time=0.010971s aggregation_time=0.3047s round_time=9.2131s
2026-06-24 17:59:14,556 P89007 INFO ********* Train Turn 471 *********
2026-06-24 17:59:24,524 P89007 INFO Clients average loss: 0.2923845052719116
2026-06-24 17:59:24,526 P89007 INFO [Time] turn=471 local_train_time=9.1713s avg_client_train_time=0.015184s max_client_train_time=0.114147s min_client_train_time=0.006582s median_client_train_time=0.012985s aggregation_time=0.2212s round_time=9.9697s
2026-06-24 17:59:24,526 P89007 INFO ********* Train Turn 472 *********
2026-06-24 17:59:36,359 P89007 INFO Clients average loss: 0.30360835790634155
2026-06-24 17:59:36,360 P89007 INFO [Time] turn=472 local_train_time=10.9476s avg_client_train_time=0.018125s max_client_train_time=0.105580s min_client_train_time=0.006671s median_client_train_time=0.015020s aggregation_time=0.2065s round_time=11.8335s
2026-06-24 17:59:36,361 P89007 INFO ********* Train Turn 473 *********
2026-06-24 17:59:47,111 P89007 INFO Clients average loss: 0.2986728847026825
2026-06-24 17:59:47,113 P89007 INFO [Time] turn=473 local_train_time=9.9039s avg_client_train_time=0.016397s max_client_train_time=0.122116s min_client_train_time=0.006406s median_client_train_time=0.014028s aggregation_time=0.1888s round_time=10.7521s
2026-06-24 17:59:47,113 P89007 INFO ********* Train Turn 474 *********
2026-06-24 17:59:54,992 P89007 INFO Clients average loss: 0.2917686998844147
2026-06-24 17:59:54,995 P89007 INFO [Time] turn=474 local_train_time=7.1782s avg_client_train_time=0.011884s max_client_train_time=0.057944s min_client_train_time=0.006070s median_client_train_time=0.009910s aggregation_time=0.1861s round_time=7.8838s
2026-06-24 17:59:54,995 P89007 INFO ********* Train Turn 475 *********
2026-06-24 18:00:02,799 P89007 INFO Clients average loss: 0.30564531683921814
2026-06-24 18:00:02,800 P89007 INFO [Time] turn=475 local_train_time=7.0747s avg_client_train_time=0.011713s max_client_train_time=0.068181s min_client_train_time=0.006190s median_client_train_time=0.009529s aggregation_time=0.2097s round_time=7.8082s
2026-06-24 18:00:02,800 P89007 INFO ********* Train Turn 476 *********
2026-06-24 18:00:12,394 P89007 INFO Clients average loss: 0.3033447265625
2026-06-24 18:00:12,398 P89007 INFO [Time] turn=476 local_train_time=8.7533s avg_client_train_time=0.014492s max_client_train_time=0.092787s min_client_train_time=0.006279s median_client_train_time=0.011021s aggregation_time=0.2605s round_time=9.6002s
2026-06-24 18:00:12,398 P89007 INFO ********* Train Turn 477 *********
2026-06-24 18:00:21,279 P89007 INFO Clients average loss: 0.2976449131965637
2026-06-24 18:00:21,280 P89007 INFO [Time] turn=477 local_train_time=8.1742s avg_client_train_time=0.013533s max_client_train_time=0.100262s min_client_train_time=0.006114s median_client_train_time=0.011176s aggregation_time=0.1705s round_time=8.8827s
2026-06-24 18:00:21,280 P89007 INFO ********* Train Turn 478 *********
2026-06-24 18:00:29,895 P89007 INFO Clients average loss: 0.3008352816104889
2026-06-24 18:00:29,895 P89007 INFO [Time] turn=478 local_train_time=7.8735s avg_client_train_time=0.013036s max_client_train_time=0.060498s min_client_train_time=0.006312s median_client_train_time=0.010611s aggregation_time=0.1895s round_time=8.6158s
2026-06-24 18:00:29,895 P89007 INFO ********* Train Turn 479 *********
2026-06-24 18:00:39,695 P89007 INFO Clients average loss: 0.30212169885635376
2026-06-24 18:00:39,696 P89007 INFO [Time] turn=479 local_train_time=9.0066s avg_client_train_time=0.014912s max_client_train_time=0.107010s min_client_train_time=0.006256s median_client_train_time=0.011438s aggregation_time=0.2030s round_time=9.8001s
2026-06-24 18:00:39,696 P89007 INFO ********* Eval @ Turn 479 *********
2026-06-24 18:00:39,696 P89007 INFO [EvalRoundClientTime] turn=479 avg=0.014912s max=0.107010s min=0.006256s median=0.011438s
2026-06-24 18:00:47,886 P89007 INFO [Metrics] logloss: 1.182373 - MRR: 0.289043 - NDCG(5): 0.290323 - HR(5): 0.428974 - NDCG(10): 0.358139 - HR(10): 0.639073 - NDCG(20): 0.394083 - HR(20): 0.779470 - NDCG(50): 0.427326 - HR(50): 0.945861
2026-06-24 18:00:47,888 P89007 INFO [Time] eval_time=8.1922s
2026-06-24 18:00:47,888 P89007 INFO ********* Train Turn 480 *********
2026-06-24 18:00:55,786 P89007 INFO Clients average loss: 0.30256354808807373
2026-06-24 18:00:55,787 P89007 INFO [Time] turn=480 local_train_time=7.1506s avg_client_train_time=0.011839s max_client_train_time=0.121648s min_client_train_time=0.006246s median_client_train_time=0.009723s aggregation_time=0.1789s round_time=7.8988s
2026-06-24 18:00:55,787 P89007 INFO ********* Train Turn 481 *********
2026-06-24 18:01:03,862 P89007 INFO Clients average loss: 0.3021121025085449
2026-06-24 18:01:03,865 P89007 INFO [Time] turn=481 local_train_time=7.4035s avg_client_train_time=0.012257s max_client_train_time=0.040299s min_client_train_time=0.006315s median_client_train_time=0.010271s aggregation_time=0.1691s round_time=8.0776s
2026-06-24 18:01:03,865 P89007 INFO ********* Train Turn 482 *********
2026-06-24 18:01:11,884 P89007 INFO Clients average loss: 0.299861341714859
2026-06-24 18:01:11,884 P89007 INFO [Time] turn=482 local_train_time=7.3065s avg_client_train_time=0.012097s max_client_train_time=0.045989s min_client_train_time=0.006136s median_client_train_time=0.010030s aggregation_time=0.2041s round_time=8.0191s
2026-06-24 18:01:11,884 P89007 INFO ********* Train Turn 483 *********
2026-06-24 18:01:21,000 P89007 INFO Clients average loss: 0.30148330330848694
2026-06-24 18:01:21,004 P89007 INFO [Time] turn=483 local_train_time=8.3159s avg_client_train_time=0.013768s max_client_train_time=0.105440s min_client_train_time=0.006097s median_client_train_time=0.011675s aggregation_time=0.2341s round_time=9.1186s
2026-06-24 18:01:21,005 P89007 INFO ********* Train Turn 484 *********
2026-06-24 18:01:29,736 P89007 INFO Clients average loss: 0.2946256101131439
2026-06-24 18:01:29,738 P89007 INFO [Time] turn=484 local_train_time=8.0445s avg_client_train_time=0.013319s max_client_train_time=0.047637s min_client_train_time=0.006205s median_client_train_time=0.010861s aggregation_time=0.1564s round_time=8.7328s
2026-06-24 18:01:29,738 P89007 INFO ********* Train Turn 485 *********
2026-06-24 18:01:38,752 P89007 INFO Clients average loss: 0.2998638451099396
2026-06-24 18:01:38,753 P89007 INFO [Time] turn=485 local_train_time=8.2082s avg_client_train_time=0.013590s max_client_train_time=0.163698s min_client_train_time=0.006116s median_client_train_time=0.010859s aggregation_time=0.2518s round_time=9.0146s
2026-06-24 18:01:38,753 P89007 INFO ********* Train Turn 486 *********
2026-06-24 18:01:47,386 P89007 INFO Clients average loss: 0.2997978627681732
2026-06-24 18:01:47,387 P89007 INFO [Time] turn=486 local_train_time=7.9258s avg_client_train_time=0.013122s max_client_train_time=0.072167s min_client_train_time=0.006242s median_client_train_time=0.010945s aggregation_time=0.1814s round_time=8.6338s
2026-06-24 18:01:47,387 P89007 INFO ********* Train Turn 487 *********
2026-06-24 18:01:55,727 P89007 INFO Clients average loss: 0.3033852279186249
2026-06-24 18:01:55,729 P89007 INFO [Time] turn=487 local_train_time=7.6636s avg_client_train_time=0.012688s max_client_train_time=0.043051s min_client_train_time=0.006142s median_client_train_time=0.010523s aggregation_time=0.1633s round_time=8.3412s
2026-06-24 18:01:55,729 P89007 INFO ********* Train Turn 488 *********
2026-06-24 18:02:04,782 P89007 INFO Clients average loss: 0.30406248569488525
2026-06-24 18:02:04,784 P89007 INFO [Time] turn=488 local_train_time=8.3218s avg_client_train_time=0.013778s max_client_train_time=0.073869s min_client_train_time=0.006369s median_client_train_time=0.011043s aggregation_time=0.1743s round_time=9.0548s
2026-06-24 18:02:04,784 P89007 INFO ********* Train Turn 489 *********
2026-06-24 18:02:13,972 P89007 INFO Clients average loss: 0.29570144414901733
2026-06-24 18:02:13,973 P89007 INFO [Time] turn=489 local_train_time=8.4568s avg_client_train_time=0.014001s max_client_train_time=0.123759s min_client_train_time=0.006302s median_client_train_time=0.011193s aggregation_time=0.1629s round_time=9.1887s
2026-06-24 18:02:13,973 P89007 INFO ********* Eval @ Turn 489 *********
2026-06-24 18:02:13,973 P89007 INFO [EvalRoundClientTime] turn=489 avg=0.014001s max=0.123759s min=0.006302s median=0.011193s
2026-06-24 18:02:21,522 P89007 INFO [Metrics] logloss: 1.121913 - MRR: 0.288007 - NDCG(5): 0.290361 - HR(5): 0.431291 - NDCG(10): 0.358138 - HR(10): 0.641060 - NDCG(20): 0.392701 - HR(20): 0.776325 - NDCG(50): 0.426145 - HR(50): 0.943709
2026-06-24 18:02:21,525 P89007 INFO [Time] eval_time=7.5509s
2026-06-24 18:02:21,525 P89007 INFO ********* Train Turn 490 *********
2026-06-24 18:02:28,666 P89007 INFO Clients average loss: 0.2978934943675995
2026-06-24 18:02:28,667 P89007 INFO [Time] turn=490 local_train_time=6.4395s avg_client_train_time=0.010661s max_client_train_time=0.057545s min_client_train_time=0.006239s median_client_train_time=0.008968s aggregation_time=0.1773s round_time=7.1426s
2026-06-24 18:02:28,668 P89007 INFO ********* Train Turn 491 *********
2026-06-24 18:02:37,795 P89007 INFO Clients average loss: 0.2940898537635803
2026-06-24 18:02:37,797 P89007 INFO [Time] turn=491 local_train_time=8.3410s avg_client_train_time=0.013810s max_client_train_time=0.067058s min_client_train_time=0.006146s median_client_train_time=0.011028s aggregation_time=0.2189s round_time=9.1296s
2026-06-24 18:02:37,798 P89007 INFO ********* Train Turn 492 *********
2026-06-24 18:02:47,482 P89007 INFO Clients average loss: 0.29221901297569275
2026-06-24 18:02:47,485 P89007 INFO [Time] turn=492 local_train_time=8.8519s avg_client_train_time=0.014655s max_client_train_time=0.087557s min_client_train_time=0.006277s median_client_train_time=0.011849s aggregation_time=0.1701s round_time=9.6867s
2026-06-24 18:02:47,485 P89007 INFO ********* Train Turn 493 *********
2026-06-24 18:02:55,913 P89007 INFO Clients average loss: 0.2968478798866272
2026-06-24 18:02:55,914 P89007 INFO [Time] turn=493 local_train_time=7.6547s avg_client_train_time=0.012673s max_client_train_time=0.090701s min_client_train_time=0.006122s median_client_train_time=0.010289s aggregation_time=0.2723s round_time=8.4295s
2026-06-24 18:02:55,915 P89007 INFO ********* Train Turn 494 *********
2026-06-24 18:03:04,316 P89007 INFO Clients average loss: 0.2987627387046814
2026-06-24 18:03:04,317 P89007 INFO [Time] turn=494 local_train_time=7.6915s avg_client_train_time=0.012734s max_client_train_time=0.038748s min_client_train_time=0.006199s median_client_train_time=0.010828s aggregation_time=0.2011s round_time=8.4020s
2026-06-24 18:03:04,317 P89007 INFO ********* Train Turn 495 *********
2026-06-24 18:03:13,148 P89007 INFO Clients average loss: 0.29775115847587585
2026-06-24 18:03:13,149 P89007 INFO [Time] turn=495 local_train_time=8.0797s avg_client_train_time=0.013377s max_client_train_time=0.094976s min_client_train_time=0.006329s median_client_train_time=0.011027s aggregation_time=0.2035s round_time=8.8320s
2026-06-24 18:03:13,149 P89007 INFO ********* Train Turn 496 *********
2026-06-24 18:03:20,852 P89007 INFO Clients average loss: 0.30177929997444153
2026-06-24 18:03:20,853 P89007 INFO [Time] turn=496 local_train_time=7.0441s avg_client_train_time=0.011662s max_client_train_time=0.030466s min_client_train_time=0.006154s median_client_train_time=0.009747s aggregation_time=0.1634s round_time=7.7031s
2026-06-24 18:03:20,853 P89007 INFO ********* Train Turn 497 *********
2026-06-24 18:03:28,477 P89007 INFO Clients average loss: 0.30131086707115173
2026-06-24 18:03:28,481 P89007 INFO [Time] turn=497 local_train_time=6.9187s avg_client_train_time=0.011455s max_client_train_time=0.045095s min_client_train_time=0.006140s median_client_train_time=0.009654s aggregation_time=0.2001s round_time=7.6276s
2026-06-24 18:03:28,481 P89007 INFO ********* Train Turn 498 *********
2026-06-24 18:03:36,535 P89007 INFO Clients average loss: 0.2872221767902374
2026-06-24 18:03:36,535 P89007 INFO [Time] turn=498 local_train_time=7.3739s avg_client_train_time=0.012208s max_client_train_time=0.072130s min_client_train_time=0.006057s median_client_train_time=0.010065s aggregation_time=0.1576s round_time=8.0539s
2026-06-24 18:03:36,535 P89007 INFO ********* Train Turn 499 *********
2026-06-24 18:03:44,755 P89007 INFO Clients average loss: 0.2944442927837372
2026-06-24 18:03:44,757 P89007 INFO [Time] turn=499 local_train_time=7.5114s avg_client_train_time=0.012436s max_client_train_time=0.084641s min_client_train_time=0.006128s median_client_train_time=0.010367s aggregation_time=0.1741s round_time=8.2213s
2026-06-24 18:03:44,757 P89007 INFO ********* Eval @ Turn 499 *********
2026-06-24 18:03:44,757 P89007 INFO [EvalRoundClientTime] turn=499 avg=0.012436s max=0.084641s min=0.006128s median=0.010367s
2026-06-24 18:03:52,678 P89007 INFO [Metrics] logloss: 1.193349 - MRR: 0.284651 - NDCG(5): 0.288710 - HR(5): 0.434272 - NDCG(10): 0.355449 - HR(10): 0.641060 - NDCG(20): 0.391004 - HR(20): 0.780132 - NDCG(50): 0.423539 - HR(50): 0.942219
2026-06-24 18:03:52,679 P89007 INFO [Time] eval_time=7.9220s
2026-06-24 18:03:52,679 P89007 INFO ********* Train Turn 500 *********
2026-06-24 18:04:01,057 P89007 INFO Clients average loss: 0.2991366982460022
2026-06-24 18:04:01,059 P89007 INFO [Time] turn=500 local_train_time=7.5636s avg_client_train_time=0.012522s max_client_train_time=0.042345s min_client_train_time=0.006297s median_client_train_time=0.010705s aggregation_time=0.1629s round_time=8.3792s
2026-06-24 18:04:01,059 P89007 INFO ********* Train Turn 501 *********
2026-06-24 18:04:08,976 P89007 INFO Clients average loss: 0.2954055070877075
2026-06-24 18:04:08,977 P89007 INFO [Time] turn=501 local_train_time=7.1601s avg_client_train_time=0.011854s max_client_train_time=0.039425s min_client_train_time=0.006216s median_client_train_time=0.009964s aggregation_time=0.2567s round_time=7.9175s
2026-06-24 18:04:08,977 P89007 INFO ********* Train Turn 502 *********
2026-06-24 18:04:17,568 P89007 INFO Clients average loss: 0.3032675087451935
2026-06-24 18:04:17,570 P89007 INFO [Time] turn=502 local_train_time=7.8470s avg_client_train_time=0.012992s max_client_train_time=0.099909s min_client_train_time=0.006187s median_client_train_time=0.010651s aggregation_time=0.1754s round_time=8.5931s
2026-06-24 18:04:17,570 P89007 INFO ********* Train Turn 503 *********
2026-06-24 18:04:25,691 P89007 INFO Clients average loss: 0.2975415885448456
2026-06-24 18:04:25,692 P89007 INFO [Time] turn=503 local_train_time=7.4544s avg_client_train_time=0.012342s max_client_train_time=0.037306s min_client_train_time=0.006090s median_client_train_time=0.010513s aggregation_time=0.1536s round_time=8.1218s
2026-06-24 18:04:25,692 P89007 INFO ********* Train Turn 504 *********
2026-06-24 18:04:33,639 P89007 INFO Clients average loss: 0.29712995886802673
2026-06-24 18:04:33,640 P89007 INFO [Time] turn=504 local_train_time=7.2642s avg_client_train_time=0.012027s max_client_train_time=0.043202s min_client_train_time=0.006178s median_client_train_time=0.010125s aggregation_time=0.1738s round_time=7.9474s
2026-06-24 18:04:33,640 P89007 INFO ********* Train Turn 505 *********
2026-06-24 18:04:41,638 P89007 INFO Clients average loss: 0.29981669783592224
2026-06-24 18:04:41,638 P89007 INFO [Time] turn=505 local_train_time=7.2974s avg_client_train_time=0.012082s max_client_train_time=0.036023s min_client_train_time=0.006052s median_client_train_time=0.010127s aggregation_time=0.1701s round_time=7.9979s
2026-06-24 18:04:41,638 P89007 INFO ********* Train Turn 506 *********
2026-06-24 18:04:49,706 P89007 INFO Clients average loss: 0.29574427008628845
2026-06-24 18:04:49,708 P89007 INFO [Time] turn=506 local_train_time=7.3957s avg_client_train_time=0.012244s max_client_train_time=0.052448s min_client_train_time=0.006320s median_client_train_time=0.010154s aggregation_time=0.1516s round_time=8.0692s
2026-06-24 18:04:49,708 P89007 INFO ********* Train Turn 507 *********
2026-06-24 18:04:58,046 P89007 INFO Clients average loss: 0.29940107464790344
2026-06-24 18:04:58,047 P89007 INFO [Time] turn=507 local_train_time=7.6150s avg_client_train_time=0.012608s max_client_train_time=0.042801s min_client_train_time=0.006327s median_client_train_time=0.010737s aggregation_time=0.1911s round_time=8.3389s
2026-06-24 18:04:58,047 P89007 INFO ********* Train Turn 508 *********
2026-06-24 18:05:06,906 P89007 INFO Clients average loss: 0.3035566210746765
2026-06-24 18:05:06,909 P89007 INFO [Time] turn=508 local_train_time=8.1611s avg_client_train_time=0.013512s max_client_train_time=0.055748s min_client_train_time=0.006294s median_client_train_time=0.011209s aggregation_time=0.1561s round_time=8.8609s
2026-06-24 18:05:06,909 P89007 INFO ********* Train Turn 509 *********
2026-06-24 18:05:14,765 P89007 INFO Clients average loss: 0.29317358136177063
2026-06-24 18:05:14,767 P89007 INFO [Time] turn=509 local_train_time=7.1966s avg_client_train_time=0.011915s max_client_train_time=0.040362s min_client_train_time=0.006241s median_client_train_time=0.010179s aggregation_time=0.1592s round_time=7.8585s
2026-06-24 18:05:14,768 P89007 INFO ********* Eval @ Turn 509 *********
2026-06-24 18:05:14,768 P89007 INFO [EvalRoundClientTime] turn=509 avg=0.011915s max=0.040362s min=0.006241s median=0.010179s
2026-06-24 18:05:22,593 P89007 INFO [Metrics] logloss: 1.207209 - MRR: 0.284922 - NDCG(5): 0.287999 - HR(5): 0.429967 - NDCG(10): 0.353614 - HR(10): 0.633444 - NDCG(20): 0.390893 - HR(20): 0.780132 - NDCG(50): 0.423123 - HR(50): 0.940894
2026-06-24 18:05:22,594 P89007 INFO [Time] eval_time=7.8260s
2026-06-24 18:05:22,594 P89007 INFO ********* Train Turn 510 *********
2026-06-24 18:05:29,932 P89007 INFO Clients average loss: 0.3026857078075409
2026-06-24 18:05:29,933 P89007 INFO [Time] turn=510 local_train_time=6.6247s avg_client_train_time=0.010968s max_client_train_time=0.034295s min_client_train_time=0.006075s median_client_train_time=0.009406s aggregation_time=0.1640s round_time=7.3385s
2026-06-24 18:05:29,933 P89007 INFO ********* Train Turn 511 *********
2026-06-24 18:05:38,667 P89007 INFO Clients average loss: 0.300333708524704
2026-06-24 18:05:38,668 P89007 INFO [Time] turn=511 local_train_time=8.0170s avg_client_train_time=0.013273s max_client_train_time=0.065996s min_client_train_time=0.006123s median_client_train_time=0.010677s aggregation_time=0.1717s round_time=8.7344s
2026-06-24 18:05:38,668 P89007 INFO ********* Train Turn 512 *********
2026-06-24 18:05:46,359 P89007 INFO Clients average loss: 0.29738837480545044
2026-06-24 18:05:46,359 P89007 INFO [Time] turn=512 local_train_time=7.0462s avg_client_train_time=0.011666s max_client_train_time=0.047481s min_client_train_time=0.006243s median_client_train_time=0.009631s aggregation_time=0.1442s round_time=7.6909s
2026-06-24 18:05:46,359 P89007 INFO ********* Train Turn 513 *********
2026-06-24 18:05:55,928 P89007 INFO Clients average loss: 0.28993573784828186
2026-06-24 18:05:55,931 P89007 INFO [Time] turn=513 local_train_time=8.6695s avg_client_train_time=0.014354s max_client_train_time=0.099381s min_client_train_time=0.006339s median_client_train_time=0.010979s aggregation_time=0.2711s round_time=9.5707s
2026-06-24 18:05:55,931 P89007 INFO ********* Train Turn 514 *********
2026-06-24 18:06:04,402 P89007 INFO Clients average loss: 0.28422871232032776
2026-06-24 18:06:04,404 P89007 INFO [Time] turn=514 local_train_time=7.6928s avg_client_train_time=0.012736s max_client_train_time=0.112914s min_client_train_time=0.006095s median_client_train_time=0.010466s aggregation_time=0.2121s round_time=8.4725s
2026-06-24 18:06:04,404 P89007 INFO ********* Train Turn 515 *********
2026-06-24 18:06:12,368 P89007 INFO Clients average loss: 0.2928469479084015
2026-06-24 18:06:12,369 P89007 INFO [Time] turn=515 local_train_time=7.2697s avg_client_train_time=0.012036s max_client_train_time=0.038739s min_client_train_time=0.006140s median_client_train_time=0.010101s aggregation_time=0.1758s round_time=7.9650s
2026-06-24 18:06:12,369 P89007 INFO ********* Train Turn 516 *********
2026-06-24 18:06:20,239 P89007 INFO Clients average loss: 0.2964123487472534
2026-06-24 18:06:20,241 P89007 INFO [Time] turn=516 local_train_time=7.1521s avg_client_train_time=0.011841s max_client_train_time=0.050320s min_client_train_time=0.006166s median_client_train_time=0.010093s aggregation_time=0.2144s round_time=7.8714s
2026-06-24 18:06:20,241 P89007 INFO ********* Train Turn 517 *********
2026-06-24 18:06:28,368 P89007 INFO Clients average loss: 0.2966616153717041
2026-06-24 18:06:28,369 P89007 INFO [Time] turn=517 local_train_time=7.4177s avg_client_train_time=0.012281s max_client_train_time=0.047652s min_client_train_time=0.005694s median_client_train_time=0.010452s aggregation_time=0.1765s round_time=8.1276s
2026-06-24 18:06:28,369 P89007 INFO ********* Train Turn 518 *********
2026-06-24 18:06:36,314 P89007 INFO Clients average loss: 0.3005833029747009
2026-06-24 18:06:36,315 P89007 INFO [Time] turn=518 local_train_time=7.2058s avg_client_train_time=0.011930s max_client_train_time=0.107905s min_client_train_time=0.006109s median_client_train_time=0.009778s aggregation_time=0.1912s round_time=7.9459s
2026-06-24 18:06:36,315 P89007 INFO ********* Train Turn 519 *********
2026-06-24 18:06:44,019 P89007 INFO Clients average loss: 0.2958817780017853
2026-06-24 18:06:44,020 P89007 INFO [Time] turn=519 local_train_time=7.0395s avg_client_train_time=0.011655s max_client_train_time=0.050330s min_client_train_time=0.006239s median_client_train_time=0.009777s aggregation_time=0.1502s round_time=7.7041s
2026-06-24 18:06:44,020 P89007 INFO ********* Eval @ Turn 519 *********
2026-06-24 18:06:44,020 P89007 INFO [EvalRoundClientTime] turn=519 avg=0.011655s max=0.050330s min=0.006239s median=0.009777s
2026-06-24 18:06:51,878 P89007 INFO [Metrics] logloss: 1.148876 - MRR: 0.285053 - NDCG(5): 0.284962 - HR(5): 0.420199 - NDCG(10): 0.353117 - HR(10): 0.631954 - NDCG(20): 0.390283 - HR(20): 0.777483 - NDCG(50): 0.423032 - HR(50): 0.940894
2026-06-24 18:06:51,882 P89007 INFO [Time] eval_time=7.8617s
2026-06-24 18:06:51,882 P89007 INFO ********* Train Turn 520 *********
2026-06-24 18:06:59,680 P89007 INFO Clients average loss: 0.2959665060043335
2026-06-24 18:06:59,682 P89007 INFO [Time] turn=520 local_train_time=7.0242s avg_client_train_time=0.011630s max_client_train_time=0.103373s min_client_train_time=0.006367s median_client_train_time=0.009715s aggregation_time=0.2074s round_time=7.8001s
2026-06-24 18:06:59,682 P89007 INFO ********* Train Turn 521 *********
2026-06-24 18:07:08,670 P89007 INFO Clients average loss: 0.2908242344856262
2026-06-24 18:07:08,674 P89007 INFO [Time] turn=521 local_train_time=8.2507s avg_client_train_time=0.013660s max_client_train_time=0.072369s min_client_train_time=0.006392s median_client_train_time=0.011338s aggregation_time=0.1857s round_time=8.9918s
2026-06-24 18:07:08,674 P89007 INFO ********* Train Turn 522 *********
2026-06-24 18:07:18,065 P89007 INFO Clients average loss: 0.2983977794647217
2026-06-24 18:07:18,067 P89007 INFO [Time] turn=522 local_train_time=8.4496s avg_client_train_time=0.013989s max_client_train_time=0.073398s min_client_train_time=0.006247s median_client_train_time=0.011443s aggregation_time=0.2823s round_time=9.3922s
2026-06-24 18:07:18,067 P89007 INFO ********* Train Turn 523 *********
2026-06-24 18:07:26,317 P89007 INFO Clients average loss: 0.2989142835140228
2026-06-24 18:07:26,319 P89007 INFO [Time] turn=523 local_train_time=7.5389s avg_client_train_time=0.012482s max_client_train_time=0.047888s min_client_train_time=0.006081s median_client_train_time=0.010270s aggregation_time=0.1733s round_time=8.2517s
2026-06-24 18:07:26,319 P89007 INFO ********* Train Turn 524 *********
2026-06-24 18:07:35,437 P89007 INFO Clients average loss: 0.28763291239738464
2026-06-24 18:07:35,441 P89007 INFO [Time] turn=524 local_train_time=8.3674s avg_client_train_time=0.013853s max_client_train_time=0.129230s min_client_train_time=0.006494s median_client_train_time=0.010653s aggregation_time=0.1707s round_time=9.1214s
2026-06-24 18:07:35,441 P89007 INFO ********* Train Turn 525 *********
2026-06-24 18:07:44,277 P89007 INFO Clients average loss: 0.2961145341396332
2026-06-24 18:07:44,278 P89007 INFO [Time] turn=525 local_train_time=8.1551s avg_client_train_time=0.013502s max_client_train_time=0.052013s min_client_train_time=0.006100s median_client_train_time=0.011252s aggregation_time=0.1583s round_time=8.8364s
2026-06-24 18:07:44,278 P89007 INFO ********* Train Turn 526 *********
2026-06-24 18:07:54,050 P89007 INFO Clients average loss: 0.2977483868598938
2026-06-24 18:07:54,053 P89007 INFO [Time] turn=526 local_train_time=8.9811s avg_client_train_time=0.014869s max_client_train_time=0.082751s min_client_train_time=0.006235s median_client_train_time=0.011991s aggregation_time=0.2022s round_time=9.7742s
2026-06-24 18:07:54,053 P89007 INFO ********* Train Turn 527 *********
2026-06-24 18:08:02,417 P89007 INFO Clients average loss: 0.29476821422576904
2026-06-24 18:08:02,419 P89007 INFO [Time] turn=527 local_train_time=7.6003s avg_client_train_time=0.012583s max_client_train_time=0.045101s min_client_train_time=0.006030s median_client_train_time=0.010375s aggregation_time=0.1987s round_time=8.3658s
2026-06-24 18:08:02,419 P89007 INFO ********* Train Turn 528 *********
2026-06-24 18:08:10,826 P89007 INFO Clients average loss: 0.29780471324920654
2026-06-24 18:08:10,828 P89007 INFO [Time] turn=528 local_train_time=7.6751s avg_client_train_time=0.012707s max_client_train_time=0.096877s min_client_train_time=0.006166s median_client_train_time=0.010562s aggregation_time=0.2110s round_time=8.4084s
2026-06-24 18:08:10,828 P89007 INFO ********* Train Turn 529 *********
2026-06-24 18:08:19,035 P89007 INFO Clients average loss: 0.29314032196998596
2026-06-24 18:08:19,037 P89007 INFO [Time] turn=529 local_train_time=7.4933s avg_client_train_time=0.012406s max_client_train_time=0.044267s min_client_train_time=0.006301s median_client_train_time=0.010288s aggregation_time=0.2089s round_time=8.2092s
2026-06-24 18:08:19,037 P89007 INFO ********* Eval @ Turn 529 *********
2026-06-24 18:08:19,037 P89007 INFO [EvalRoundClientTime] turn=529 avg=0.012406s max=0.044267s min=0.006301s median=0.010288s
2026-06-24 18:08:27,755 P89007 INFO [Metrics] logloss: 1.096218 - MRR: 0.284182 - NDCG(5): 0.280981 - HR(5): 0.407285 - NDCG(10): 0.348605 - HR(10): 0.618212 - NDCG(20): 0.386816 - HR(20): 0.767384 - NDCG(50): 0.421816 - HR(50): 0.942550
2026-06-24 18:08:27,757 P89007 INFO [Time] eval_time=8.7192s
2026-06-24 18:08:27,757 P89007 INFO ********* Train Turn 530 *********
2026-06-24 18:08:35,663 P89007 INFO Clients average loss: 0.2984480559825897
2026-06-24 18:08:35,664 P89007 INFO [Time] turn=530 local_train_time=7.0591s avg_client_train_time=0.011687s max_client_train_time=0.043644s min_client_train_time=0.005934s median_client_train_time=0.009779s aggregation_time=0.2145s round_time=7.9071s
2026-06-24 18:08:35,664 P89007 INFO ********* Train Turn 531 *********
2026-06-24 18:08:44,022 P89007 INFO Clients average loss: 0.2932193875312805
2026-06-24 18:08:44,023 P89007 INFO [Time] turn=531 local_train_time=7.6543s avg_client_train_time=0.012673s max_client_train_time=0.073763s min_client_train_time=0.006160s median_client_train_time=0.010362s aggregation_time=0.1585s round_time=8.3587s
2026-06-24 18:08:44,023 P89007 INFO ********* Train Turn 532 *********
2026-06-24 18:08:52,384 P89007 INFO Clients average loss: 0.29551687836647034
2026-06-24 18:08:52,385 P89007 INFO [Time] turn=532 local_train_time=7.6558s avg_client_train_time=0.012675s max_client_train_time=0.073559s min_client_train_time=0.006228s median_client_train_time=0.010620s aggregation_time=0.1983s round_time=8.3619s
2026-06-24 18:08:52,386 P89007 INFO ********* Train Turn 533 *********
2026-06-24 18:09:00,733 P89007 INFO Clients average loss: 0.29528605937957764
2026-06-24 18:09:00,734 P89007 INFO [Time] turn=533 local_train_time=7.6036s avg_client_train_time=0.012589s max_client_train_time=0.113805s min_client_train_time=0.006424s median_client_train_time=0.010800s aggregation_time=0.2092s round_time=8.3486s
2026-06-24 18:09:00,735 P89007 INFO ********* Train Turn 534 *********
2026-06-24 18:09:09,267 P89007 INFO Clients average loss: 0.2919270098209381
2026-06-24 18:09:09,269 P89007 INFO [Time] turn=534 local_train_time=7.8114s avg_client_train_time=0.012933s max_client_train_time=0.040397s min_client_train_time=0.006252s median_client_train_time=0.011063s aggregation_time=0.1618s round_time=8.5337s
2026-06-24 18:09:09,269 P89007 INFO ********* Train Turn 535 *********
2026-06-24 18:09:17,848 P89007 INFO Clients average loss: 0.2922573685646057
2026-06-24 18:09:17,849 P89007 INFO [Time] turn=535 local_train_time=7.8909s avg_client_train_time=0.013064s max_client_train_time=0.095442s min_client_train_time=0.006156s median_client_train_time=0.010814s aggregation_time=0.1687s round_time=8.5799s
2026-06-24 18:09:17,849 P89007 INFO ********* Train Turn 536 *********
2026-06-24 18:09:26,373 P89007 INFO Clients average loss: 0.2931688129901886
2026-06-24 18:09:26,376 P89007 INFO [Time] turn=536 local_train_time=7.8378s avg_client_train_time=0.012976s max_client_train_time=0.095057s min_client_train_time=0.006215s median_client_train_time=0.010681s aggregation_time=0.1692s round_time=8.5270s
2026-06-24 18:09:26,376 P89007 INFO ********* Train Turn 537 *********
2026-06-24 18:09:34,562 P89007 INFO Clients average loss: 0.2936546504497528
2026-06-24 18:09:34,563 P89007 INFO [Time] turn=537 local_train_time=7.5254s avg_client_train_time=0.012459s max_client_train_time=0.046693s min_client_train_time=0.006296s median_client_train_time=0.010505s aggregation_time=0.1594s round_time=8.1860s
2026-06-24 18:09:34,563 P89007 INFO ********* Train Turn 538 *********
2026-06-24 18:09:42,546 P89007 INFO Clients average loss: 0.3001129925251007
2026-06-24 18:09:42,547 P89007 INFO [Time] turn=538 local_train_time=7.3167s avg_client_train_time=0.012114s max_client_train_time=0.086471s min_client_train_time=0.006286s median_client_train_time=0.010285s aggregation_time=0.1563s round_time=7.9842s
2026-06-24 18:09:42,548 P89007 INFO ********* Train Turn 539 *********
2026-06-24 18:09:50,942 P89007 INFO Clients average loss: 0.2905474603176117
2026-06-24 18:09:50,943 P89007 INFO [Time] turn=539 local_train_time=7.7396s avg_client_train_time=0.012814s max_client_train_time=0.111980s min_client_train_time=0.006269s median_client_train_time=0.010466s aggregation_time=0.1511s round_time=8.3954s
2026-06-24 18:09:50,943 P89007 INFO ********* Eval @ Turn 539 *********
2026-06-24 18:09:50,943 P89007 INFO [EvalRoundClientTime] turn=539 avg=0.012814s max=0.111980s min=0.006269s median=0.010466s
2026-06-24 18:09:58,000 P89007 INFO [Metrics] logloss: 1.136151 - MRR: 0.291546 - NDCG(5): 0.290903 - HR(5): 0.421523 - NDCG(10): 0.356745 - HR(10): 0.626159 - NDCG(20): 0.392622 - HR(20): 0.766887 - NDCG(50): 0.427954 - HR(50): 0.943212
2026-06-24 18:09:58,001 P89007 INFO [Time] eval_time=7.0576s
2026-06-24 18:09:58,001 P89007 INFO ********* Train Turn 540 *********
2026-06-24 18:10:05,530 P89007 INFO Clients average loss: 0.29137495160102844
2026-06-24 18:10:05,530 P89007 INFO [Time] turn=540 local_train_time=6.8357s avg_client_train_time=0.011317s max_client_train_time=0.070284s min_client_train_time=0.006155s median_client_train_time=0.009460s aggregation_time=0.1797s round_time=7.5288s
2026-06-24 18:10:05,530 P89007 INFO ********* Train Turn 541 *********
2026-06-24 18:10:13,939 P89007 INFO Clients average loss: 0.2919883131980896
2026-06-24 18:10:13,941 P89007 INFO [Time] turn=541 local_train_time=7.7393s avg_client_train_time=0.012813s max_client_train_time=0.059604s min_client_train_time=0.006050s median_client_train_time=0.010698s aggregation_time=0.1610s round_time=8.4100s
2026-06-24 18:10:13,941 P89007 INFO ********* Train Turn 542 *********
2026-06-24 18:10:22,413 P89007 INFO Clients average loss: 0.2915065586566925
2026-06-24 18:10:22,413 P89007 INFO [Time] turn=542 local_train_time=7.7727s avg_client_train_time=0.012869s max_client_train_time=0.064821s min_client_train_time=0.006501s median_client_train_time=0.010906s aggregation_time=0.1682s round_time=8.4719s
2026-06-24 18:10:22,413 P89007 INFO ********* Train Turn 543 *********
2026-06-24 18:10:30,612 P89007 INFO Clients average loss: 0.2887163460254669
2026-06-24 18:10:30,612 P89007 INFO [Time] turn=543 local_train_time=7.5415s avg_client_train_time=0.012486s max_client_train_time=0.043108s min_client_train_time=0.006386s median_client_train_time=0.010622s aggregation_time=0.1530s round_time=8.1988s
2026-06-24 18:10:30,612 P89007 INFO ********* Train Turn 544 *********
2026-06-24 18:10:39,063 P89007 INFO Clients average loss: 0.29275473952293396
2026-06-24 18:10:39,063 P89007 INFO [Time] turn=544 local_train_time=7.7829s avg_client_train_time=0.012886s max_client_train_time=0.069533s min_client_train_time=0.006019s median_client_train_time=0.010552s aggregation_time=0.1528s round_time=8.4508s
2026-06-24 18:10:39,063 P89007 INFO ********* Train Turn 545 *********
2026-06-24 18:10:47,066 P89007 INFO Clients average loss: 0.2842904031276703
2026-06-24 18:10:47,066 P89007 INFO [Time] turn=545 local_train_time=7.3638s avg_client_train_time=0.012192s max_client_train_time=0.039437s min_client_train_time=0.006133s median_client_train_time=0.010117s aggregation_time=0.1452s round_time=8.0028s
2026-06-24 18:10:47,066 P89007 INFO ********* Train Turn 546 *********
2026-06-24 18:10:55,182 P89007 INFO Clients average loss: 0.30079352855682373
2026-06-24 18:10:55,183 P89007 INFO [Time] turn=546 local_train_time=7.4664s avg_client_train_time=0.012362s max_client_train_time=0.050803s min_client_train_time=0.006096s median_client_train_time=0.010300s aggregation_time=0.1544s round_time=8.1159s
2026-06-24 18:10:55,183 P89007 INFO ********* Train Turn 547 *********
2026-06-24 18:11:03,213 P89007 INFO Clients average loss: 0.28993478417396545
2026-06-24 18:11:03,214 P89007 INFO [Time] turn=547 local_train_time=7.3839s avg_client_train_time=0.012225s max_client_train_time=0.044432s min_client_train_time=0.006125s median_client_train_time=0.010052s aggregation_time=0.1549s round_time=8.0307s
2026-06-24 18:11:03,214 P89007 INFO ********* Train Turn 548 *********
2026-06-24 18:11:11,421 P89007 INFO Clients average loss: 0.2868194878101349
2026-06-24 18:11:11,422 P89007 INFO [Time] turn=548 local_train_time=7.5643s avg_client_train_time=0.012524s max_client_train_time=0.049508s min_client_train_time=0.006254s median_client_train_time=0.010346s aggregation_time=0.1475s round_time=8.2073s
2026-06-24 18:11:11,422 P89007 INFO ********* Train Turn 549 *********
2026-06-24 18:11:19,727 P89007 INFO Clients average loss: 0.2937808632850647
2026-06-24 18:11:19,729 P89007 INFO [Time] turn=549 local_train_time=7.6160s avg_client_train_time=0.012609s max_client_train_time=0.040349s min_client_train_time=0.006137s median_client_train_time=0.010524s aggregation_time=0.1836s round_time=8.3067s
2026-06-24 18:11:19,729 P89007 INFO ********* Eval @ Turn 549 *********
2026-06-24 18:11:19,729 P89007 INFO [EvalRoundClientTime] turn=549 avg=0.012609s max=0.040349s min=0.006137s median=0.010524s
2026-06-24 18:11:27,177 P89007 INFO [Metrics] logloss: 1.221436 - MRR: 0.282238 - NDCG(5): 0.282363 - HR(5): 0.414073 - NDCG(10): 0.344619 - HR(10): 0.607616 - NDCG(20): 0.381527 - HR(20): 0.751656 - NDCG(50): 0.420656 - HR(50): 0.946523
2026-06-24 18:11:27,179 P89007 INFO [Time] eval_time=7.4500s
2026-06-24 18:11:27,179 P89007 INFO ********* Train Turn 550 *********
2026-06-24 18:11:34,447 P89007 INFO Clients average loss: 0.29208481311798096
2026-06-24 18:11:34,447 P89007 INFO [Time] turn=550 local_train_time=6.5597s avg_client_train_time=0.010860s max_client_train_time=0.036808s min_client_train_time=0.006211s median_client_train_time=0.009153s aggregation_time=0.1959s round_time=7.2678s
2026-06-24 18:11:34,448 P89007 INFO ********* Train Turn 551 *********
2026-06-24 18:11:42,513 P89007 INFO Clients average loss: 0.2946980893611908
2026-06-24 18:11:42,514 P89007 INFO [Time] turn=551 local_train_time=7.4122s avg_client_train_time=0.012272s max_client_train_time=0.045036s min_client_train_time=0.006065s median_client_train_time=0.010096s aggregation_time=0.1577s round_time=8.0662s
2026-06-24 18:11:42,514 P89007 INFO ********* Train Turn 552 *********
2026-06-24 18:11:51,374 P89007 INFO Clients average loss: 0.2934100031852722
2026-06-24 18:11:51,377 P89007 INFO [Time] turn=552 local_train_time=8.0557s avg_client_train_time=0.013337s max_client_train_time=0.122773s min_client_train_time=0.006050s median_client_train_time=0.010760s aggregation_time=0.1631s round_time=8.8630s
2026-06-24 18:11:51,377 P89007 INFO ********* Train Turn 553 *********
2026-06-24 18:11:59,651 P89007 INFO Clients average loss: 0.2910732626914978
2026-06-24 18:11:59,651 P89007 INFO [Time] turn=553 local_train_time=7.6081s avg_client_train_time=0.012596s max_client_train_time=0.047724s min_client_train_time=0.006160s median_client_train_time=0.010399s aggregation_time=0.1592s round_time=8.2735s
2026-06-24 18:11:59,651 P89007 INFO ********* Train Turn 554 *********
2026-06-24 18:12:08,169 P89007 INFO Clients average loss: 0.2868589162826538
2026-06-24 18:12:08,170 P89007 INFO [Time] turn=554 local_train_time=7.7983s avg_client_train_time=0.012911s max_client_train_time=0.055798s min_client_train_time=0.006299s median_client_train_time=0.010851s aggregation_time=0.2053s round_time=8.5182s
2026-06-24 18:12:08,170 P89007 INFO ********* Train Turn 555 *********
2026-06-24 18:12:16,954 P89007 INFO Clients average loss: 0.2962867021560669
2026-06-24 18:12:16,955 P89007 INFO [Time] turn=555 local_train_time=8.1082s avg_client_train_time=0.013424s max_client_train_time=0.050229s min_client_train_time=0.006132s median_client_train_time=0.011098s aggregation_time=0.1625s round_time=8.7848s
2026-06-24 18:12:16,955 P89007 INFO ********* Train Turn 556 *********
2026-06-24 18:12:25,674 P89007 INFO Clients average loss: 0.29353421926498413
2026-06-24 18:12:25,675 P89007 INFO [Time] turn=556 local_train_time=8.0148s avg_client_train_time=0.013270s max_client_train_time=0.141636s min_client_train_time=0.006190s median_client_train_time=0.011021s aggregation_time=0.1796s round_time=8.7193s
2026-06-24 18:12:25,675 P89007 INFO ********* Train Turn 557 *********
2026-06-24 18:12:33,787 P89007 INFO Clients average loss: 0.292676717042923
2026-06-24 18:12:33,787 P89007 INFO [Time] turn=557 local_train_time=7.4568s avg_client_train_time=0.012346s max_client_train_time=0.038253s min_client_train_time=0.006222s median_client_train_time=0.010405s aggregation_time=0.1511s round_time=8.1121s
2026-06-24 18:12:33,787 P89007 INFO ********* Train Turn 558 *********
2026-06-24 18:12:41,955 P89007 INFO Clients average loss: 0.28809231519699097
2026-06-24 18:12:41,956 P89007 INFO [Time] turn=558 local_train_time=7.5095s avg_client_train_time=0.012433s max_client_train_time=0.043722s min_client_train_time=0.006142s median_client_train_time=0.010454s aggregation_time=0.1566s round_time=8.1684s
2026-06-24 18:12:41,956 P89007 INFO ********* Train Turn 559 *********
2026-06-24 18:12:51,377 P89007 INFO Clients average loss: 0.2930621802806854
2026-06-24 18:12:51,379 P89007 INFO [Time] turn=559 local_train_time=8.7048s avg_client_train_time=0.014412s max_client_train_time=0.072344s min_client_train_time=0.006283s median_client_train_time=0.011779s aggregation_time=0.1803s round_time=9.4229s
2026-06-24 18:12:51,379 P89007 INFO ********* Eval @ Turn 559 *********
2026-06-24 18:12:51,379 P89007 INFO [EvalRoundClientTime] turn=559 avg=0.014412s max=0.072344s min=0.006283s median=0.011779s
2026-06-24 18:12:59,112 P89007 INFO [Metrics] logloss: 1.096706 - MRR: 0.287274 - NDCG(5): 0.286756 - HR(5): 0.415397 - NDCG(10): 0.348814 - HR(10): 0.608113 - NDCG(20): 0.384785 - HR(20): 0.748344 - NDCG(50): 0.423700 - HR(50): 0.942219
2026-06-24 18:12:59,113 P89007 INFO [Time] eval_time=7.7335s
2026-06-24 18:12:59,113 P89007 INFO ********* Train Turn 560 *********
2026-06-24 18:13:07,493 P89007 INFO Clients average loss: 0.29457664489746094
2026-06-24 18:13:07,493 P89007 INFO [Time] turn=560 local_train_time=7.5740s avg_client_train_time=0.012540s max_client_train_time=0.044414s min_client_train_time=0.006127s median_client_train_time=0.010305s aggregation_time=0.1706s round_time=8.3794s
2026-06-24 18:13:07,493 P89007 INFO ********* Train Turn 561 *********
2026-06-24 18:13:16,621 P89007 INFO Clients average loss: 0.29863861203193665
2026-06-24 18:13:16,624 P89007 INFO [Time] turn=561 local_train_time=8.4121s avg_client_train_time=0.013927s max_client_train_time=0.103755s min_client_train_time=0.006217s median_client_train_time=0.011158s aggregation_time=0.1662s round_time=9.1300s
2026-06-24 18:13:16,624 P89007 INFO ********* Train Turn 562 *********
2026-06-24 18:13:25,516 P89007 INFO Clients average loss: 0.3003253638744354
2026-06-24 18:13:25,517 P89007 INFO [Time] turn=562 local_train_time=8.2271s avg_client_train_time=0.013621s max_client_train_time=0.042176s min_client_train_time=0.006327s median_client_train_time=0.011146s aggregation_time=0.1502s round_time=8.8926s
2026-06-24 18:13:25,517 P89007 INFO ********* Train Turn 563 *********
2026-06-24 18:13:34,167 P89007 INFO Clients average loss: 0.28778979182243347
2026-06-24 18:13:34,169 P89007 INFO [Time] turn=563 local_train_time=7.8561s avg_client_train_time=0.013007s max_client_train_time=0.044196s min_client_train_time=0.006140s median_client_train_time=0.011304s aggregation_time=0.2697s round_time=8.6524s
2026-06-24 18:13:34,169 P89007 INFO ********* Train Turn 564 *********
2026-06-24 18:13:43,967 P89007 INFO Clients average loss: 0.29845893383026123
2026-06-24 18:13:43,968 P89007 INFO [Time] turn=564 local_train_time=8.9768s avg_client_train_time=0.014862s max_client_train_time=0.128250s min_client_train_time=0.006236s median_client_train_time=0.012369s aggregation_time=0.2525s round_time=9.7987s
2026-06-24 18:13:43,969 P89007 INFO ********* Train Turn 565 *********
2026-06-24 18:13:52,692 P89007 INFO Clients average loss: 0.29089438915252686
2026-06-24 18:13:52,695 P89007 INFO [Time] turn=565 local_train_time=8.0155s avg_client_train_time=0.013271s max_client_train_time=0.148177s min_client_train_time=0.006365s median_client_train_time=0.010959s aggregation_time=0.1826s round_time=8.7258s
2026-06-24 18:13:52,695 P89007 INFO ********* Train Turn 566 *********
2026-06-24 18:14:01,779 P89007 INFO Clients average loss: 0.29322415590286255
2026-06-24 18:14:01,781 P89007 INFO [Time] turn=566 local_train_time=8.3166s avg_client_train_time=0.013769s max_client_train_time=0.071035s min_client_train_time=0.006281s median_client_train_time=0.011339s aggregation_time=0.1953s round_time=9.0859s
2026-06-24 18:14:01,781 P89007 INFO ********* Train Turn 567 *********
2026-06-24 18:14:09,770 P89007 INFO Clients average loss: 0.30134356021881104
2026-06-24 18:14:09,771 P89007 INFO [Time] turn=567 local_train_time=7.3261s avg_client_train_time=0.012129s max_client_train_time=0.035195s min_client_train_time=0.006152s median_client_train_time=0.010203s aggregation_time=0.1629s round_time=7.9898s
2026-06-24 18:14:09,771 P89007 INFO ********* Train Turn 568 *********
2026-06-24 18:14:18,254 P89007 INFO Clients average loss: 0.2935584485530853
2026-06-24 18:14:18,257 P89007 INFO [Time] turn=568 local_train_time=7.7703s avg_client_train_time=0.012865s max_client_train_time=0.058464s min_client_train_time=0.006093s median_client_train_time=0.010631s aggregation_time=0.2003s round_time=8.4853s
2026-06-24 18:14:18,257 P89007 INFO ********* Train Turn 569 *********
2026-06-24 18:14:27,189 P89007 INFO Clients average loss: 0.29102134704589844
2026-06-24 18:14:27,191 P89007 INFO [Time] turn=569 local_train_time=8.2619s avg_client_train_time=0.013679s max_client_train_time=0.088103s min_client_train_time=0.006081s median_client_train_time=0.011128s aggregation_time=0.1578s round_time=8.9334s
2026-06-24 18:14:27,191 P89007 INFO ********* Eval @ Turn 569 *********
2026-06-24 18:14:27,191 P89007 INFO [EvalRoundClientTime] turn=569 avg=0.013679s max=0.088103s min=0.006081s median=0.011128s
2026-06-24 18:14:33,980 P89007 INFO [Metrics] logloss: 1.123435 - MRR: 0.286898 - NDCG(5): 0.286947 - HR(5): 0.416391 - NDCG(10): 0.348770 - HR(10): 0.608775 - NDCG(20): 0.384448 - HR(20): 0.748675 - NDCG(50): 0.423169 - HR(50): 0.941391
2026-06-24 18:14:33,981 P89007 INFO [Time] eval_time=6.7902s
2026-06-24 18:14:33,982 P89007 INFO ********* Train Turn 570 *********
2026-06-24 18:14:41,687 P89007 INFO Clients average loss: 0.2879359722137451
2026-06-24 18:14:41,687 P89007 INFO [Time] turn=570 local_train_time=6.9727s avg_client_train_time=0.011544s max_client_train_time=0.034063s min_client_train_time=0.006520s median_client_train_time=0.009787s aggregation_time=0.2035s round_time=7.7051s
2026-06-24 18:14:41,687 P89007 INFO ********* Train Turn 571 *********
2026-06-24 18:14:50,867 P89007 INFO Clients average loss: 0.2932273745536804
2026-06-24 18:14:50,868 P89007 INFO [Time] turn=571 local_train_time=8.4690s avg_client_train_time=0.014021s max_client_train_time=0.150996s min_client_train_time=0.006369s median_client_train_time=0.011397s aggregation_time=0.1627s round_time=9.1805s
2026-06-24 18:14:50,868 P89007 INFO ********* Train Turn 572 *********
2026-06-24 18:14:59,169 P89007 INFO Clients average loss: 0.29652416706085205
2026-06-24 18:14:59,171 P89007 INFO [Time] turn=572 local_train_time=7.6062s avg_client_train_time=0.012593s max_client_train_time=0.050122s min_client_train_time=0.006114s median_client_train_time=0.010595s aggregation_time=0.1862s round_time=8.3027s
2026-06-24 18:14:59,171 P89007 INFO ********* Train Turn 573 *********
2026-06-24 18:15:07,545 P89007 INFO Clients average loss: 0.2926967144012451
2026-06-24 18:15:07,547 P89007 INFO [Time] turn=573 local_train_time=7.6373s avg_client_train_time=0.012645s max_client_train_time=0.069133s min_client_train_time=0.006298s median_client_train_time=0.010551s aggregation_time=0.2179s round_time=8.3754s
2026-06-24 18:15:07,547 P89007 INFO ********* Train Turn 574 *********
2026-06-24 18:15:15,901 P89007 INFO Clients average loss: 0.291398823261261
2026-06-24 18:15:15,903 P89007 INFO [Time] turn=574 local_train_time=7.6515s avg_client_train_time=0.012668s max_client_train_time=0.059450s min_client_train_time=0.006131s median_client_train_time=0.010444s aggregation_time=0.1907s round_time=8.3551s
2026-06-24 18:15:15,903 P89007 INFO ********* Train Turn 575 *********
2026-06-24 18:15:24,901 P89007 INFO Clients average loss: 0.2955790162086487
2026-06-24 18:15:24,902 P89007 INFO [Time] turn=575 local_train_time=8.2028s avg_client_train_time=0.013581s max_client_train_time=0.090905s min_client_train_time=0.006577s median_client_train_time=0.011172s aggregation_time=0.2411s round_time=8.9993s
2026-06-24 18:15:24,902 P89007 INFO ********* Train Turn 576 *********
2026-06-24 18:15:34,023 P89007 INFO Clients average loss: 0.2997896671295166
2026-06-24 18:15:34,024 P89007 INFO [Time] turn=576 local_train_time=8.3895s avg_client_train_time=0.013890s max_client_train_time=0.132918s min_client_train_time=0.006221s median_client_train_time=0.011400s aggregation_time=0.1895s round_time=9.1212s
2026-06-24 18:15:34,024 P89007 INFO ********* Train Turn 577 *********
2026-06-24 18:15:43,333 P89007 INFO Clients average loss: 0.2963896095752716
2026-06-24 18:15:43,334 P89007 INFO [Time] turn=577 local_train_time=8.5757s avg_client_train_time=0.014198s max_client_train_time=0.112663s min_client_train_time=0.006203s median_client_train_time=0.010804s aggregation_time=0.1867s round_time=9.3098s
2026-06-24 18:15:43,335 P89007 INFO ********* Train Turn 578 *********
2026-06-24 18:15:52,073 P89007 INFO Clients average loss: 0.2940065264701843
2026-06-24 18:15:52,073 P89007 INFO [Time] turn=578 local_train_time=7.9750s avg_client_train_time=0.013204s max_client_train_time=0.053337s min_client_train_time=0.006199s median_client_train_time=0.010665s aggregation_time=0.2251s round_time=8.7385s
2026-06-24 18:15:52,074 P89007 INFO ********* Train Turn 579 *********
2026-06-24 18:16:01,585 P89007 INFO Clients average loss: 0.29262369871139526
2026-06-24 18:16:01,586 P89007 INFO [Time] turn=579 local_train_time=8.7497s avg_client_train_time=0.014486s max_client_train_time=0.122952s min_client_train_time=0.006421s median_client_train_time=0.011705s aggregation_time=0.2034s round_time=9.5122s
2026-06-24 18:16:01,586 P89007 INFO ********* Eval @ Turn 579 *********
2026-06-24 18:16:01,586 P89007 INFO [EvalRoundClientTime] turn=579 avg=0.014486s max=0.122952s min=0.006421s median=0.011705s
2026-06-24 18:16:10,747 P89007 INFO [Metrics] logloss: 1.053912 - MRR: 0.284103 - NDCG(5): 0.283117 - HR(5): 0.409768 - NDCG(10): 0.341951 - HR(10): 0.593377 - NDCG(20): 0.383637 - HR(20): 0.756788 - NDCG(50): 0.420753 - HR(50): 0.941556
2026-06-24 18:16:10,749 P89007 INFO [Time] eval_time=9.1623s
2026-06-24 18:16:10,749 P89007 INFO ********* Train Turn 580 *********
2026-06-24 18:16:18,389 P89007 INFO Clients average loss: 0.2868712842464447
2026-06-24 18:16:18,390 P89007 INFO [Time] turn=580 local_train_time=6.9184s avg_client_train_time=0.011454s max_client_train_time=0.038523s min_client_train_time=0.006273s median_client_train_time=0.009698s aggregation_time=0.1742s round_time=7.6405s
2026-06-24 18:16:18,390 P89007 INFO ********* Train Turn 581 *********
2026-06-24 18:16:27,074 P89007 INFO Clients average loss: 0.28905025124549866
2026-06-24 18:16:27,075 P89007 INFO [Time] turn=581 local_train_time=7.9829s avg_client_train_time=0.013217s max_client_train_time=0.047369s min_client_train_time=0.006143s median_client_train_time=0.011076s aggregation_time=0.1825s round_time=8.6848s
2026-06-24 18:16:27,075 P89007 INFO ********* Train Turn 582 *********
2026-06-24 18:16:36,854 P89007 INFO Clients average loss: 0.2933156192302704
2026-06-24 18:16:36,858 P89007 INFO [Time] turn=582 local_train_time=8.5955s avg_client_train_time=0.014231s max_client_train_time=0.111885s min_client_train_time=0.006287s median_client_train_time=0.011459s aggregation_time=0.5005s round_time=9.7825s
2026-06-24 18:16:36,858 P89007 INFO ********* Train Turn 583 *********
2026-06-24 18:16:45,970 P89007 INFO Clients average loss: 0.2948877513408661
2026-06-24 18:16:45,972 P89007 INFO [Time] turn=583 local_train_time=8.3828s avg_client_train_time=0.013879s max_client_train_time=0.106253s min_client_train_time=0.006191s median_client_train_time=0.011358s aggregation_time=0.1723s round_time=9.1136s
2026-06-24 18:16:45,972 P89007 INFO ********* Train Turn 584 *********
2026-06-24 18:16:54,388 P89007 INFO Clients average loss: 0.29513245820999146
2026-06-24 18:16:54,390 P89007 INFO [Time] turn=584 local_train_time=7.7403s avg_client_train_time=0.012815s max_client_train_time=0.040826s min_client_train_time=0.006183s median_client_train_time=0.010658s aggregation_time=0.1670s round_time=8.4171s
2026-06-24 18:16:54,390 P89007 INFO ********* Train Turn 585 *********
2026-06-24 18:17:02,708 P89007 INFO Clients average loss: 0.2887342870235443
2026-06-24 18:17:02,711 P89007 INFO [Time] turn=585 local_train_time=7.5837s avg_client_train_time=0.012556s max_client_train_time=0.092087s min_client_train_time=0.006280s median_client_train_time=0.010412s aggregation_time=0.2122s round_time=8.3207s
2026-06-24 18:17:02,711 P89007 INFO ********* Train Turn 586 *********
2026-06-24 18:17:11,175 P89007 INFO Clients average loss: 0.3005450367927551
2026-06-24 18:17:11,176 P89007 INFO [Time] turn=586 local_train_time=7.8024s avg_client_train_time=0.012918s max_client_train_time=0.047435s min_client_train_time=0.006123s median_client_train_time=0.010692s aggregation_time=0.1514s round_time=8.4650s
2026-06-24 18:17:11,176 P89007 INFO ********* Train Turn 587 *********
2026-06-24 18:17:21,237 P89007 INFO Clients average loss: 0.2914578914642334
2026-06-24 18:17:21,238 P89007 INFO [Time] turn=587 local_train_time=9.2043s avg_client_train_time=0.015239s max_client_train_time=0.128408s min_client_train_time=0.006861s median_client_train_time=0.012415s aggregation_time=0.2787s round_time=10.0615s
2026-06-24 18:17:21,238 P89007 INFO ********* Train Turn 588 *********
2026-06-24 18:17:31,691 P89007 INFO Clients average loss: 0.29352235794067383
2026-06-24 18:17:31,692 P89007 INFO [Time] turn=588 local_train_time=9.5995s avg_client_train_time=0.015893s max_client_train_time=0.056144s min_client_train_time=0.006603s median_client_train_time=0.013701s aggregation_time=0.1828s round_time=10.4541s
2026-06-24 18:17:31,693 P89007 INFO ********* Train Turn 589 *********
2026-06-24 18:17:40,647 P89007 INFO Clients average loss: 0.29054632782936096
2026-06-24 18:17:40,649 P89007 INFO [Time] turn=589 local_train_time=8.2030s avg_client_train_time=0.013581s max_client_train_time=0.109860s min_client_train_time=0.006211s median_client_train_time=0.010789s aggregation_time=0.2208s round_time=8.9564s
2026-06-24 18:17:40,649 P89007 INFO ********* Eval @ Turn 589 *********
2026-06-24 18:17:40,649 P89007 INFO [EvalRoundClientTime] turn=589 avg=0.013581s max=0.109860s min=0.006211s median=0.010789s
2026-06-24 18:17:48,545 P89007 INFO [Metrics] logloss: 1.093495 - MRR: 0.290190 - NDCG(5): 0.290567 - HR(5): 0.419040 - NDCG(10): 0.350891 - HR(10): 0.607285 - NDCG(20): 0.388540 - HR(20): 0.755298 - NDCG(50): 0.425522 - HR(50): 0.940894
2026-06-24 18:17:48,548 P89007 INFO [Time] eval_time=7.8979s
2026-06-24 18:17:48,548 P89007 INFO ********* Train Turn 590 *********
2026-06-24 18:17:56,366 P89007 INFO Clients average loss: 0.2975327670574188
2026-06-24 18:17:56,368 P89007 INFO [Time] turn=590 local_train_time=7.0208s avg_client_train_time=0.011624s max_client_train_time=0.041484s min_client_train_time=0.006183s median_client_train_time=0.009719s aggregation_time=0.1682s round_time=7.8199s
2026-06-24 18:17:56,368 P89007 INFO ********* Train Turn 591 *********
2026-06-24 18:18:04,737 P89007 INFO Clients average loss: 0.295284241437912
2026-06-24 18:18:04,738 P89007 INFO [Time] turn=591 local_train_time=7.6873s avg_client_train_time=0.012727s max_client_train_time=0.146095s min_client_train_time=0.006369s median_client_train_time=0.010486s aggregation_time=0.1706s round_time=8.3700s
2026-06-24 18:18:04,738 P89007 INFO ********* Train Turn 592 *********
2026-06-24 18:18:13,745 P89007 INFO Clients average loss: 0.29720383882522583
2026-06-24 18:18:13,745 P89007 INFO [Time] turn=592 local_train_time=8.3276s avg_client_train_time=0.013787s max_client_train_time=0.091388s min_client_train_time=0.006620s median_client_train_time=0.011175s aggregation_time=0.1498s round_time=9.0062s
2026-06-24 18:18:13,745 P89007 INFO ********* Train Turn 593 *********
2026-06-24 18:18:22,233 P89007 INFO Clients average loss: 0.2900729179382324
2026-06-24 18:18:22,233 P89007 INFO [Time] turn=593 local_train_time=7.8271s avg_client_train_time=0.012959s max_client_train_time=0.070982s min_client_train_time=0.006331s median_client_train_time=0.010679s aggregation_time=0.1499s round_time=8.4880s
2026-06-24 18:18:22,233 P89007 INFO ********* Train Turn 594 *********
2026-06-24 18:18:31,237 P89007 INFO Clients average loss: 0.291011244058609
2026-06-24 18:18:31,239 P89007 INFO [Time] turn=594 local_train_time=8.2090s avg_client_train_time=0.013591s max_client_train_time=0.118624s min_client_train_time=0.005914s median_client_train_time=0.010977s aggregation_time=0.2485s round_time=9.0051s
2026-06-24 18:18:31,239 P89007 INFO ********* Train Turn 595 *********
2026-06-24 18:18:44,291 P89007 INFO Clients average loss: 0.28815680742263794
2026-06-24 18:18:44,296 P89007 INFO [Time] turn=595 local_train_time=11.7464s avg_client_train_time=0.019448s max_client_train_time=0.113358s min_client_train_time=0.006870s median_client_train_time=0.016114s aggregation_time=0.5184s round_time=13.0568s
2026-06-24 18:18:44,297 P89007 INFO ********* Train Turn 596 *********
2026-06-24 18:18:57,264 P89007 INFO Clients average loss: 0.30075544118881226
2026-06-24 18:18:57,265 P89007 INFO [Time] turn=596 local_train_time=11.9857s avg_client_train_time=0.019844s max_client_train_time=0.106458s min_client_train_time=0.006301s median_client_train_time=0.012350s aggregation_time=0.1498s round_time=12.9680s
2026-06-24 18:18:57,265 P89007 INFO ********* Train Turn 597 *********
2026-06-24 18:19:05,819 P89007 INFO Clients average loss: 0.2915968894958496
2026-06-24 18:19:05,820 P89007 INFO [Time] turn=597 local_train_time=7.8417s avg_client_train_time=0.012983s max_client_train_time=0.066808s min_client_train_time=0.006309s median_client_train_time=0.010893s aggregation_time=0.1646s round_time=8.5539s
2026-06-24 18:19:05,820 P89007 INFO ********* Train Turn 598 *********
2026-06-24 18:19:14,828 P89007 INFO Clients average loss: 0.293560653924942
2026-06-24 18:19:14,831 P89007 INFO [Time] turn=598 local_train_time=8.2577s avg_client_train_time=0.013672s max_client_train_time=0.110790s min_client_train_time=0.005944s median_client_train_time=0.011317s aggregation_time=0.2163s round_time=9.0105s
2026-06-24 18:19:14,831 P89007 INFO ********* Train Turn 599 *********
2026-06-24 18:19:24,346 P89007 INFO Clients average loss: 0.2892092764377594
2026-06-24 18:19:24,347 P89007 INFO [Time] turn=599 local_train_time=8.7438s avg_client_train_time=0.014477s max_client_train_time=0.171659s min_client_train_time=0.006270s median_client_train_time=0.011265s aggregation_time=0.1953s round_time=9.5160s
2026-06-24 18:19:24,348 P89007 INFO ********* Eval @ Turn 599 *********
2026-06-24 18:19:24,348 P89007 INFO [EvalRoundClientTime] turn=599 avg=0.014477s max=0.171659s min=0.006270s median=0.011265s
2026-06-24 18:19:33,267 P89007 INFO [Metrics] logloss: 0.959008 - MRR: 0.280171 - NDCG(5): 0.279367 - HR(5): 0.406954 - NDCG(10): 0.337881 - HR(10): 0.589901 - NDCG(20): 0.381819 - HR(20): 0.762086 - NDCG(50): 0.417755 - HR(50): 0.943212
2026-06-24 18:19:33,270 P89007 INFO [Time] eval_time=8.9221s
2026-06-24 18:19:33,270 P89007 INFO ********* Train Turn 600 *********
2026-06-24 18:19:40,649 P89007 INFO Clients average loss: 0.2908046245574951
2026-06-24 18:19:40,650 P89007 INFO [Time] turn=600 local_train_time=6.6741s avg_client_train_time=0.011050s max_client_train_time=0.041001s min_client_train_time=0.006143s median_client_train_time=0.009305s aggregation_time=0.1651s round_time=7.3797s
2026-06-24 18:19:40,650 P89007 INFO ********* Train Turn 601 *********
2026-06-24 18:19:48,869 P89007 INFO Clients average loss: 0.2916257381439209
2026-06-24 18:19:48,870 P89007 INFO [Time] turn=601 local_train_time=7.5585s avg_client_train_time=0.012514s max_client_train_time=0.060145s min_client_train_time=0.006189s median_client_train_time=0.010388s aggregation_time=0.1610s round_time=8.2193s
2026-06-24 18:19:48,870 P89007 INFO ********* Train Turn 602 *********
2026-06-24 18:19:58,288 P89007 INFO Clients average loss: 0.29192763566970825
2026-06-24 18:19:58,290 P89007 INFO [Time] turn=602 local_train_time=8.6468s avg_client_train_time=0.014316s max_client_train_time=0.070857s min_client_train_time=0.006351s median_client_train_time=0.011803s aggregation_time=0.2096s round_time=9.4198s
2026-06-24 18:19:58,290 P89007 INFO ********* Train Turn 603 *********
2026-06-24 18:20:07,084 P89007 INFO Clients average loss: 0.2955847680568695
2026-06-24 18:20:07,085 P89007 INFO [Time] turn=603 local_train_time=8.1189s avg_client_train_time=0.013442s max_client_train_time=0.062994s min_client_train_time=0.006290s median_client_train_time=0.010992s aggregation_time=0.1563s round_time=8.7942s
2026-06-24 18:20:07,085 P89007 INFO ********* Train Turn 604 *********
2026-06-24 18:20:15,964 P89007 INFO Clients average loss: 0.29178017377853394
2026-06-24 18:20:15,965 P89007 INFO [Time] turn=604 local_train_time=8.1918s avg_client_train_time=0.013563s max_client_train_time=0.073690s min_client_train_time=0.006292s median_client_train_time=0.011032s aggregation_time=0.1696s round_time=8.8796s
2026-06-24 18:20:15,965 P89007 INFO ********* Train Turn 605 *********
2026-06-24 18:20:24,507 P89007 INFO Clients average loss: 0.29259616136550903
2026-06-24 18:20:24,507 P89007 INFO [Time] turn=605 local_train_time=7.7587s avg_client_train_time=0.012845s max_client_train_time=0.058045s min_client_train_time=0.006298s median_client_train_time=0.010647s aggregation_time=0.2404s round_time=8.5424s
2026-06-24 18:20:24,508 P89007 INFO ********* Train Turn 606 *********
2026-06-24 18:20:33,269 P89007 INFO Clients average loss: 0.2964065968990326
2026-06-24 18:20:33,270 P89007 INFO [Time] turn=606 local_train_time=7.9552s avg_client_train_time=0.013171s max_client_train_time=0.242386s min_client_train_time=0.006188s median_client_train_time=0.010637s aggregation_time=0.2725s round_time=8.7621s
2026-06-24 18:20:33,270 P89007 INFO ********* Train Turn 607 *********
2026-06-24 18:20:42,030 P89007 INFO Clients average loss: 0.30081793665885925
2026-06-24 18:20:42,032 P89007 INFO [Time] turn=607 local_train_time=7.9985s avg_client_train_time=0.013243s max_client_train_time=0.052762s min_client_train_time=0.006329s median_client_train_time=0.010969s aggregation_time=0.1978s round_time=8.7611s
2026-06-24 18:20:42,032 P89007 INFO ********* Train Turn 608 *********
2026-06-24 18:20:50,254 P89007 INFO Clients average loss: 0.28811925649642944
2026-06-24 18:20:50,256 P89007 INFO [Time] turn=608 local_train_time=7.4667s avg_client_train_time=0.012362s max_client_train_time=0.043958s min_client_train_time=0.006532s median_client_train_time=0.010278s aggregation_time=0.2257s round_time=8.2242s
2026-06-24 18:20:50,256 P89007 INFO ********* Train Turn 609 *********
2026-06-24 18:20:59,824 P89007 INFO Clients average loss: 0.29311835765838623
2026-06-24 18:20:59,826 P89007 INFO [Time] turn=609 local_train_time=8.7263s avg_client_train_time=0.014447s max_client_train_time=0.113320s min_client_train_time=0.006030s median_client_train_time=0.010991s aggregation_time=0.2283s round_time=9.5693s
2026-06-24 18:20:59,826 P89007 INFO ********* Eval @ Turn 609 *********
2026-06-24 18:20:59,826 P89007 INFO [EvalRoundClientTime] turn=609 avg=0.014447s max=0.113320s min=0.006030s median=0.010991s
2026-06-24 18:21:06,513 P89007 INFO [Metrics] logloss: 1.020032 - MRR: 0.282704 - NDCG(5): 0.282280 - HR(5): 0.411589 - NDCG(10): 0.343683 - HR(10): 0.603311 - NDCG(20): 0.384260 - HR(20): 0.762583 - NDCG(50): 0.419913 - HR(50): 0.942550
2026-06-24 18:21:06,514 P89007 INFO [Time] eval_time=6.6882s
2026-06-24 18:21:06,515 P89007 INFO ********* Train Turn 610 *********
2026-06-24 18:21:14,139 P89007 INFO Clients average loss: 0.29899051785469055
2026-06-24 18:21:14,140 P89007 INFO [Time] turn=610 local_train_time=6.9115s avg_client_train_time=0.011443s max_client_train_time=0.087085s min_client_train_time=0.006110s median_client_train_time=0.009224s aggregation_time=0.1889s round_time=7.6249s
2026-06-24 18:21:14,140 P89007 INFO ********* Train Turn 611 *********
2026-06-24 18:21:22,287 P89007 INFO Clients average loss: 0.297861248254776
2026-06-24 18:21:22,288 P89007 INFO [Time] turn=611 local_train_time=7.4725s avg_client_train_time=0.012372s max_client_train_time=0.085775s min_client_train_time=0.006063s median_client_train_time=0.010156s aggregation_time=0.1778s round_time=8.1478s
2026-06-24 18:21:22,288 P89007 INFO ********* Train Turn 612 *********
2026-06-24 18:21:30,667 P89007 INFO Clients average loss: 0.28612861037254333
2026-06-24 18:21:30,668 P89007 INFO [Time] turn=612 local_train_time=7.6376s avg_client_train_time=0.012645s max_client_train_time=0.045039s min_client_train_time=0.005993s median_client_train_time=0.010551s aggregation_time=0.1657s round_time=8.3797s
2026-06-24 18:21:30,668 P89007 INFO ********* Train Turn 613 *********
2026-06-24 18:21:38,422 P89007 INFO Clients average loss: 0.2845146954059601
2026-06-24 18:21:38,424 P89007 INFO [Time] turn=613 local_train_time=7.1099s avg_client_train_time=0.011771s max_client_train_time=0.062641s min_client_train_time=0.006114s median_client_train_time=0.010041s aggregation_time=0.1541s round_time=7.7553s
2026-06-24 18:21:38,424 P89007 INFO ********* Train Turn 614 *********
2026-06-24 18:21:46,253 P89007 INFO Clients average loss: 0.27989068627357483
2026-06-24 18:21:46,253 P89007 INFO [Time] turn=614 local_train_time=7.1781s avg_client_train_time=0.011884s max_client_train_time=0.037939s min_client_train_time=0.006116s median_client_train_time=0.009882s aggregation_time=0.1560s round_time=7.8289s
2026-06-24 18:21:46,253 P89007 INFO ********* Train Turn 615 *********
2026-06-24 18:21:53,991 P89007 INFO Clients average loss: 0.28856730461120605
2026-06-24 18:21:53,993 P89007 INFO [Time] turn=615 local_train_time=7.0957s avg_client_train_time=0.011748s max_client_train_time=0.040666s min_client_train_time=0.005995s median_client_train_time=0.010111s aggregation_time=0.1502s round_time=7.7392s
2026-06-24 18:21:53,993 P89007 INFO ********* Train Turn 616 *********
2026-06-24 18:22:02,004 P89007 INFO Clients average loss: 0.2944328486919403
2026-06-24 18:22:02,005 P89007 INFO [Time] turn=616 local_train_time=7.3380s avg_client_train_time=0.012149s max_client_train_time=0.045608s min_client_train_time=0.006073s median_client_train_time=0.010165s aggregation_time=0.1786s round_time=8.0121s
2026-06-24 18:22:02,005 P89007 INFO ********* Train Turn 617 *********
2026-06-24 18:22:10,161 P89007 INFO Clients average loss: 0.29283007979393005
2026-06-24 18:22:10,163 P89007 INFO [Time] turn=617 local_train_time=7.4965s avg_client_train_time=0.012411s max_client_train_time=0.042351s min_client_train_time=0.006248s median_client_train_time=0.010327s aggregation_time=0.1644s round_time=8.1572s
2026-06-24 18:22:10,163 P89007 INFO ********* Train Turn 618 *********
2026-06-24 18:22:19,183 P89007 INFO Clients average loss: 0.2875210642814636
2026-06-24 18:22:19,184 P89007 INFO [Time] turn=618 local_train_time=8.2288s avg_client_train_time=0.013624s max_client_train_time=0.102946s min_client_train_time=0.006172s median_client_train_time=0.010715s aggregation_time=0.1618s round_time=9.0208s
2026-06-24 18:22:19,184 P89007 INFO ********* Train Turn 619 *********
2026-06-24 18:22:27,748 P89007 INFO Clients average loss: 0.28702983260154724
2026-06-24 18:22:27,749 P89007 INFO [Time] turn=619 local_train_time=7.8570s avg_client_train_time=0.013008s max_client_train_time=0.086013s min_client_train_time=0.006231s median_client_train_time=0.010805s aggregation_time=0.1831s round_time=8.5650s
2026-06-24 18:22:27,749 P89007 INFO ********* Eval @ Turn 619 *********
2026-06-24 18:22:27,749 P89007 INFO [EvalRoundClientTime] turn=619 avg=0.013008s max=0.086013s min=0.006231s median=0.010805s
2026-06-24 18:22:35,644 P89007 INFO [Metrics] logloss: 1.072275 - MRR: 0.285658 - NDCG(5): 0.284384 - HR(5): 0.411589 - NDCG(10): 0.346082 - HR(10): 0.604305 - NDCG(20): 0.386320 - HR(20): 0.761755 - NDCG(50): 0.422279 - HR(50): 0.943046
2026-06-24 18:22:35,645 P89007 INFO [Time] eval_time=7.8959s
2026-06-24 18:22:35,646 P89007 INFO ********* Train Turn 620 *********
2026-06-24 18:22:43,363 P89007 INFO Clients average loss: 0.2971847653388977
2026-06-24 18:22:43,364 P89007 INFO [Time] turn=620 local_train_time=6.8699s avg_client_train_time=0.011374s max_client_train_time=0.042978s min_client_train_time=0.006159s median_client_train_time=0.009745s aggregation_time=0.2333s round_time=7.7179s
2026-06-24 18:22:43,364 P89007 INFO ********* Train Turn 621 *********
2026-06-24 18:22:52,792 P89007 INFO Clients average loss: 0.2939183712005615
2026-06-24 18:22:52,794 P89007 INFO [Time] turn=621 local_train_time=8.6744s avg_client_train_time=0.014362s max_client_train_time=0.081395s min_client_train_time=0.006230s median_client_train_time=0.011217s aggregation_time=0.1725s round_time=9.4297s
2026-06-24 18:22:52,794 P89007 INFO ********* Train Turn 622 *********
2026-06-24 18:23:01,750 P89007 INFO Clients average loss: 0.2949661612510681
2026-06-24 18:23:01,752 P89007 INFO [Time] turn=622 local_train_time=8.2110s avg_client_train_time=0.013594s max_client_train_time=0.048748s min_client_train_time=0.006458s median_client_train_time=0.011526s aggregation_time=0.2038s round_time=8.9571s
2026-06-24 18:23:01,752 P89007 INFO ********* Train Turn 623 *********
2026-06-24 18:23:11,088 P89007 INFO Clients average loss: 0.2931099236011505
2026-06-24 18:23:11,088 P89007 INFO [Time] turn=623 local_train_time=8.5635s avg_client_train_time=0.014178s max_client_train_time=0.057752s min_client_train_time=0.006549s median_client_train_time=0.011835s aggregation_time=0.2211s round_time=9.3365s
2026-06-24 18:23:11,089 P89007 INFO ********* Train Turn 624 *********
2026-06-24 18:23:20,343 P89007 INFO Clients average loss: 0.291040301322937
2026-06-24 18:23:20,347 P89007 INFO [Time] turn=624 local_train_time=8.4660s avg_client_train_time=0.014017s max_client_train_time=0.055860s min_client_train_time=0.006275s median_client_train_time=0.011653s aggregation_time=0.2546s round_time=9.2565s
2026-06-24 18:23:20,347 P89007 INFO ********* Train Turn 625 *********
2026-06-24 18:23:29,183 P89007 INFO Clients average loss: 0.2903774678707123
2026-06-24 18:23:29,184 P89007 INFO [Time] turn=625 local_train_time=8.0959s avg_client_train_time=0.013404s max_client_train_time=0.224104s min_client_train_time=0.006289s median_client_train_time=0.010601s aggregation_time=0.1906s round_time=8.8362s
2026-06-24 18:23:29,184 P89007 INFO ********* Train Turn 626 *********
2026-06-24 18:23:37,839 P89007 INFO Clients average loss: 0.28740814328193665
2026-06-24 18:23:37,841 P89007 INFO [Time] turn=626 local_train_time=7.9271s avg_client_train_time=0.013124s max_client_train_time=0.063261s min_client_train_time=0.005986s median_client_train_time=0.010811s aggregation_time=0.1853s round_time=8.6569s
2026-06-24 18:23:37,841 P89007 INFO ********* Train Turn 627 *********
2026-06-24 18:23:47,184 P89007 INFO Clients average loss: 0.28836479783058167
2026-06-24 18:23:47,186 P89007 INFO [Time] turn=627 local_train_time=8.5874s avg_client_train_time=0.014218s max_client_train_time=0.050189s min_client_train_time=0.006631s median_client_train_time=0.011963s aggregation_time=0.1980s round_time=9.3446s
2026-06-24 18:23:47,186 P89007 INFO ********* Train Turn 628 *********
2026-06-24 18:23:56,255 P89007 INFO Clients average loss: 0.2876330018043518
2026-06-24 18:23:56,256 P89007 INFO [Time] turn=628 local_train_time=8.3314s avg_client_train_time=0.013794s max_client_train_time=0.051417s min_client_train_time=0.006051s median_client_train_time=0.011833s aggregation_time=0.1992s round_time=9.0692s
2026-06-24 18:23:56,256 P89007 INFO ********* Train Turn 629 *********
2026-06-24 18:24:04,315 P89007 INFO Clients average loss: 0.2802116870880127
2026-06-24 18:24:04,318 P89007 INFO [Time] turn=629 local_train_time=7.4055s avg_client_train_time=0.012261s max_client_train_time=0.052118s min_client_train_time=0.006240s median_client_train_time=0.010043s aggregation_time=0.1615s round_time=8.0618s
2026-06-24 18:24:04,318 P89007 INFO ********* Eval @ Turn 629 *********
2026-06-24 18:24:04,318 P89007 INFO [EvalRoundClientTime] turn=629 avg=0.012261s max=0.052118s min=0.006240s median=0.010043s
2026-06-24 18:24:12,408 P89007 INFO [Metrics] logloss: 1.006461 - MRR: 0.287710 - NDCG(5): 0.284762 - HR(5): 0.405629 - NDCG(10): 0.341762 - HR(10): 0.584106 - NDCG(20): 0.387463 - HR(20): 0.762914 - NDCG(50): 0.422371 - HR(50): 0.937583
2026-06-24 18:24:12,410 P89007 INFO [Time] eval_time=8.0921s
2026-06-24 18:24:12,410 P89007 INFO ********* Train Turn 630 *********
2026-06-24 18:24:21,316 P89007 INFO Clients average loss: 0.2998214066028595
2026-06-24 18:24:21,319 P89007 INFO [Time] turn=630 local_train_time=8.0797s avg_client_train_time=0.013377s max_client_train_time=0.265114s min_client_train_time=0.006180s median_client_train_time=0.010683s aggregation_time=0.2169s round_time=8.9077s
2026-06-24 18:24:21,319 P89007 INFO ********* Train Turn 631 *********
2026-06-24 18:24:30,382 P89007 INFO Clients average loss: 0.2880699932575226
2026-06-24 18:24:30,383 P89007 INFO [Time] turn=631 local_train_time=8.3519s avg_client_train_time=0.013828s max_client_train_time=0.043849s min_client_train_time=0.006294s median_client_train_time=0.011717s aggregation_time=0.1740s round_time=9.0638s
2026-06-24 18:24:30,383 P89007 INFO ********* Train Turn 632 *********
2026-06-24 18:24:39,009 P89007 INFO Clients average loss: 0.2870345413684845
2026-06-24 18:24:39,010 P89007 INFO [Time] turn=632 local_train_time=7.9300s avg_client_train_time=0.013129s max_client_train_time=0.070899s min_client_train_time=0.006258s median_client_train_time=0.010675s aggregation_time=0.1699s round_time=8.6268s
2026-06-24 18:24:39,010 P89007 INFO ********* Train Turn 633 *********
2026-06-24 18:24:48,214 P89007 INFO Clients average loss: 0.29099956154823303
2026-06-24 18:24:48,216 P89007 INFO [Time] turn=633 local_train_time=8.0909s avg_client_train_time=0.013396s max_client_train_time=0.045189s min_client_train_time=0.005807s median_client_train_time=0.011358s aggregation_time=0.5884s round_time=9.2054s
2026-06-24 18:24:48,216 P89007 INFO ********* Train Turn 634 *********
2026-06-24 18:24:58,013 P89007 INFO Clients average loss: 0.29498404264450073
2026-06-24 18:24:58,014 P89007 INFO [Time] turn=634 local_train_time=8.9854s avg_client_train_time=0.014877s max_client_train_time=0.073848s min_client_train_time=0.006356s median_client_train_time=0.012397s aggregation_time=0.2661s round_time=9.7973s
2026-06-24 18:24:58,014 P89007 INFO ********* Train Turn 635 *********
2026-06-24 18:25:07,887 P89007 INFO Clients average loss: 0.29037341475486755
2026-06-24 18:25:07,888 P89007 INFO [Time] turn=635 local_train_time=9.0437s avg_client_train_time=0.014973s max_client_train_time=0.119539s min_client_train_time=0.006106s median_client_train_time=0.011954s aggregation_time=0.1770s round_time=9.8741s
2026-06-24 18:25:07,888 P89007 INFO ********* Train Turn 636 *********
2026-06-24 18:25:16,667 P89007 INFO Clients average loss: 0.2904239296913147
2026-06-24 18:25:16,667 P89007 INFO [Time] turn=636 local_train_time=8.1001s avg_client_train_time=0.013411s max_client_train_time=0.118356s min_client_train_time=0.006150s median_client_train_time=0.011163s aggregation_time=0.1574s round_time=8.7787s
2026-06-24 18:25:16,667 P89007 INFO ********* Train Turn 637 *********
2026-06-24 18:25:24,722 P89007 INFO Clients average loss: 0.2882322072982788
2026-06-24 18:25:24,724 P89007 INFO [Time] turn=637 local_train_time=7.3644s avg_client_train_time=0.012193s max_client_train_time=0.047627s min_client_train_time=0.006092s median_client_train_time=0.010169s aggregation_time=0.1922s round_time=8.0556s
2026-06-24 18:25:24,724 P89007 INFO ********* Train Turn 638 *********
2026-06-24 18:25:32,872 P89007 INFO Clients average loss: 0.29713574051856995
2026-06-24 18:25:32,873 P89007 INFO [Time] turn=638 local_train_time=7.4821s avg_client_train_time=0.012388s max_client_train_time=0.057145s min_client_train_time=0.006048s median_client_train_time=0.010184s aggregation_time=0.1606s round_time=8.1371s
2026-06-24 18:25:32,873 P89007 INFO ********* Train Turn 639 *********
2026-06-24 18:25:41,021 P89007 INFO Clients average loss: 0.2900303900241852
2026-06-24 18:25:41,022 P89007 INFO [Time] turn=639 local_train_time=7.4832s avg_client_train_time=0.012389s max_client_train_time=0.045779s min_client_train_time=0.006167s median_client_train_time=0.010505s aggregation_time=0.1597s round_time=8.1421s
2026-06-24 18:25:41,022 P89007 INFO ********* Eval @ Turn 639 *********
2026-06-24 18:25:41,022 P89007 INFO [EvalRoundClientTime] turn=639 avg=0.012389s max=0.045779s min=0.006167s median=0.010505s
2026-06-24 18:25:48,264 P89007 INFO [Metrics] logloss: 1.107800 - MRR: 0.290591 - NDCG(5): 0.285211 - HR(5): 0.400000 - NDCG(10): 0.342246 - HR(10): 0.578808 - NDCG(20): 0.390308 - HR(20): 0.766722 - NDCG(50): 0.424358 - HR(50): 0.937086
2026-06-24 18:25:48,268 P89007 INFO [Time] eval_time=7.2413s
2026-06-24 18:25:48,268 P89007 INFO ********* Train Turn 640 *********
2026-06-24 18:25:56,424 P89007 INFO Clients average loss: 0.29185840487480164
2026-06-24 18:25:56,424 P89007 INFO [Time] turn=640 local_train_time=7.4419s avg_client_train_time=0.012321s max_client_train_time=0.131524s min_client_train_time=0.006170s median_client_train_time=0.010052s aggregation_time=0.1909s round_time=8.1535s
2026-06-24 18:25:56,424 P89007 INFO ********* Train Turn 641 *********
2026-06-24 18:26:04,600 P89007 INFO Clients average loss: 0.28675851225852966
2026-06-24 18:26:04,602 P89007 INFO [Time] turn=641 local_train_time=7.4988s avg_client_train_time=0.012415s max_client_train_time=0.049667s min_client_train_time=0.006296s median_client_train_time=0.010614s aggregation_time=0.1752s round_time=8.1758s
2026-06-24 18:26:04,602 P89007 INFO ********* Train Turn 642 *********
2026-06-24 18:26:13,519 P89007 INFO Clients average loss: 0.29534074664115906
2026-06-24 18:26:13,520 P89007 INFO [Time] turn=642 local_train_time=8.1597s avg_client_train_time=0.013509s max_client_train_time=0.087287s min_client_train_time=0.006085s median_client_train_time=0.010969s aggregation_time=0.1550s round_time=8.9165s
2026-06-24 18:26:13,520 P89007 INFO ********* Train Turn 643 *********
2026-06-24 18:26:21,333 P89007 INFO Clients average loss: 0.29351603984832764
2026-06-24 18:26:21,334 P89007 INFO [Time] turn=643 local_train_time=7.1387s avg_client_train_time=0.011819s max_client_train_time=0.064873s min_client_train_time=0.006130s median_client_train_time=0.009875s aggregation_time=0.1752s round_time=7.8132s
2026-06-24 18:26:21,334 P89007 INFO ********* Train Turn 644 *********
2026-06-24 18:26:29,959 P89007 INFO Clients average loss: 0.290377676486969
2026-06-24 18:26:29,960 P89007 INFO [Time] turn=644 local_train_time=7.8750s avg_client_train_time=0.013038s max_client_train_time=0.117707s min_client_train_time=0.006117s median_client_train_time=0.010358s aggregation_time=0.2220s round_time=8.6249s
2026-06-24 18:26:29,960 P89007 INFO ********* Train Turn 645 *********
2026-06-24 18:26:38,708 P89007 INFO Clients average loss: 0.2810562252998352
2026-06-24 18:26:38,709 P89007 INFO [Time] turn=645 local_train_time=8.0195s avg_client_train_time=0.013277s max_client_train_time=0.070287s min_client_train_time=0.005747s median_client_train_time=0.010944s aggregation_time=0.1870s round_time=8.7484s
2026-06-24 18:26:38,709 P89007 INFO ********* Train Turn 646 *********
2026-06-24 18:26:46,588 P89007 INFO Clients average loss: 0.2886528968811035
2026-06-24 18:26:46,589 P89007 INFO [Time] turn=646 local_train_time=7.2258s avg_client_train_time=0.011963s max_client_train_time=0.044715s min_client_train_time=0.006059s median_client_train_time=0.009996s aggregation_time=0.1597s round_time=7.8793s
2026-06-24 18:26:46,589 P89007 INFO ********* Train Turn 647 *********
2026-06-24 18:26:54,574 P89007 INFO Clients average loss: 0.2852878272533417
2026-06-24 18:26:54,575 P89007 INFO [Time] turn=647 local_train_time=7.3226s avg_client_train_time=0.012124s max_client_train_time=0.049371s min_client_train_time=0.006127s median_client_train_time=0.009981s aggregation_time=0.1680s round_time=7.9858s
2026-06-24 18:26:54,575 P89007 INFO ********* Train Turn 648 *********
2026-06-24 18:27:02,720 P89007 INFO Clients average loss: 0.2954224646091461
2026-06-24 18:27:02,721 P89007 INFO [Time] turn=648 local_train_time=7.4969s avg_client_train_time=0.012412s max_client_train_time=0.040978s min_client_train_time=0.006101s median_client_train_time=0.010139s aggregation_time=0.1568s round_time=8.1456s
2026-06-24 18:27:02,721 P89007 INFO ********* Train Turn 649 *********
2026-06-24 18:27:11,121 P89007 INFO Clients average loss: 0.2952319085597992
2026-06-24 18:27:11,124 P89007 INFO [Time] turn=649 local_train_time=7.7514s avg_client_train_time=0.012833s max_client_train_time=0.041683s min_client_train_time=0.006369s median_client_train_time=0.010341s aggregation_time=0.1574s round_time=8.4018s
2026-06-24 18:27:11,124 P89007 INFO ********* Eval @ Turn 649 *********
2026-06-24 18:27:11,124 P89007 INFO [EvalRoundClientTime] turn=649 avg=0.012833s max=0.041683s min=0.006369s median=0.010341s
2026-06-24 18:27:18,111 P89007 INFO [Metrics] logloss: 1.074482 - MRR: 0.289742 - NDCG(5): 0.283984 - HR(5): 0.398013 - NDCG(10): 0.341164 - HR(10): 0.577649 - NDCG(20): 0.391165 - HR(20): 0.773510 - NDCG(50): 0.423387 - HR(50): 0.934768
2026-06-24 18:27:18,112 P89007 INFO [Time] eval_time=6.9886s
2026-06-24 18:27:18,113 P89007 INFO ********* Train Turn 650 *********
2026-06-24 18:27:25,397 P89007 INFO Clients average loss: 0.29077818989753723
2026-06-24 18:27:25,398 P89007 INFO [Time] turn=650 local_train_time=6.5410s avg_client_train_time=0.010829s max_client_train_time=0.051166s min_client_train_time=0.006073s median_client_train_time=0.009128s aggregation_time=0.1652s round_time=7.2848s
2026-06-24 18:27:25,398 P89007 INFO ********* Train Turn 651 *********
2026-06-24 18:27:33,299 P89007 INFO Clients average loss: 0.28983306884765625
2026-06-24 18:27:33,301 P89007 INFO [Time] turn=651 local_train_time=7.2551s avg_client_train_time=0.012012s max_client_train_time=0.039223s min_client_train_time=0.006101s median_client_train_time=0.010106s aggregation_time=0.1562s round_time=7.9030s
2026-06-24 18:27:33,301 P89007 INFO ********* Train Turn 652 *********
2026-06-24 18:27:41,422 P89007 INFO Clients average loss: 0.28861045837402344
2026-06-24 18:27:41,424 P89007 INFO [Time] turn=652 local_train_time=7.4800s avg_client_train_time=0.012384s max_client_train_time=0.043401s min_client_train_time=0.005966s median_client_train_time=0.010326s aggregation_time=0.1491s round_time=8.1224s
2026-06-24 18:27:41,424 P89007 INFO ********* Train Turn 653 *********
2026-06-24 18:27:49,384 P89007 INFO Clients average loss: 0.29171648621559143
2026-06-24 18:27:49,384 P89007 INFO [Time] turn=653 local_train_time=7.3155s avg_client_train_time=0.012112s max_client_train_time=0.062568s min_client_train_time=0.006180s median_client_train_time=0.010057s aggregation_time=0.1525s round_time=7.9597s
2026-06-24 18:27:49,384 P89007 INFO ********* Train Turn 654 *********
2026-06-24 18:27:57,628 P89007 INFO Clients average loss: 0.28804051876068115
2026-06-24 18:27:57,628 P89007 INFO [Time] turn=654 local_train_time=7.5962s avg_client_train_time=0.012577s max_client_train_time=0.060003s min_client_train_time=0.006270s median_client_train_time=0.010535s aggregation_time=0.1527s round_time=8.2434s
2026-06-24 18:27:57,628 P89007 INFO ********* Train Turn 655 *********
2026-06-24 18:28:05,956 P89007 INFO Clients average loss: 0.2979367971420288
2026-06-24 18:28:05,957 P89007 INFO [Time] turn=655 local_train_time=7.6845s avg_client_train_time=0.012723s max_client_train_time=0.046528s min_client_train_time=0.006072s median_client_train_time=0.010485s aggregation_time=0.1519s round_time=8.3282s
2026-06-24 18:28:05,957 P89007 INFO ********* Train Turn 656 *********
2026-06-24 18:28:14,239 P89007 INFO Clients average loss: 0.2885950207710266
2026-06-24 18:28:14,241 P89007 INFO [Time] turn=656 local_train_time=7.6252s avg_client_train_time=0.012624s max_client_train_time=0.047241s min_client_train_time=0.006167s median_client_train_time=0.010427s aggregation_time=0.1566s round_time=8.2834s
2026-06-24 18:28:14,241 P89007 INFO ********* Train Turn 657 *********
2026-06-24 18:28:22,303 P89007 INFO Clients average loss: 0.28111809492111206
2026-06-24 18:28:22,303 P89007 INFO [Time] turn=657 local_train_time=7.4181s avg_client_train_time=0.012282s max_client_train_time=0.040548s min_client_train_time=0.006179s median_client_train_time=0.010292s aggregation_time=0.1508s round_time=8.0620s
2026-06-24 18:28:22,303 P89007 INFO ********* Train Turn 658 *********
2026-06-24 18:28:30,673 P89007 INFO Clients average loss: 0.2848210334777832
2026-06-24 18:28:30,674 P89007 INFO [Time] turn=658 local_train_time=7.7239s avg_client_train_time=0.012788s max_client_train_time=0.039092s min_client_train_time=0.006350s median_client_train_time=0.010615s aggregation_time=0.1500s round_time=8.3711s
2026-06-24 18:28:30,675 P89007 INFO ********* Train Turn 659 *********
2026-06-24 18:28:39,030 P89007 INFO Clients average loss: 0.29247066378593445
2026-06-24 18:28:39,031 P89007 INFO [Time] turn=659 local_train_time=7.6820s avg_client_train_time=0.012718s max_client_train_time=0.048339s min_client_train_time=0.006193s median_client_train_time=0.010480s aggregation_time=0.1743s round_time=8.3558s
2026-06-24 18:28:39,031 P89007 INFO ********* Eval @ Turn 659 *********
2026-06-24 18:28:39,031 P89007 INFO [EvalRoundClientTime] turn=659 avg=0.012718s max=0.048339s min=0.006193s median=0.010480s
2026-06-24 18:28:45,877 P89007 INFO [Metrics] logloss: 1.099663 - MRR: 0.288545 - NDCG(5): 0.282162 - HR(5): 0.392384 - NDCG(10): 0.334603 - HR(10): 0.556788 - NDCG(20): 0.388237 - HR(20): 0.766556 - NDCG(50): 0.421525 - HR(50): 0.933444
2026-06-24 18:28:45,878 P89007 INFO [Time] eval_time=6.8474s
2026-06-24 18:28:45,879 P89007 INFO ********* Train Turn 660 *********
2026-06-24 18:28:53,089 P89007 INFO Clients average loss: 0.29052719473838806
2026-06-24 18:28:53,089 P89007 INFO [Time] turn=660 local_train_time=6.5443s avg_client_train_time=0.010835s max_client_train_time=0.034363s min_client_train_time=0.006349s median_client_train_time=0.009167s aggregation_time=0.1662s round_time=7.2101s
2026-06-24 18:28:53,089 P89007 INFO ********* Train Turn 661 *********
2026-06-24 18:29:00,900 P89007 INFO Clients average loss: 0.28949445486068726
2026-06-24 18:29:00,901 P89007 INFO [Time] turn=661 local_train_time=7.1676s avg_client_train_time=0.011867s max_client_train_time=0.038946s min_client_train_time=0.006243s median_client_train_time=0.009841s aggregation_time=0.1533s round_time=7.8119s
2026-06-24 18:29:00,902 P89007 INFO ********* Train Turn 662 *********
2026-06-24 18:29:08,663 P89007 INFO Clients average loss: 0.285028338432312
2026-06-24 18:29:08,664 P89007 INFO [Time] turn=662 local_train_time=7.1195s avg_client_train_time=0.011787s max_client_train_time=0.038690s min_client_train_time=0.006085s median_client_train_time=0.009969s aggregation_time=0.1513s round_time=7.7618s
2026-06-24 18:29:08,664 P89007 INFO ********* Train Turn 663 *********
2026-06-24 18:29:16,795 P89007 INFO Clients average loss: 0.2788951098918915
2026-06-24 18:29:16,799 P89007 INFO [Time] turn=663 local_train_time=7.4355s avg_client_train_time=0.012310s max_client_train_time=0.039661s min_client_train_time=0.006216s median_client_train_time=0.010264s aggregation_time=0.2037s round_time=8.1347s
2026-06-24 18:29:16,799 P89007 INFO ********* Train Turn 664 *********
2026-06-24 18:29:25,253 P89007 INFO Clients average loss: 0.29020777344703674
2026-06-24 18:29:25,255 P89007 INFO [Time] turn=664 local_train_time=7.7868s avg_client_train_time=0.012892s max_client_train_time=0.053729s min_client_train_time=0.006091s median_client_train_time=0.010548s aggregation_time=0.1514s round_time=8.4550s
2026-06-24 18:29:25,255 P89007 INFO ********* Train Turn 665 *********
2026-06-24 18:29:33,552 P89007 INFO Clients average loss: 0.28755244612693787
2026-06-24 18:29:33,553 P89007 INFO [Time] turn=665 local_train_time=7.6503s avg_client_train_time=0.012666s max_client_train_time=0.051401s min_client_train_time=0.006155s median_client_train_time=0.010457s aggregation_time=0.1518s round_time=8.2983s
2026-06-24 18:29:33,553 P89007 INFO ********* Train Turn 666 *********
2026-06-24 18:29:41,765 P89007 INFO Clients average loss: 0.29047808051109314
2026-06-24 18:29:41,767 P89007 INFO [Time] turn=666 local_train_time=7.5477s avg_client_train_time=0.012496s max_client_train_time=0.050620s min_client_train_time=0.005752s median_client_train_time=0.010407s aggregation_time=0.1618s round_time=8.2134s
2026-06-24 18:29:41,767 P89007 INFO ********* Train Turn 667 *********
2026-06-24 18:29:49,872 P89007 INFO Clients average loss: 0.28432196378707886
2026-06-24 18:29:49,873 P89007 INFO [Time] turn=667 local_train_time=7.4539s avg_client_train_time=0.012341s max_client_train_time=0.060511s min_client_train_time=0.006165s median_client_train_time=0.010240s aggregation_time=0.1585s round_time=8.1055s
2026-06-24 18:29:49,873 P89007 INFO ********* Train Turn 668 *********
2026-06-24 18:29:56,845 P89007 INFO Clients average loss: 0.2861095070838928
2026-06-24 18:29:56,847 P89007 INFO [Time] turn=668 local_train_time=6.3034s avg_client_train_time=0.010436s max_client_train_time=0.034330s min_client_train_time=0.006097s median_client_train_time=0.008513s aggregation_time=0.1752s round_time=6.9737s
2026-06-24 18:29:56,847 P89007 INFO ********* Train Turn 669 *********
2026-06-24 18:30:03,400 P89007 INFO Clients average loss: 0.2938505709171295
2026-06-24 18:30:03,401 P89007 INFO [Time] turn=669 local_train_time=5.9158s avg_client_train_time=0.009794s max_client_train_time=0.026217s min_client_train_time=0.006168s median_client_train_time=0.008601s aggregation_time=0.1485s round_time=6.5529s
2026-06-24 18:30:03,401 P89007 INFO ********* Eval @ Turn 669 *********
2026-06-24 18:30:03,401 P89007 INFO [EvalRoundClientTime] turn=669 avg=0.009794s max=0.026217s min=0.006168s median=0.008601s
2026-06-24 18:30:10,052 P89007 INFO [Metrics] logloss: 1.023263 - MRR: 0.291282 - NDCG(5): 0.284348 - HR(5): 0.388411 - NDCG(10): 0.331187 - HR(10): 0.535430 - NDCG(20): 0.387768 - HR(20): 0.758775 - NDCG(50): 0.422401 - HR(50): 0.931291
2026-06-24 18:30:10,053 P89007 INFO [Time] eval_time=6.6524s
2026-06-24 18:30:10,053 P89007 INFO ********* Train Turn 670 *********
2026-06-24 18:30:16,331 P89007 INFO Clients average loss: 0.28965532779693604
2026-06-24 18:30:16,331 P89007 INFO [Time] turn=670 local_train_time=5.6273s avg_client_train_time=0.009317s max_client_train_time=0.036339s min_client_train_time=0.006096s median_client_train_time=0.008128s aggregation_time=0.1510s round_time=6.2775s
2026-06-24 18:30:16,331 P89007 INFO ********* Train Turn 671 *********
2026-06-24 18:30:22,254 P89007 INFO Clients average loss: 0.2851150333881378
2026-06-24 18:30:22,254 P89007 INFO [Time] turn=671 local_train_time=5.3035s avg_client_train_time=0.008781s max_client_train_time=0.035887s min_client_train_time=0.006013s median_client_train_time=0.007597s aggregation_time=0.1368s round_time=5.9223s
2026-06-24 18:30:22,254 P89007 INFO ********* Train Turn 672 *********
2026-06-24 18:30:28,426 P89007 INFO Clients average loss: 0.2916525900363922
2026-06-24 18:30:28,426 P89007 INFO [Time] turn=672 local_train_time=5.4709s avg_client_train_time=0.009058s max_client_train_time=0.033675s min_client_train_time=0.006016s median_client_train_time=0.007751s aggregation_time=0.1397s round_time=6.1718s
2026-06-24 18:30:28,426 P89007 INFO ********* Train Turn 673 *********
2026-06-24 18:30:35,226 P89007 INFO Clients average loss: 0.2841635048389435
2026-06-24 18:30:35,227 P89007 INFO [Time] turn=673 local_train_time=6.1702s avg_client_train_time=0.010216s max_client_train_time=0.035092s min_client_train_time=0.006148s median_client_train_time=0.008750s aggregation_time=0.1411s round_time=6.8001s
2026-06-24 18:30:35,227 P89007 INFO ********* Train Turn 674 *********
2026-06-24 18:30:42,187 P89007 INFO Clients average loss: 0.28612804412841797
2026-06-24 18:30:42,188 P89007 INFO [Time] turn=674 local_train_time=6.3320s avg_client_train_time=0.010483s max_client_train_time=0.055680s min_client_train_time=0.006051s median_client_train_time=0.008904s aggregation_time=0.1377s round_time=6.9607s
2026-06-24 18:30:42,188 P89007 INFO ********* Train Turn 675 *********
2026-06-24 18:30:49,117 P89007 INFO Clients average loss: 0.28419649600982666
2026-06-24 18:30:49,118 P89007 INFO [Time] turn=675 local_train_time=6.3034s avg_client_train_time=0.010436s max_client_train_time=0.035966s min_client_train_time=0.006112s median_client_train_time=0.008824s aggregation_time=0.1390s round_time=6.9296s
2026-06-24 18:30:49,118 P89007 INFO ********* Train Turn 676 *********
2026-06-24 18:30:55,843 P89007 INFO Clients average loss: 0.29181990027427673
2026-06-24 18:30:55,843 P89007 INFO [Time] turn=676 local_train_time=6.0982s avg_client_train_time=0.010096s max_client_train_time=0.038038s min_client_train_time=0.005951s median_client_train_time=0.008709s aggregation_time=0.1404s round_time=6.7253s
2026-06-24 18:30:55,844 P89007 INFO ********* Train Turn 677 *********
2026-06-24 18:31:02,562 P89007 INFO Clients average loss: 0.2912032902240753
2026-06-24 18:31:02,562 P89007 INFO [Time] turn=677 local_train_time=6.0743s avg_client_train_time=0.010057s max_client_train_time=0.034564s min_client_train_time=0.006056s median_client_train_time=0.008834s aggregation_time=0.1548s round_time=6.7186s
2026-06-24 18:31:02,562 P89007 INFO ********* Train Turn 678 *********
2026-06-24 18:31:09,316 P89007 INFO Clients average loss: 0.28808245062828064
2026-06-24 18:31:09,317 P89007 INFO [Time] turn=678 local_train_time=6.1273s avg_client_train_time=0.010145s max_client_train_time=0.038864s min_client_train_time=0.006151s median_client_train_time=0.008711s aggregation_time=0.1388s round_time=6.7537s
2026-06-24 18:31:09,317 P89007 INFO ********* Train Turn 679 *********
2026-06-24 18:31:16,317 P89007 INFO Clients average loss: 0.29231929779052734
2026-06-24 18:31:16,317 P89007 INFO [Time] turn=679 local_train_time=6.3745s avg_client_train_time=0.010554s max_client_train_time=0.035623s min_client_train_time=0.005993s median_client_train_time=0.008910s aggregation_time=0.1354s round_time=7.0000s
2026-06-24 18:31:16,317 P89007 INFO ********* Eval @ Turn 679 *********
2026-06-24 18:31:16,317 P89007 INFO [EvalRoundClientTime] turn=679 avg=0.010554s max=0.035623s min=0.005993s median=0.008910s
2026-06-24 18:31:22,878 P89007 INFO [Metrics] logloss: 1.051428 - MRR: 0.289020 - NDCG(5): 0.283314 - HR(5): 0.390728 - NDCG(10): 0.331679 - HR(10): 0.542384 - NDCG(20): 0.385330 - HR(20): 0.754305 - NDCG(50): 0.419904 - HR(50): 0.927152
2026-06-24 18:31:22,879 P89007 INFO [Time] eval_time=6.5615s
2026-06-24 18:31:22,879 P89007 INFO ********* Train Turn 680 *********
2026-06-24 18:31:29,164 P89007 INFO Clients average loss: 0.29189589619636536
2026-06-24 18:31:29,165 P89007 INFO [Time] turn=680 local_train_time=5.5510s avg_client_train_time=0.009190s max_client_train_time=0.032537s min_client_train_time=0.006128s median_client_train_time=0.007851s aggregation_time=0.1520s round_time=6.2856s
2026-06-24 18:31:29,165 P89007 INFO ********* Train Turn 681 *********
2026-06-24 18:31:35,862 P89007 INFO Clients average loss: 0.28614044189453125
2026-06-24 18:31:35,862 P89007 INFO [Time] turn=681 local_train_time=6.0646s avg_client_train_time=0.010041s max_client_train_time=0.039457s min_client_train_time=0.006203s median_client_train_time=0.008855s aggregation_time=0.1395s round_time=6.6971s
2026-06-24 18:31:35,862 P89007 INFO ********* Train Turn 682 *********
2026-06-24 18:31:42,896 P89007 INFO Clients average loss: 0.28543758392333984
2026-06-24 18:31:42,897 P89007 INFO [Time] turn=682 local_train_time=6.3636s avg_client_train_time=0.010536s max_client_train_time=0.034285s min_client_train_time=0.006145s median_client_train_time=0.008949s aggregation_time=0.1637s round_time=7.0344s
2026-06-24 18:31:42,897 P89007 INFO ********* Train Turn 683 *********
2026-06-24 18:31:49,551 P89007 INFO Clients average loss: 0.2929491698741913
2026-06-24 18:31:49,553 P89007 INFO [Time] turn=683 local_train_time=5.9772s avg_client_train_time=0.009896s max_client_train_time=0.030805s min_client_train_time=0.006112s median_client_train_time=0.008637s aggregation_time=0.1834s round_time=6.6558s
2026-06-24 18:31:49,553 P89007 INFO ********* Train Turn 684 *********
2026-06-24 18:31:56,064 P89007 INFO Clients average loss: 0.28881531953811646
2026-06-24 18:31:56,064 P89007 INFO [Time] turn=684 local_train_time=5.8798s avg_client_train_time=0.009735s max_client_train_time=0.031173s min_client_train_time=0.006037s median_client_train_time=0.008641s aggregation_time=0.1417s round_time=6.5107s
2026-06-24 18:31:56,065 P89007 INFO ********* Train Turn 685 *********
2026-06-24 18:32:02,828 P89007 INFO Clients average loss: 0.29140418767929077
2026-06-24 18:32:02,828 P89007 INFO [Time] turn=685 local_train_time=6.1297s avg_client_train_time=0.010149s max_client_train_time=0.035871s min_client_train_time=0.006111s median_client_train_time=0.008758s aggregation_time=0.1423s round_time=6.7635s
2026-06-24 18:32:02,828 P89007 INFO ********* Train Turn 686 *********
2026-06-24 18:32:09,579 P89007 INFO Clients average loss: 0.28145575523376465
2026-06-24 18:32:09,580 P89007 INFO [Time] turn=686 local_train_time=6.1231s avg_client_train_time=0.010138s max_client_train_time=0.034568s min_client_train_time=0.006106s median_client_train_time=0.008782s aggregation_time=0.1399s round_time=6.7517s
2026-06-24 18:32:09,581 P89007 INFO ********* Train Turn 687 *********
2026-06-24 18:32:16,520 P89007 INFO Clients average loss: 0.29246199131011963
2026-06-24 18:32:16,520 P89007 INFO [Time] turn=687 local_train_time=6.3124s avg_client_train_time=0.010451s max_client_train_time=0.037955s min_client_train_time=0.006078s median_client_train_time=0.008918s aggregation_time=0.1376s round_time=6.9391s
2026-06-24 18:32:16,520 P89007 INFO ********* Train Turn 688 *********
2026-06-24 18:32:23,393 P89007 INFO Clients average loss: 0.2891145944595337
2026-06-24 18:32:23,394 P89007 INFO [Time] turn=688 local_train_time=6.2441s avg_client_train_time=0.010338s max_client_train_time=0.034006s min_client_train_time=0.006035s median_client_train_time=0.008809s aggregation_time=0.1395s round_time=6.8731s
2026-06-24 18:32:23,394 P89007 INFO ********* Train Turn 689 *********
2026-06-24 18:32:30,446 P89007 INFO Clients average loss: 0.29122671484947205
2026-06-24 18:32:30,447 P89007 INFO [Time] turn=689 local_train_time=6.4239s avg_client_train_time=0.010636s max_client_train_time=0.038853s min_client_train_time=0.005994s median_client_train_time=0.008949s aggregation_time=0.1394s round_time=7.0531s
2026-06-24 18:32:30,447 P89007 INFO ********* Eval @ Turn 689 *********
2026-06-24 18:32:30,447 P89007 INFO [EvalRoundClientTime] turn=689 avg=0.010636s max=0.038853s min=0.005994s median=0.008949s
2026-06-24 18:32:37,071 P89007 INFO [Metrics] logloss: 1.139234 - MRR: 0.292078 - NDCG(5): 0.285593 - HR(5): 0.396026 - NDCG(10): 0.341204 - HR(10): 0.570033 - NDCG(20): 0.389805 - HR(20): 0.759768 - NDCG(50): 0.423802 - HR(50): 0.930298
2026-06-24 18:32:37,073 P89007 INFO [Time] eval_time=6.6252s
2026-06-24 18:32:37,073 P89007 INFO ********* Train Turn 690 *********
2026-06-24 18:32:43,741 P89007 INFO Clients average loss: 0.2947247624397278
2026-06-24 18:32:43,741 P89007 INFO [Time] turn=690 local_train_time=6.0166s avg_client_train_time=0.009961s max_client_train_time=0.030269s min_client_train_time=0.006061s median_client_train_time=0.008490s aggregation_time=0.1528s round_time=6.6682s
2026-06-24 18:32:43,741 P89007 INFO ********* Train Turn 691 *********
2026-06-24 18:32:50,567 P89007 INFO Clients average loss: 0.2885719835758209
2026-06-24 18:32:50,567 P89007 INFO [Time] turn=691 local_train_time=6.1962s avg_client_train_time=0.010259s max_client_train_time=0.033835s min_client_train_time=0.006232s median_client_train_time=0.008717s aggregation_time=0.1415s round_time=6.8256s
2026-06-24 18:32:50,567 P89007 INFO ********* Train Turn 692 *********
2026-06-24 18:32:57,514 P89007 INFO Clients average loss: 0.29228562116622925
2026-06-24 18:32:57,515 P89007 INFO [Time] turn=692 local_train_time=6.3163s avg_client_train_time=0.010457s max_client_train_time=0.032356s min_client_train_time=0.006009s median_client_train_time=0.008872s aggregation_time=0.1420s round_time=6.9472s
2026-06-24 18:32:57,515 P89007 INFO ********* Train Turn 693 *********
2026-06-24 18:33:04,240 P89007 INFO Clients average loss: 0.28572210669517517
2026-06-24 18:33:04,241 P89007 INFO [Time] turn=693 local_train_time=6.0990s avg_client_train_time=0.010098s max_client_train_time=0.052582s min_client_train_time=0.005941s median_client_train_time=0.008670s aggregation_time=0.1403s round_time=6.7255s
2026-06-24 18:33:04,241 P89007 INFO ********* Train Turn 694 *********
2026-06-24 18:33:11,047 P89007 INFO Clients average loss: 0.29041269421577454
2026-06-24 18:33:11,047 P89007 INFO [Time] turn=694 local_train_time=6.1804s avg_client_train_time=0.010232s max_client_train_time=0.038839s min_client_train_time=0.006016s median_client_train_time=0.008719s aggregation_time=0.1390s round_time=6.8063s
2026-06-24 18:33:11,047 P89007 INFO ********* Train Turn 695 *********
2026-06-24 18:33:17,924 P89007 INFO Clients average loss: 0.2933667302131653
2026-06-24 18:33:17,924 P89007 INFO [Time] turn=695 local_train_time=6.2513s avg_client_train_time=0.010350s max_client_train_time=0.034498s min_client_train_time=0.005994s median_client_train_time=0.008870s aggregation_time=0.1363s round_time=6.8764s
2026-06-24 18:33:17,924 P89007 INFO ********* Train Turn 696 *********
2026-06-24 18:33:24,826 P89007 INFO Clients average loss: 0.28700974583625793
2026-06-24 18:33:24,826 P89007 INFO [Time] turn=696 local_train_time=6.2752s avg_client_train_time=0.010389s max_client_train_time=0.048050s min_client_train_time=0.006106s median_client_train_time=0.008728s aggregation_time=0.1389s round_time=6.9016s
2026-06-24 18:33:24,826 P89007 INFO ********* Train Turn 697 *********
2026-06-24 18:33:31,722 P89007 INFO Clients average loss: 0.2953873574733734
2026-06-24 18:33:31,722 P89007 INFO [Time] turn=697 local_train_time=6.2710s avg_client_train_time=0.010382s max_client_train_time=0.053382s min_client_train_time=0.006160s median_client_train_time=0.008927s aggregation_time=0.1362s round_time=6.8958s
2026-06-24 18:33:31,722 P89007 INFO ********* Train Turn 698 *********
2026-06-24 18:33:38,727 P89007 INFO Clients average loss: 0.29281085729599
2026-06-24 18:33:38,727 P89007 INFO [Time] turn=698 local_train_time=6.3725s avg_client_train_time=0.010550s max_client_train_time=0.032475s min_client_train_time=0.006096s median_client_train_time=0.008979s aggregation_time=0.1393s round_time=7.0042s
2026-06-24 18:33:38,727 P89007 INFO ********* Train Turn 699 *********
2026-06-24 18:33:45,585 P89007 INFO Clients average loss: 0.2897997200489044
2026-06-24 18:33:45,585 P89007 INFO [Time] turn=699 local_train_time=6.2278s avg_client_train_time=0.010311s max_client_train_time=0.036738s min_client_train_time=0.006155s median_client_train_time=0.008893s aggregation_time=0.1422s round_time=6.8575s
2026-06-24 18:33:45,585 P89007 INFO ********* Eval @ Turn 699 *********
2026-06-24 18:33:45,585 P89007 INFO [EvalRoundClientTime] turn=699 avg=0.010311s max=0.036738s min=0.006155s median=0.008893s
2026-06-24 18:33:52,147 P89007 INFO [Metrics] logloss: 1.080162 - MRR: 0.291615 - NDCG(5): 0.284509 - HR(5): 0.392715 - NDCG(10): 0.337649 - HR(10): 0.558775 - NDCG(20): 0.389760 - HR(20): 0.762748 - NDCG(50): 0.423127 - HR(50): 0.929801
2026-06-24 18:33:52,149 P89007 INFO [Time] eval_time=6.5638s
2026-06-24 18:33:52,149 P89007 INFO ********* Train Turn 700 *********
2026-06-24 18:33:58,794 P89007 INFO Clients average loss: 0.28199097514152527
2026-06-24 18:33:58,795 P89007 INFO [Time] turn=700 local_train_time=5.9907s avg_client_train_time=0.009918s max_client_train_time=0.034324s min_client_train_time=0.006246s median_client_train_time=0.008519s aggregation_time=0.1555s round_time=6.6450s
2026-06-24 18:33:58,795 P89007 INFO ********* Train Turn 701 *********
2026-06-24 18:34:06,238 P89007 INFO Clients average loss: 0.28701311349868774
2026-06-24 18:34:06,238 P89007 INFO [Time] turn=701 local_train_time=6.7897s avg_client_train_time=0.011241s max_client_train_time=0.084115s min_client_train_time=0.006058s median_client_train_time=0.009175s aggregation_time=0.1413s round_time=7.4431s
2026-06-24 18:34:06,238 P89007 INFO ********* Train Turn 702 *********
2026-06-24 18:34:13,326 P89007 INFO Clients average loss: 0.28499799966812134
2026-06-24 18:34:13,328 P89007 INFO [Time] turn=702 local_train_time=6.3694s avg_client_train_time=0.010545s max_client_train_time=0.037088s min_client_train_time=0.005967s median_client_train_time=0.008974s aggregation_time=0.1419s round_time=7.0891s
2026-06-24 18:34:13,328 P89007 INFO ********* Train Turn 703 *********
2026-06-24 18:34:20,383 P89007 INFO Clients average loss: 0.285180926322937
2026-06-24 18:34:20,383 P89007 INFO [Time] turn=703 local_train_time=6.4264s avg_client_train_time=0.010640s max_client_train_time=0.035410s min_client_train_time=0.006077s median_client_train_time=0.008945s aggregation_time=0.1364s round_time=7.0550s
2026-06-24 18:34:20,383 P89007 INFO ********* Train Turn 704 *********
2026-06-24 18:34:27,307 P89007 INFO Clients average loss: 0.298798531293869
2026-06-24 18:34:27,308 P89007 INFO [Time] turn=704 local_train_time=6.2957s avg_client_train_time=0.010423s max_client_train_time=0.036556s min_client_train_time=0.005913s median_client_train_time=0.008830s aggregation_time=0.1401s round_time=6.9251s
2026-06-24 18:34:27,309 P89007 INFO ********* Train Turn 705 *********
2026-06-24 18:34:34,345 P89007 INFO Clients average loss: 0.28614160418510437
2026-06-24 18:34:34,346 P89007 INFO [Time] turn=705 local_train_time=6.4007s avg_client_train_time=0.010597s max_client_train_time=0.050759s min_client_train_time=0.006090s median_client_train_time=0.008910s aggregation_time=0.1449s round_time=7.0368s
2026-06-24 18:34:34,346 P89007 INFO ********* Train Turn 706 *********
2026-06-24 18:34:41,392 P89007 INFO Clients average loss: 0.2856440246105194
2026-06-24 18:34:41,393 P89007 INFO [Time] turn=706 local_train_time=6.4159s avg_client_train_time=0.010622s max_client_train_time=0.032605s min_client_train_time=0.006072s median_client_train_time=0.008933s aggregation_time=0.1397s round_time=7.0465s
2026-06-24 18:34:41,393 P89007 INFO ********* Train Turn 707 *********
2026-06-24 18:34:48,290 P89007 INFO Clients average loss: 0.28522446751594543
2026-06-24 18:34:48,291 P89007 INFO [Time] turn=707 local_train_time=6.2665s avg_client_train_time=0.010375s max_client_train_time=0.034870s min_client_train_time=0.006183s median_client_train_time=0.008901s aggregation_time=0.1412s round_time=6.8977s
2026-06-24 18:34:48,291 P89007 INFO ********* Train Turn 708 *********
2026-06-24 18:34:55,290 P89007 INFO Clients average loss: 0.29161959886550903
2026-06-24 18:34:55,290 P89007 INFO [Time] turn=708 local_train_time=6.3658s avg_client_train_time=0.010539s max_client_train_time=0.050253s min_client_train_time=0.005974s median_client_train_time=0.008918s aggregation_time=0.1443s round_time=6.9991s
2026-06-24 18:34:55,290 P89007 INFO ********* Train Turn 709 *********
2026-06-24 18:35:02,188 P89007 INFO Clients average loss: 0.28980180621147156
2026-06-24 18:35:02,189 P89007 INFO [Time] turn=709 local_train_time=6.2653s avg_client_train_time=0.010373s max_client_train_time=0.051325s min_client_train_time=0.006127s median_client_train_time=0.008944s aggregation_time=0.1409s round_time=6.8979s
2026-06-24 18:35:02,189 P89007 INFO ********* Eval @ Turn 709 *********
2026-06-24 18:35:02,189 P89007 INFO [EvalRoundClientTime] turn=709 avg=0.010373s max=0.051325s min=0.006127s median=0.008944s
2026-06-24 18:35:08,781 P89007 INFO [Metrics] logloss: 1.121202 - MRR: 0.291858 - NDCG(5): 0.286058 - HR(5): 0.396523 - NDCG(10): 0.338107 - HR(10): 0.559106 - NDCG(20): 0.389967 - HR(20): 0.762748 - NDCG(50): 0.423878 - HR(50): 0.933278
2026-06-24 18:35:08,783 P89007 INFO [Time] eval_time=6.5938s
2026-06-24 18:35:08,783 P89007 INFO ********* Train Turn 710 *********
2026-06-24 18:35:15,093 P89007 INFO Clients average loss: 0.28273141384124756
2026-06-24 18:35:15,094 P89007 INFO [Time] turn=710 local_train_time=5.5812s avg_client_train_time=0.009240s max_client_train_time=0.032366s min_client_train_time=0.005912s median_client_train_time=0.007798s aggregation_time=0.1553s round_time=6.3106s
2026-06-24 18:35:15,094 P89007 INFO ********* Train Turn 711 *********
2026-06-24 18:35:22,035 P89007 INFO Clients average loss: 0.2949373126029968
2026-06-24 18:35:22,036 P89007 INFO [Time] turn=711 local_train_time=6.2865s avg_client_train_time=0.010408s max_client_train_time=0.033131s min_client_train_time=0.006041s median_client_train_time=0.008933s aggregation_time=0.1536s round_time=6.9416s
2026-06-24 18:35:22,036 P89007 INFO ********* Train Turn 712 *********
2026-06-24 18:35:28,901 P89007 INFO Clients average loss: 0.290035218000412
2026-06-24 18:35:28,902 P89007 INFO [Time] turn=712 local_train_time=6.2313s avg_client_train_time=0.010317s max_client_train_time=0.032450s min_client_train_time=0.006002s median_client_train_time=0.008751s aggregation_time=0.1388s round_time=6.8657s
2026-06-24 18:35:28,902 P89007 INFO ********* Train Turn 713 *********
2026-06-24 18:35:35,655 P89007 INFO Clients average loss: 0.29152703285217285
2026-06-24 18:35:35,655 P89007 INFO [Time] turn=713 local_train_time=6.1253s avg_client_train_time=0.010141s max_client_train_time=0.037864s min_client_train_time=0.006119s median_client_train_time=0.008712s aggregation_time=0.1390s round_time=6.7529s
2026-06-24 18:35:35,655 P89007 INFO ********* Train Turn 714 *********
2026-06-24 18:35:42,360 P89007 INFO Clients average loss: 0.2921426594257355
2026-06-24 18:35:42,360 P89007 INFO [Time] turn=714 local_train_time=6.0773s avg_client_train_time=0.010062s max_client_train_time=0.032984s min_client_train_time=0.006075s median_client_train_time=0.008715s aggregation_time=0.1388s round_time=6.7048s
2026-06-24 18:35:42,360 P89007 INFO ********* Train Turn 715 *********
2026-06-24 18:35:49,227 P89007 INFO Clients average loss: 0.2866242825984955
2026-06-24 18:35:49,228 P89007 INFO [Time] turn=715 local_train_time=6.2402s avg_client_train_time=0.010332s max_client_train_time=0.039365s min_client_train_time=0.006063s median_client_train_time=0.008917s aggregation_time=0.1380s round_time=6.8674s
2026-06-24 18:35:49,228 P89007 INFO ********* Train Turn 716 *********
2026-06-24 18:35:56,000 P89007 INFO Clients average loss: 0.29287296533584595
2026-06-24 18:35:56,000 P89007 INFO [Time] turn=716 local_train_time=6.1435s avg_client_train_time=0.010171s max_client_train_time=0.033366s min_client_train_time=0.006123s median_client_train_time=0.008768s aggregation_time=0.1401s round_time=6.7718s
2026-06-24 18:35:56,000 P89007 INFO ********* Train Turn 717 *********
2026-06-24 18:36:02,810 P89007 INFO Clients average loss: 0.28389135003089905
2026-06-24 18:36:02,810 P89007 INFO [Time] turn=717 local_train_time=6.1811s avg_client_train_time=0.010234s max_client_train_time=0.032282s min_client_train_time=0.006029s median_client_train_time=0.008714s aggregation_time=0.1394s round_time=6.8091s
2026-06-24 18:36:02,810 P89007 INFO ********* Train Turn 718 *********
2026-06-24 18:36:09,013 P89007 INFO Clients average loss: 0.28444069623947144
2026-06-24 18:36:09,015 P89007 INFO [Time] turn=718 local_train_time=5.5813s avg_client_train_time=0.009241s max_client_train_time=0.031437s min_client_train_time=0.006107s median_client_train_time=0.007965s aggregation_time=0.1387s round_time=6.2045s
2026-06-24 18:36:09,015 P89007 INFO ********* Train Turn 719 *********
2026-06-24 18:36:15,151 P89007 INFO Clients average loss: 0.29049739241600037
2026-06-24 18:36:15,152 P89007 INFO [Time] turn=719 local_train_time=5.5136s avg_client_train_time=0.009128s max_client_train_time=0.041957s min_client_train_time=0.005977s median_client_train_time=0.007817s aggregation_time=0.1394s round_time=6.1369s
2026-06-24 18:36:15,152 P89007 INFO ********* Eval @ Turn 719 *********
2026-06-24 18:36:15,152 P89007 INFO [EvalRoundClientTime] turn=719 avg=0.009128s max=0.041957s min=0.005977s median=0.007817s
2026-06-24 18:36:21,828 P89007 INFO [Metrics] logloss: 1.014905 - MRR: 0.292730 - NDCG(5): 0.287308 - HR(5): 0.396523 - NDCG(10): 0.336750 - HR(10): 0.551159 - NDCG(20): 0.390161 - HR(20): 0.761755 - NDCG(50): 0.424520 - HR(50): 0.934768
2026-06-24 18:36:21,829 P89007 INFO [Time] eval_time=6.6769s
2026-06-24 18:36:21,829 P89007 INFO ********* Train Turn 720 *********
2026-06-24 18:36:27,536 P89007 INFO Clients average loss: 0.29177215695381165
2026-06-24 18:36:27,536 P89007 INFO [Time] turn=720 local_train_time=5.0653s avg_client_train_time=0.008386s max_client_train_time=0.028366s min_client_train_time=0.006023s median_client_train_time=0.007354s aggregation_time=0.1480s round_time=5.7064s
2026-06-24 18:36:27,536 P89007 INFO ********* Train Turn 721 *********
2026-06-24 18:36:33,878 P89007 INFO Clients average loss: 0.2866176664829254
2026-06-24 18:36:33,878 P89007 INFO [Time] turn=721 local_train_time=5.7152s avg_client_train_time=0.009462s max_client_train_time=0.028857s min_client_train_time=0.006108s median_client_train_time=0.008048s aggregation_time=0.1390s round_time=6.3415s
2026-06-24 18:36:33,878 P89007 INFO ********* Train Turn 722 *********
2026-06-24 18:36:40,098 P89007 INFO Clients average loss: 0.2867332398891449
2026-06-24 18:36:40,099 P89007 INFO [Time] turn=722 local_train_time=5.5922s avg_client_train_time=0.009259s max_client_train_time=0.030368s min_client_train_time=0.006105s median_client_train_time=0.008053s aggregation_time=0.1409s round_time=6.2203s
2026-06-24 18:36:40,099 P89007 INFO ********* Train Turn 723 *********
2026-06-24 18:36:46,253 P89007 INFO Clients average loss: 0.2818940579891205
2026-06-24 18:36:46,254 P89007 INFO [Time] turn=723 local_train_time=5.5275s avg_client_train_time=0.009151s max_client_train_time=0.029305s min_client_train_time=0.006066s median_client_train_time=0.008041s aggregation_time=0.1413s round_time=6.1545s
2026-06-24 18:36:46,254 P89007 INFO ********* Train Turn 724 *********
2026-06-24 18:36:52,674 P89007 INFO Clients average loss: 0.285641610622406
2026-06-24 18:36:52,675 P89007 INFO [Time] turn=724 local_train_time=5.7823s avg_client_train_time=0.009573s max_client_train_time=0.046766s min_client_train_time=0.006091s median_client_train_time=0.008152s aggregation_time=0.1410s round_time=6.4209s
2026-06-24 18:36:52,675 P89007 INFO ********* Train Turn 725 *********
2026-06-24 18:36:58,895 P89007 INFO Clients average loss: 0.28293219208717346
2026-06-24 18:36:58,895 P89007 INFO [Time] turn=725 local_train_time=5.5961s avg_client_train_time=0.009265s max_client_train_time=0.035627s min_client_train_time=0.006002s median_client_train_time=0.008036s aggregation_time=0.1379s round_time=6.2199s
2026-06-24 18:36:58,895 P89007 INFO ********* Train Turn 726 *********
2026-06-24 18:37:05,273 P89007 INFO Clients average loss: 0.2862081229686737
2026-06-24 18:37:05,273 P89007 INFO [Time] turn=726 local_train_time=5.7526s avg_client_train_time=0.009524s max_client_train_time=0.046626s min_client_train_time=0.006113s median_client_train_time=0.008098s aggregation_time=0.1404s round_time=6.3773s
2026-06-24 18:37:05,273 P89007 INFO ********* Train Turn 727 *********
2026-06-24 18:37:11,644 P89007 INFO Clients average loss: 0.28998294472694397
2026-06-24 18:37:11,644 P89007 INFO [Time] turn=727 local_train_time=5.7465s avg_client_train_time=0.009514s max_client_train_time=0.034059s min_client_train_time=0.006032s median_client_train_time=0.007963s aggregation_time=0.1391s round_time=6.3707s
2026-06-24 18:37:11,644 P89007 INFO ********* Train Turn 728 *********
2026-06-24 18:37:17,916 P89007 INFO Clients average loss: 0.2832725942134857
2026-06-24 18:37:17,917 P89007 INFO [Time] turn=728 local_train_time=5.6478s avg_client_train_time=0.009351s max_client_train_time=0.037451s min_client_train_time=0.005971s median_client_train_time=0.007956s aggregation_time=0.1400s round_time=6.2722s
2026-06-24 18:37:17,917 P89007 INFO ********* Train Turn 729 *********
2026-06-24 18:37:24,478 P89007 INFO Clients average loss: 0.2904031574726105
2026-06-24 18:37:24,479 P89007 INFO [Time] turn=729 local_train_time=5.9191s avg_client_train_time=0.009800s max_client_train_time=0.035586s min_client_train_time=0.006188s median_client_train_time=0.008393s aggregation_time=0.1389s round_time=6.5621s
2026-06-24 18:37:24,479 P89007 INFO ********* Eval @ Turn 729 *********
2026-06-24 18:37:24,479 P89007 INFO [EvalRoundClientTime] turn=729 avg=0.009800s max=0.035586s min=0.006188s median=0.008393s
2026-06-24 18:37:31,756 P89007 INFO [Metrics] logloss: 1.004957 - MRR: 0.290907 - NDCG(5): 0.283822 - HR(5): 0.391391 - NDCG(10): 0.334927 - HR(10): 0.550828 - NDCG(20): 0.390470 - HR(20): 0.770199 - NDCG(50): 0.423042 - HR(50): 0.933278
2026-06-24 18:37:31,758 P89007 INFO [Time] eval_time=7.2781s
2026-06-24 18:37:31,758 P89007 INFO ********* Train Turn 730 *********
2026-06-24 18:37:37,914 P89007 INFO Clients average loss: 0.28654739260673523
2026-06-24 18:37:37,915 P89007 INFO [Time] turn=730 local_train_time=5.5048s avg_client_train_time=0.009114s max_client_train_time=0.058480s min_client_train_time=0.006013s median_client_train_time=0.007643s aggregation_time=0.1557s round_time=6.1575s
2026-06-24 18:37:37,916 P89007 INFO ********* Train Turn 731 *********
2026-06-24 18:37:44,623 P89007 INFO Clients average loss: 0.2904912829399109
2026-06-24 18:37:44,623 P89007 INFO [Time] turn=731 local_train_time=6.0756s avg_client_train_time=0.010059s max_client_train_time=0.033352s min_client_train_time=0.006086s median_client_train_time=0.008554s aggregation_time=0.1452s round_time=6.7074s
2026-06-24 18:37:44,623 P89007 INFO ********* Train Turn 732 *********
2026-06-24 18:37:51,656 P89007 INFO Clients average loss: 0.28643548488616943
2026-06-24 18:37:51,656 P89007 INFO [Time] turn=732 local_train_time=6.3210s avg_client_train_time=0.010465s max_client_train_time=0.036972s min_client_train_time=0.006138s median_client_train_time=0.008739s aggregation_time=0.1401s round_time=7.0322s
2026-06-24 18:37:51,656 P89007 INFO ********* Train Turn 733 *********
2026-06-24 18:37:58,502 P89007 INFO Clients average loss: 0.287995845079422
2026-06-24 18:37:58,502 P89007 INFO [Time] turn=733 local_train_time=6.2168s avg_client_train_time=0.010293s max_client_train_time=0.029625s min_client_train_time=0.005927s median_client_train_time=0.008750s aggregation_time=0.1415s round_time=6.8457s
2026-06-24 18:37:58,502 P89007 INFO ********* Train Turn 734 *********
2026-06-24 18:38:05,349 P89007 INFO Clients average loss: 0.29083847999572754
2026-06-24 18:38:05,349 P89007 INFO [Time] turn=734 local_train_time=6.2216s avg_client_train_time=0.010301s max_client_train_time=0.047556s min_client_train_time=0.006091s median_client_train_time=0.008764s aggregation_time=0.1383s round_time=6.8470s
2026-06-24 18:38:05,349 P89007 INFO ********* Train Turn 735 *********
2026-06-24 18:38:12,070 P89007 INFO Clients average loss: 0.2884739637374878
2026-06-24 18:38:12,072 P89007 INFO [Time] turn=735 local_train_time=6.0929s avg_client_train_time=0.010088s max_client_train_time=0.035262s min_client_train_time=0.006123s median_client_train_time=0.008918s aggregation_time=0.1392s round_time=6.7220s
2026-06-24 18:38:12,072 P89007 INFO ********* Train Turn 736 *********
2026-06-24 18:38:18,904 P89007 INFO Clients average loss: 0.2888767719268799
2026-06-24 18:38:18,904 P89007 INFO [Time] turn=736 local_train_time=6.1953s avg_client_train_time=0.010257s max_client_train_time=0.039280s min_client_train_time=0.006185s median_client_train_time=0.008955s aggregation_time=0.1443s round_time=6.8318s
2026-06-24 18:38:18,904 P89007 INFO ********* Train Turn 737 *********
2026-06-24 18:38:25,743 P89007 INFO Clients average loss: 0.28912171721458435
2026-06-24 18:38:25,744 P89007 INFO [Time] turn=737 local_train_time=6.2140s avg_client_train_time=0.010288s max_client_train_time=0.037923s min_client_train_time=0.006063s median_client_train_time=0.008834s aggregation_time=0.1385s round_time=6.8396s
2026-06-24 18:38:25,744 P89007 INFO ********* Train Turn 738 *********
2026-06-24 18:38:32,909 P89007 INFO Clients average loss: 0.28717929124832153
2026-06-24 18:38:32,910 P89007 INFO [Time] turn=738 local_train_time=6.4780s avg_client_train_time=0.010725s max_client_train_time=0.109403s min_client_train_time=0.006150s median_client_train_time=0.008773s aggregation_time=0.1843s round_time=7.1652s
2026-06-24 18:38:32,910 P89007 INFO ********* Train Turn 739 *********
2026-06-24 18:38:39,806 P89007 INFO Clients average loss: 0.28350305557250977
2026-06-24 18:38:39,806 P89007 INFO [Time] turn=739 local_train_time=6.2588s avg_client_train_time=0.010362s max_client_train_time=0.036344s min_client_train_time=0.006208s median_client_train_time=0.008915s aggregation_time=0.1402s round_time=6.8958s
2026-06-24 18:38:39,806 P89007 INFO ********* Eval @ Turn 739 *********
2026-06-24 18:38:39,806 P89007 INFO [EvalRoundClientTime] turn=739 avg=0.010362s max=0.036344s min=0.006208s median=0.008915s
2026-06-24 18:38:47,369 P89007 INFO [Metrics] logloss: 1.051593 - MRR: 0.289090 - NDCG(5): 0.282202 - HR(5): 0.391556 - NDCG(10): 0.333999 - HR(10): 0.552815 - NDCG(20): 0.388996 - HR(20): 0.770033 - NDCG(50): 0.422098 - HR(50): 0.934934
2026-06-24 18:38:47,370 P89007 INFO [Time] eval_time=7.5634s
2026-06-24 18:38:47,370 P89007 INFO ********* Train Turn 740 *********
2026-06-24 18:38:54,091 P89007 INFO Clients average loss: 0.28429165482521057
2026-06-24 18:38:54,091 P89007 INFO [Time] turn=740 local_train_time=5.9510s avg_client_train_time=0.009853s max_client_train_time=0.047079s min_client_train_time=0.006219s median_client_train_time=0.008399s aggregation_time=0.1557s round_time=6.7210s
2026-06-24 18:38:54,091 P89007 INFO ********* Train Turn 741 *********
2026-06-24 18:39:01,267 P89007 INFO Clients average loss: 0.29123979806900024
2026-06-24 18:39:01,267 P89007 INFO [Time] turn=741 local_train_time=6.5206s avg_client_train_time=0.010796s max_client_train_time=0.051131s min_client_train_time=0.006124s median_client_train_time=0.009362s aggregation_time=0.1448s round_time=7.1753s
2026-06-24 18:39:01,267 P89007 INFO ********* Train Turn 742 *********
2026-06-24 18:39:09,125 P89007 INFO Clients average loss: 0.28596600890159607
2026-06-24 18:39:09,126 P89007 INFO [Time] turn=742 local_train_time=7.1871s avg_client_train_time=0.011899s max_client_train_time=0.135278s min_client_train_time=0.006334s median_client_train_time=0.009731s aggregation_time=0.1394s round_time=7.8586s
2026-06-24 18:39:09,126 P89007 INFO ********* Train Turn 743 *********
2026-06-24 18:39:16,041 P89007 INFO Clients average loss: 0.2902143895626068
2026-06-24 18:39:16,041 P89007 INFO [Time] turn=743 local_train_time=6.2828s avg_client_train_time=0.010402s max_client_train_time=0.036516s min_client_train_time=0.006045s median_client_train_time=0.008837s aggregation_time=0.1405s round_time=6.9146s
2026-06-24 18:39:16,041 P89007 INFO ********* Train Turn 744 *********
2026-06-24 18:39:22,948 P89007 INFO Clients average loss: 0.2815952003002167
2026-06-24 18:39:22,949 P89007 INFO [Time] turn=744 local_train_time=6.2516s avg_client_train_time=0.010350s max_client_train_time=0.048348s min_client_train_time=0.006026s median_client_train_time=0.008823s aggregation_time=0.1596s round_time=6.9073s
2026-06-24 18:39:22,949 P89007 INFO ********* Train Turn 745 *********
2026-06-24 18:39:30,258 P89007 INFO Clients average loss: 0.28622764348983765
2026-06-24 18:39:30,259 P89007 INFO [Time] turn=745 local_train_time=6.6352s avg_client_train_time=0.010985s max_client_train_time=0.040024s min_client_train_time=0.006043s median_client_train_time=0.009194s aggregation_time=0.1688s round_time=7.3098s
2026-06-24 18:39:30,259 P89007 INFO ********* Train Turn 746 *********
2026-06-24 18:39:37,407 P89007 INFO Clients average loss: 0.29330700635910034
2026-06-24 18:39:37,408 P89007 INFO [Time] turn=746 local_train_time=6.4335s avg_client_train_time=0.010651s max_client_train_time=0.055561s min_client_train_time=0.006109s median_client_train_time=0.008975s aggregation_time=0.2060s round_time=7.1479s
2026-06-24 18:39:37,408 P89007 INFO ********* Train Turn 747 *********
2026-06-24 18:39:44,360 P89007 INFO Clients average loss: 0.2944470942020416
2026-06-24 18:39:44,361 P89007 INFO [Time] turn=747 local_train_time=6.2940s avg_client_train_time=0.010421s max_client_train_time=0.048335s min_client_train_time=0.006223s median_client_train_time=0.008977s aggregation_time=0.1534s round_time=6.9523s
2026-06-24 18:39:44,361 P89007 INFO ********* Train Turn 748 *********
2026-06-24 18:39:51,528 P89007 INFO Clients average loss: 0.2896346151828766
2026-06-24 18:39:51,528 P89007 INFO [Time] turn=748 local_train_time=6.5059s avg_client_train_time=0.010771s max_client_train_time=0.059085s min_client_train_time=0.006068s median_client_train_time=0.008955s aggregation_time=0.1429s round_time=7.1672s
2026-06-24 18:39:51,528 P89007 INFO ********* Train Turn 749 *********
2026-06-24 18:39:58,537 P89007 INFO Clients average loss: 0.28715574741363525
2026-06-24 18:39:58,538 P89007 INFO [Time] turn=749 local_train_time=6.3711s avg_client_train_time=0.010548s max_client_train_time=0.036202s min_client_train_time=0.006135s median_client_train_time=0.009006s aggregation_time=0.1400s round_time=7.0099s
2026-06-24 18:39:58,538 P89007 INFO ********* Eval @ Turn 749 *********
2026-06-24 18:39:58,538 P89007 INFO [EvalRoundClientTime] turn=749 avg=0.010548s max=0.036202s min=0.006135s median=0.009006s
2026-06-24 18:40:05,782 P89007 INFO [Metrics] logloss: 1.086988 - MRR: 0.293107 - NDCG(5): 0.288617 - HR(5): 0.405132 - NDCG(10): 0.344154 - HR(10): 0.578808 - NDCG(20): 0.393314 - HR(20): 0.771689 - NDCG(50): 0.426136 - HR(50): 0.935099
2026-06-24 18:40:05,784 P89007 INFO [Time] eval_time=7.2451s
2026-06-24 18:40:05,784 P89007 INFO ********* Train Turn 750 *********
2026-06-24 18:40:12,458 P89007 INFO Clients average loss: 0.28546595573425293
2026-06-24 18:40:12,459 P89007 INFO [Time] turn=750 local_train_time=5.9908s avg_client_train_time=0.009919s max_client_train_time=0.035271s min_client_train_time=0.006006s median_client_train_time=0.008549s aggregation_time=0.1526s round_time=6.6743s
2026-06-24 18:40:12,459 P89007 INFO ********* Train Turn 751 *********
2026-06-24 18:40:19,522 P89007 INFO Clients average loss: 0.29234206676483154
2026-06-24 18:40:19,523 P89007 INFO [Time] turn=751 local_train_time=6.4175s avg_client_train_time=0.010625s max_client_train_time=0.037386s min_client_train_time=0.006013s median_client_train_time=0.009161s aggregation_time=0.1456s round_time=7.0635s
2026-06-24 18:40:19,523 P89007 INFO ********* Train Turn 752 *********
2026-06-24 18:40:26,472 P89007 INFO Clients average loss: 0.2822878360748291
2026-06-24 18:40:26,473 P89007 INFO [Time] turn=752 local_train_time=6.3137s avg_client_train_time=0.010453s max_client_train_time=0.032569s min_client_train_time=0.005958s median_client_train_time=0.009021s aggregation_time=0.1370s round_time=6.9495s
2026-06-24 18:40:26,473 P89007 INFO ********* Train Turn 753 *********
2026-06-24 18:40:33,524 P89007 INFO Clients average loss: 0.29415595531463623
2026-06-24 18:40:33,524 P89007 INFO [Time] turn=753 local_train_time=6.4054s avg_client_train_time=0.010605s max_client_train_time=0.034957s min_client_train_time=0.006016s median_client_train_time=0.008937s aggregation_time=0.1470s round_time=7.0510s
2026-06-24 18:40:33,524 P89007 INFO ********* Train Turn 754 *********
2026-06-24 18:40:41,431 P89007 INFO Clients average loss: 0.29437512159347534
2026-06-24 18:40:41,433 P89007 INFO [Time] turn=754 local_train_time=7.2045s avg_client_train_time=0.011928s max_client_train_time=0.113112s min_client_train_time=0.006084s median_client_train_time=0.009541s aggregation_time=0.1520s round_time=7.9082s
2026-06-24 18:40:41,433 P89007 INFO ********* Train Turn 755 *********
2026-06-24 18:40:48,804 P89007 INFO Clients average loss: 0.28534162044525146
2026-06-24 18:40:48,805 P89007 INFO [Time] turn=755 local_train_time=6.6915s avg_client_train_time=0.011079s max_client_train_time=0.032977s min_client_train_time=0.006043s median_client_train_time=0.009319s aggregation_time=0.1639s round_time=7.3716s
2026-06-24 18:40:48,805 P89007 INFO ********* Train Turn 756 *********
2026-06-24 18:40:56,662 P89007 INFO Clients average loss: 0.2905552387237549
2026-06-24 18:40:56,663 P89007 INFO [Time] turn=756 local_train_time=7.1450s avg_client_train_time=0.011829s max_client_train_time=0.063713s min_client_train_time=0.006257s median_client_train_time=0.009581s aggregation_time=0.1605s round_time=7.8577s
2026-06-24 18:40:56,663 P89007 INFO ********* Train Turn 757 *********
2026-06-24 18:41:04,061 P89007 INFO Clients average loss: 0.28450965881347656
2026-06-24 18:41:04,061 P89007 INFO [Time] turn=757 local_train_time=6.7250s avg_client_train_time=0.011134s max_client_train_time=0.041432s min_client_train_time=0.006220s median_client_train_time=0.009297s aggregation_time=0.1516s round_time=7.3978s
2026-06-24 18:41:04,061 P89007 INFO ********* Train Turn 758 *********
2026-06-24 18:41:11,506 P89007 INFO Clients average loss: 0.281045526266098
2026-06-24 18:41:11,508 P89007 INFO [Time] turn=758 local_train_time=6.7847s avg_client_train_time=0.011233s max_client_train_time=0.054185s min_client_train_time=0.006004s median_client_train_time=0.009448s aggregation_time=0.1415s round_time=7.4460s
2026-06-24 18:41:11,508 P89007 INFO ********* Train Turn 759 *********
2026-06-24 18:41:19,572 P89007 INFO Clients average loss: 0.2806168496608734
2026-06-24 18:41:19,576 P89007 INFO [Time] turn=759 local_train_time=7.3140s avg_client_train_time=0.012109s max_client_train_time=0.066330s min_client_train_time=0.006476s median_client_train_time=0.009929s aggregation_time=0.1819s round_time=8.0674s
2026-06-24 18:41:19,576 P89007 INFO ********* Eval @ Turn 759 *********
2026-06-24 18:41:19,576 P89007 INFO [EvalRoundClientTime] turn=759 avg=0.012109s max=0.066330s min=0.006476s median=0.009929s
2026-06-24 18:41:27,996 P89007 INFO [Metrics] logloss: 1.104540 - MRR: 0.293829 - NDCG(5): 0.286403 - HR(5): 0.397185 - NDCG(10): 0.344279 - HR(10): 0.578146 - NDCG(20): 0.392827 - HR(20): 0.768046 - NDCG(50): 0.426850 - HR(50): 0.936589
2026-06-24 18:41:27,997 P89007 INFO [Time] eval_time=8.4208s
2026-06-24 18:41:27,997 P89007 INFO ********* Train Turn 760 *********
2026-06-24 18:41:34,106 P89007 INFO Clients average loss: 0.28796589374542236
2026-06-24 18:41:34,107 P89007 INFO [Time] turn=760 local_train_time=5.4575s avg_client_train_time=0.009036s max_client_train_time=0.030032s min_client_train_time=0.006011s median_client_train_time=0.007704s aggregation_time=0.1528s round_time=6.1097s
2026-06-24 18:41:34,107 P89007 INFO ********* Train Turn 761 *********
2026-06-24 18:41:41,350 P89007 INFO Clients average loss: 0.287068247795105
2026-06-24 18:41:41,350 P89007 INFO [Time] turn=761 local_train_time=6.5908s avg_client_train_time=0.010912s max_client_train_time=0.049369s min_client_train_time=0.006197s median_client_train_time=0.009189s aggregation_time=0.1436s round_time=7.2431s
2026-06-24 18:41:41,350 P89007 INFO ********* Train Turn 762 *********
2026-06-24 18:41:48,329 P89007 INFO Clients average loss: 0.284112811088562
2026-06-24 18:41:48,330 P89007 INFO [Time] turn=762 local_train_time=6.2696s avg_client_train_time=0.010380s max_client_train_time=0.031546s min_client_train_time=0.006108s median_client_train_time=0.008674s aggregation_time=0.1421s round_time=6.9791s
2026-06-24 18:41:48,330 P89007 INFO ********* Train Turn 763 *********
2026-06-24 18:41:55,177 P89007 INFO Clients average loss: 0.28599289059638977
2026-06-24 18:41:55,179 P89007 INFO [Time] turn=763 local_train_time=6.2225s avg_client_train_time=0.010302s max_client_train_time=0.033074s min_client_train_time=0.006152s median_client_train_time=0.008763s aggregation_time=0.1383s round_time=6.8484s
2026-06-24 18:41:55,179 P89007 INFO ********* Train Turn 764 *********
2026-06-24 18:42:02,436 P89007 INFO Clients average loss: 0.2828196585178375
2026-06-24 18:42:02,438 P89007 INFO [Time] turn=764 local_train_time=6.5540s avg_client_train_time=0.010851s max_client_train_time=0.035348s min_client_train_time=0.006139s median_client_train_time=0.009214s aggregation_time=0.2024s round_time=7.2590s
2026-06-24 18:42:02,438 P89007 INFO ********* Train Turn 765 *********
2026-06-24 18:42:10,709 P89007 INFO Clients average loss: 0.29234743118286133
2026-06-24 18:42:10,711 P89007 INFO [Time] turn=765 local_train_time=7.3918s avg_client_train_time=0.012238s max_client_train_time=0.316166s min_client_train_time=0.006040s median_client_train_time=0.009483s aggregation_time=0.2538s round_time=8.2720s
2026-06-24 18:42:10,711 P89007 INFO ********* Train Turn 766 *********
2026-06-24 18:42:18,116 P89007 INFO Clients average loss: 0.2891513705253601
2026-06-24 18:42:18,117 P89007 INFO [Time] turn=766 local_train_time=6.6804s avg_client_train_time=0.011060s max_client_train_time=0.160978s min_client_train_time=0.006137s median_client_train_time=0.009196s aggregation_time=0.1908s round_time=7.4056s
2026-06-24 18:42:18,117 P89007 INFO ********* Train Turn 767 *********
2026-06-24 18:42:25,520 P89007 INFO Clients average loss: 0.2925211787223816
2026-06-24 18:42:25,521 P89007 INFO [Time] turn=767 local_train_time=6.7218s avg_client_train_time=0.011129s max_client_train_time=0.041093s min_client_train_time=0.006162s median_client_train_time=0.009606s aggregation_time=0.1592s round_time=7.4041s
2026-06-24 18:42:25,521 P89007 INFO ********* Train Turn 768 *********
2026-06-24 18:42:32,419 P89007 INFO Clients average loss: 0.28857970237731934
2026-06-24 18:42:32,420 P89007 INFO [Time] turn=768 local_train_time=6.1669s avg_client_train_time=0.010210s max_client_train_time=0.069645s min_client_train_time=0.006188s median_client_train_time=0.008453s aggregation_time=0.2151s round_time=6.8979s
2026-06-24 18:42:32,420 P89007 INFO ********* Train Turn 769 *********
2026-06-24 18:42:39,176 P89007 INFO Clients average loss: 0.2871934175491333
2026-06-24 18:42:39,178 P89007 INFO [Time] turn=769 local_train_time=6.1240s avg_client_train_time=0.010139s max_client_train_time=0.034885s min_client_train_time=0.006176s median_client_train_time=0.008723s aggregation_time=0.1433s round_time=6.7575s
2026-06-24 18:42:39,178 P89007 INFO ********* Eval @ Turn 769 *********
2026-06-24 18:42:39,178 P89007 INFO [EvalRoundClientTime] turn=769 avg=0.010139s max=0.034885s min=0.006176s median=0.008723s
2026-06-24 18:42:45,954 P89007 INFO [Metrics] logloss: 1.015034 - MRR: 0.296414 - NDCG(5): 0.288754 - HR(5): 0.398179 - NDCG(10): 0.345146 - HR(10): 0.574172 - NDCG(20): 0.395429 - HR(20): 0.771026 - NDCG(50): 0.429001 - HR(50): 0.937748
2026-06-24 18:42:45,955 P89007 INFO [Time] eval_time=6.7773s
2026-06-24 18:42:45,955 P89007 INFO ********* Train Turn 770 *********
2026-06-24 18:42:52,650 P89007 INFO Clients average loss: 0.28279346227645874
2026-06-24 18:42:52,650 P89007 INFO [Time] turn=770 local_train_time=5.9339s avg_client_train_time=0.009824s max_client_train_time=0.033985s min_client_train_time=0.006003s median_client_train_time=0.008502s aggregation_time=0.1546s round_time=6.6944s
2026-06-24 18:42:52,650 P89007 INFO ********* Train Turn 771 *********
2026-06-24 18:42:59,908 P89007 INFO Clients average loss: 0.281301885843277
2026-06-24 18:42:59,908 P89007 INFO [Time] turn=771 local_train_time=6.5905s avg_client_train_time=0.010911s max_client_train_time=0.040846s min_client_train_time=0.006146s median_client_train_time=0.009306s aggregation_time=0.1476s round_time=7.2578s
2026-06-24 18:42:59,908 P89007 INFO ********* Train Turn 772 *********
2026-06-24 18:43:06,787 P89007 INFO Clients average loss: 0.2838154435157776
2026-06-24 18:43:06,788 P89007 INFO [Time] turn=772 local_train_time=6.2450s avg_client_train_time=0.010339s max_client_train_time=0.035946s min_client_train_time=0.005956s median_client_train_time=0.008745s aggregation_time=0.1415s round_time=6.8794s
2026-06-24 18:43:06,788 P89007 INFO ********* Train Turn 773 *********
2026-06-24 18:43:13,675 P89007 INFO Clients average loss: 0.28737589716911316
2026-06-24 18:43:13,677 P89007 INFO [Time] turn=773 local_train_time=6.2547s avg_client_train_time=0.010355s max_client_train_time=0.049588s min_client_train_time=0.006146s median_client_train_time=0.008893s aggregation_time=0.1429s round_time=6.8880s
2026-06-24 18:43:13,677 P89007 INFO ********* Train Turn 774 *********
2026-06-24 18:43:21,208 P89007 INFO Clients average loss: 0.283913254737854
2026-06-24 18:43:21,210 P89007 INFO [Time] turn=774 local_train_time=6.7796s avg_client_train_time=0.011225s max_client_train_time=0.554821s min_client_train_time=0.006189s median_client_train_time=0.008479s aggregation_time=0.1983s round_time=7.5328s
2026-06-24 18:43:21,210 P89007 INFO ********* Train Turn 775 *********
2026-06-24 18:43:28,404 P89007 INFO Clients average loss: 0.2818283140659332
2026-06-24 18:43:28,405 P89007 INFO [Time] turn=775 local_train_time=6.4750s avg_client_train_time=0.010720s max_client_train_time=0.071608s min_client_train_time=0.005934s median_client_train_time=0.008985s aggregation_time=0.1905s round_time=7.1948s
2026-06-24 18:43:28,405 P89007 INFO ********* Train Turn 776 *********
2026-06-24 18:43:35,462 P89007 INFO Clients average loss: 0.28785037994384766
2026-06-24 18:43:35,463 P89007 INFO [Time] turn=776 local_train_time=6.4165s avg_client_train_time=0.010623s max_client_train_time=0.036935s min_client_train_time=0.006188s median_client_train_time=0.008981s aggregation_time=0.1404s round_time=7.0575s
2026-06-24 18:43:35,463 P89007 INFO ********* Train Turn 777 *********
2026-06-24 18:43:42,543 P89007 INFO Clients average loss: 0.286221981048584
2026-06-24 18:43:42,544 P89007 INFO [Time] turn=777 local_train_time=6.3668s avg_client_train_time=0.010541s max_client_train_time=0.040421s min_client_train_time=0.006098s median_client_train_time=0.008842s aggregation_time=0.2078s round_time=7.0802s
2026-06-24 18:43:42,544 P89007 INFO ********* Train Turn 778 *********
2026-06-24 18:43:49,500 P89007 INFO Clients average loss: 0.2858731746673584
2026-06-24 18:43:49,502 P89007 INFO [Time] turn=778 local_train_time=6.2766s avg_client_train_time=0.010392s max_client_train_time=0.080296s min_client_train_time=0.006099s median_client_train_time=0.008577s aggregation_time=0.1668s round_time=6.9572s
2026-06-24 18:43:49,502 P89007 INFO ********* Train Turn 779 *********
2026-06-24 18:43:56,521 P89007 INFO Clients average loss: 0.2845991551876068
2026-06-24 18:43:56,522 P89007 INFO [Time] turn=779 local_train_time=6.3770s avg_client_train_time=0.010558s max_client_train_time=0.039463s min_client_train_time=0.006111s median_client_train_time=0.009011s aggregation_time=0.1430s round_time=7.0193s
2026-06-24 18:43:56,522 P89007 INFO ********* Eval @ Turn 779 *********
2026-06-24 18:43:56,522 P89007 INFO [EvalRoundClientTime] turn=779 avg=0.010558s max=0.039463s min=0.006111s median=0.009011s
2026-06-24 18:44:05,129 P89007 INFO [Metrics] logloss: 0.925115 - MRR: 0.298635 - NDCG(5): 0.292656 - HR(5): 0.404801 - NDCG(10): 0.348537 - HR(10): 0.579305 - NDCG(20): 0.395920 - HR(20): 0.764570 - NDCG(50): 0.430694 - HR(50): 0.937417
2026-06-24 18:44:05,130 P89007 INFO [Time] eval_time=8.6084s
2026-06-24 18:44:05,130 P89007 INFO ********* Train Turn 780 *********
2026-06-24 18:44:11,236 P89007 INFO Clients average loss: 0.2907259166240692
2026-06-24 18:44:11,238 P89007 INFO [Time] turn=780 local_train_time=5.4196s avg_client_train_time=0.008973s max_client_train_time=0.029015s min_client_train_time=0.006118s median_client_train_time=0.007768s aggregation_time=0.1728s round_time=6.1068s
2026-06-24 18:44:11,238 P89007 INFO ********* Train Turn 781 *********
2026-06-24 18:44:18,211 P89007 INFO Clients average loss: 0.28740090131759644
2026-06-24 18:44:18,211 P89007 INFO [Time] turn=781 local_train_time=6.3281s avg_client_train_time=0.010477s max_client_train_time=0.069975s min_client_train_time=0.006079s median_client_train_time=0.008702s aggregation_time=0.1439s round_time=6.9729s
2026-06-24 18:44:18,211 P89007 INFO ********* Train Turn 782 *********
2026-06-24 18:44:25,061 P89007 INFO Clients average loss: 0.28858447074890137
2026-06-24 18:44:25,062 P89007 INFO [Time] turn=782 local_train_time=6.2129s avg_client_train_time=0.010286s max_client_train_time=0.038244s min_client_train_time=0.006124s median_client_train_time=0.008776s aggregation_time=0.1414s round_time=6.8508s
2026-06-24 18:44:25,062 P89007 INFO ********* Train Turn 783 *********
2026-06-24 18:44:31,947 P89007 INFO Clients average loss: 0.28368666768074036
2026-06-24 18:44:31,948 P89007 INFO [Time] turn=783 local_train_time=6.2364s avg_client_train_time=0.010325s max_client_train_time=0.034872s min_client_train_time=0.006177s median_client_train_time=0.008849s aggregation_time=0.1527s round_time=6.8851s
2026-06-24 18:44:31,948 P89007 INFO ********* Train Turn 784 *********
2026-06-24 18:44:38,743 P89007 INFO Clients average loss: 0.28542348742485046
2026-06-24 18:44:38,745 P89007 INFO [Time] turn=784 local_train_time=6.1591s avg_client_train_time=0.010197s max_client_train_time=0.031123s min_client_train_time=0.006306s median_client_train_time=0.008755s aggregation_time=0.1436s round_time=6.7968s
2026-06-24 18:44:38,745 P89007 INFO ********* Train Turn 785 *********
2026-06-24 18:44:45,510 P89007 INFO Clients average loss: 0.28630930185317993
2026-06-24 18:44:45,510 P89007 INFO [Time] turn=785 local_train_time=6.1274s avg_client_train_time=0.010145s max_client_train_time=0.037004s min_client_train_time=0.006046s median_client_train_time=0.008599s aggregation_time=0.1445s round_time=6.7646s
2026-06-24 18:44:45,510 P89007 INFO ********* Train Turn 786 *********
2026-06-24 18:44:52,438 P89007 INFO Clients average loss: 0.2895369231700897
2026-06-24 18:44:52,439 P89007 INFO [Time] turn=786 local_train_time=6.2931s avg_client_train_time=0.010419s max_client_train_time=0.032687s min_client_train_time=0.006009s median_client_train_time=0.008850s aggregation_time=0.1392s round_time=6.9284s
2026-06-24 18:44:52,439 P89007 INFO ********* Train Turn 787 *********
2026-06-24 18:44:59,594 P89007 INFO Clients average loss: 0.2894631028175354
2026-06-24 18:44:59,595 P89007 INFO [Time] turn=787 local_train_time=6.4911s avg_client_train_time=0.010747s max_client_train_time=0.042825s min_client_train_time=0.006110s median_client_train_time=0.009040s aggregation_time=0.1666s round_time=7.1557s
2026-06-24 18:44:59,595 P89007 INFO ********* Train Turn 788 *********
2026-06-24 18:45:06,730 P89007 INFO Clients average loss: 0.28424930572509766
2026-06-24 18:45:06,730 P89007 INFO [Time] turn=788 local_train_time=6.4969s avg_client_train_time=0.010756s max_client_train_time=0.037859s min_client_train_time=0.006099s median_client_train_time=0.009034s aggregation_time=0.1398s round_time=7.1352s
2026-06-24 18:45:06,731 P89007 INFO ********* Train Turn 789 *********
2026-06-24 18:45:13,628 P89007 INFO Clients average loss: 0.2803894877433777
2026-06-24 18:45:13,629 P89007 INFO [Time] turn=789 local_train_time=6.2665s avg_client_train_time=0.010375s max_client_train_time=0.031768s min_client_train_time=0.006041s median_client_train_time=0.008760s aggregation_time=0.1408s round_time=6.8980s
2026-06-24 18:45:13,629 P89007 INFO ********* Eval @ Turn 789 *********
2026-06-24 18:45:13,629 P89007 INFO [EvalRoundClientTime] turn=789 avg=0.010375s max=0.031768s min=0.006041s median=0.008760s
2026-06-24 18:45:20,826 P89007 INFO [Metrics] logloss: 0.949266 - MRR: 0.299363 - NDCG(5): 0.294419 - HR(5): 0.408113 - NDCG(10): 0.349054 - HR(10): 0.578974 - NDCG(20): 0.396430 - HR(20): 0.764570 - NDCG(50): 0.431151 - HR(50): 0.936589
2026-06-24 18:45:20,828 P89007 INFO [Time] eval_time=7.1986s
2026-06-24 18:45:20,828 P89007 INFO ********* Train Turn 790 *********
2026-06-24 18:45:27,270 P89007 INFO Clients average loss: 0.2843605577945709
2026-06-24 18:45:27,272 P89007 INFO [Time] turn=790 local_train_time=5.7165s avg_client_train_time=0.009464s max_client_train_time=0.028964s min_client_train_time=0.006074s median_client_train_time=0.008139s aggregation_time=0.1793s round_time=6.4434s
2026-06-24 18:45:27,272 P89007 INFO ********* Train Turn 791 *********
2026-06-24 18:45:34,046 P89007 INFO Clients average loss: 0.2868511974811554
2026-06-24 18:45:34,047 P89007 INFO [Time] turn=791 local_train_time=6.1364s avg_client_train_time=0.010160s max_client_train_time=0.038738s min_client_train_time=0.005964s median_client_train_time=0.008797s aggregation_time=0.1429s round_time=6.7750s
2026-06-24 18:45:34,047 P89007 INFO ********* Train Turn 792 *********
2026-06-24 18:45:41,110 P89007 INFO Clients average loss: 0.2863672971725464
2026-06-24 18:45:41,112 P89007 INFO [Time] turn=792 local_train_time=6.3312s avg_client_train_time=0.010482s max_client_train_time=0.039195s min_client_train_time=0.006058s median_client_train_time=0.008876s aggregation_time=0.1483s round_time=7.0646s
2026-06-24 18:45:41,112 P89007 INFO ********* Train Turn 793 *********
2026-06-24 18:45:48,417 P89007 INFO Clients average loss: 0.28325799107551575
2026-06-24 18:45:48,417 P89007 INFO [Time] turn=793 local_train_time=6.6117s avg_client_train_time=0.010946s max_client_train_time=0.036437s min_client_train_time=0.006120s median_client_train_time=0.009309s aggregation_time=0.1791s round_time=7.3047s
2026-06-24 18:45:48,417 P89007 INFO ********* Train Turn 794 *********
2026-06-24 18:45:56,379 P89007 INFO Clients average loss: 0.2890335023403168
2026-06-24 18:45:56,379 P89007 INFO [Time] turn=794 local_train_time=7.1664s avg_client_train_time=0.011865s max_client_train_time=0.255262s min_client_train_time=0.006277s median_client_train_time=0.009348s aggregation_time=0.2078s round_time=7.9616s
2026-06-24 18:45:56,379 P89007 INFO ********* Train Turn 795 *********
2026-06-24 18:46:04,002 P89007 INFO Clients average loss: 0.29126083850860596
2026-06-24 18:46:04,013 P89007 INFO [Time] turn=795 local_train_time=6.8735s avg_client_train_time=0.011380s max_client_train_time=0.038018s min_client_train_time=0.006153s median_client_train_time=0.009454s aggregation_time=0.2205s round_time=7.6238s
2026-06-24 18:46:04,013 P89007 INFO ********* Train Turn 796 *********
2026-06-24 18:46:11,496 P89007 INFO Clients average loss: 0.28660815954208374
2026-06-24 18:46:11,498 P89007 INFO [Time] turn=796 local_train_time=6.7980s avg_client_train_time=0.011255s max_client_train_time=0.036814s min_client_train_time=0.006061s median_client_train_time=0.009623s aggregation_time=0.1410s round_time=7.4833s
2026-06-24 18:46:11,498 P89007 INFO ********* Train Turn 797 *********
2026-06-24 18:46:19,509 P89007 INFO Clients average loss: 0.28704825043678284
2026-06-24 18:46:19,512 P89007 INFO [Time] turn=797 local_train_time=7.1794s avg_client_train_time=0.011886s max_client_train_time=0.115134s min_client_train_time=0.006320s median_client_train_time=0.009382s aggregation_time=0.2816s round_time=8.0133s
2026-06-24 18:46:19,512 P89007 INFO ********* Train Turn 798 *********
2026-06-24 18:46:26,995 P89007 INFO Clients average loss: 0.2935737371444702
2026-06-24 18:46:26,998 P89007 INFO [Time] turn=798 local_train_time=6.7423s avg_client_train_time=0.011163s max_client_train_time=0.143680s min_client_train_time=0.006054s median_client_train_time=0.008915s aggregation_time=0.1909s round_time=7.4849s
2026-06-24 18:46:26,998 P89007 INFO ********* Train Turn 799 *********
2026-06-24 18:46:34,793 P89007 INFO Clients average loss: 0.28657445311546326
2026-06-24 18:46:34,795 P89007 INFO [Time] turn=799 local_train_time=6.7653s avg_client_train_time=0.011201s max_client_train_time=0.054678s min_client_train_time=0.006230s median_client_train_time=0.009564s aggregation_time=0.5085s round_time=7.7955s
2026-06-24 18:46:34,795 P89007 INFO ********* Eval @ Turn 799 *********
2026-06-24 18:46:34,795 P89007 INFO [EvalRoundClientTime] turn=799 avg=0.011201s max=0.054678s min=0.006230s median=0.009564s
2026-06-24 18:46:43,369 P89007 INFO [Metrics] logloss: 0.892554 - MRR: 0.301632 - NDCG(5): 0.294500 - HR(5): 0.403477 - NDCG(10): 0.348992 - HR(10): 0.573675 - NDCG(20): 0.399967 - HR(20): 0.773510 - NDCG(50): 0.432846 - HR(50): 0.936258
2026-06-24 18:46:43,371 P89007 INFO [Time] eval_time=8.5756s
2026-06-24 18:46:43,371 P89007 INFO ********* Train Turn 800 *********
2026-06-24 18:46:50,365 P89007 INFO Clients average loss: 0.28199875354766846
2026-06-24 18:46:50,367 P89007 INFO [Time] turn=800 local_train_time=6.1823s avg_client_train_time=0.010236s max_client_train_time=0.051227s min_client_train_time=0.006097s median_client_train_time=0.008688s aggregation_time=0.1672s round_time=6.9950s
2026-06-24 18:46:50,367 P89007 INFO ********* Train Turn 801 *********
2026-06-24 18:46:57,775 P89007 INFO Clients average loss: 0.2886938750743866
2026-06-24 18:46:57,775 P89007 INFO [Time] turn=801 local_train_time=6.7309s avg_client_train_time=0.011144s max_client_train_time=0.032246s min_client_train_time=0.006222s median_client_train_time=0.009464s aggregation_time=0.1522s round_time=7.4083s
2026-06-24 18:46:57,775 P89007 INFO ********* Train Turn 802 *********
2026-06-24 18:47:05,573 P89007 INFO Clients average loss: 0.28981563448905945
2026-06-24 18:47:05,575 P89007 INFO [Time] turn=802 local_train_time=7.0921s avg_client_train_time=0.011742s max_client_train_time=0.098792s min_client_train_time=0.006138s median_client_train_time=0.009694s aggregation_time=0.1640s round_time=7.7989s
2026-06-24 18:47:05,575 P89007 INFO ********* Train Turn 803 *********
2026-06-24 18:47:13,427 P89007 INFO Clients average loss: 0.28166115283966064
2026-06-24 18:47:13,429 P89007 INFO [Time] turn=803 local_train_time=7.0624s avg_client_train_time=0.011693s max_client_train_time=0.081412s min_client_train_time=0.006323s median_client_train_time=0.009530s aggregation_time=0.1917s round_time=7.8532s
2026-06-24 18:47:13,429 P89007 INFO ********* Train Turn 804 *********
2026-06-24 18:47:21,710 P89007 INFO Clients average loss: 0.28639039397239685
2026-06-24 18:47:21,711 P89007 INFO [Time] turn=804 local_train_time=7.5349s avg_client_train_time=0.012475s max_client_train_time=0.070954s min_client_train_time=0.006403s median_client_train_time=0.010175s aggregation_time=0.1857s round_time=8.2821s
2026-06-24 18:47:21,711 P89007 INFO ********* Train Turn 805 *********
2026-06-24 18:47:30,039 P89007 INFO Clients average loss: 0.2889058291912079
2026-06-24 18:47:30,040 P89007 INFO [Time] turn=805 local_train_time=7.5231s avg_client_train_time=0.012455s max_client_train_time=0.124382s min_client_train_time=0.006189s median_client_train_time=0.009939s aggregation_time=0.2182s round_time=8.3284s
2026-06-24 18:47:30,040 P89007 INFO ********* Train Turn 806 *********
2026-06-24 18:47:38,130 P89007 INFO Clients average loss: 0.28853675723075867
2026-06-24 18:47:38,130 P89007 INFO [Time] turn=806 local_train_time=7.3610s avg_client_train_time=0.012187s max_client_train_time=0.084637s min_client_train_time=0.006385s median_client_train_time=0.009924s aggregation_time=0.1650s round_time=8.0896s
2026-06-24 18:47:38,130 P89007 INFO ********* Train Turn 807 *********
2026-06-24 18:47:45,638 P89007 INFO Clients average loss: 0.2894126772880554
2026-06-24 18:47:45,638 P89007 INFO [Time] turn=807 local_train_time=6.8228s avg_client_train_time=0.011296s max_client_train_time=0.083070s min_client_train_time=0.006233s median_client_train_time=0.009182s aggregation_time=0.1419s round_time=7.5073s
2026-06-24 18:47:45,638 P89007 INFO ********* Train Turn 808 *********
2026-06-24 18:47:52,943 P89007 INFO Clients average loss: 0.28992903232574463
2026-06-24 18:47:52,943 P89007 INFO [Time] turn=808 local_train_time=6.6391s avg_client_train_time=0.010992s max_client_train_time=0.034262s min_client_train_time=0.006119s median_client_train_time=0.009275s aggregation_time=0.1487s round_time=7.3049s
2026-06-24 18:47:52,943 P89007 INFO ********* Train Turn 809 *********
2026-06-24 18:48:00,205 P89007 INFO Clients average loss: 0.2902756631374359
2026-06-24 18:48:00,207 P89007 INFO [Time] turn=809 local_train_time=6.5719s avg_client_train_time=0.010881s max_client_train_time=0.052243s min_client_train_time=0.006237s median_client_train_time=0.008949s aggregation_time=0.1679s round_time=7.2631s
2026-06-24 18:48:00,207 P89007 INFO ********* Eval @ Turn 809 *********
2026-06-24 18:48:00,207 P89007 INFO [EvalRoundClientTime] turn=809 avg=0.010881s max=0.052243s min=0.006237s median=0.008949s
2026-06-24 18:48:06,965 P89007 INFO [Metrics] logloss: 0.901977 - MRR: 0.307076 - NDCG(5): 0.300229 - HR(5): 0.408940 - NDCG(10): 0.355725 - HR(10): 0.582616 - NDCG(20): 0.403500 - HR(20): 0.769371 - NDCG(50): 0.437048 - HR(50): 0.935265
2026-06-24 18:48:06,966 P89007 INFO [Time] eval_time=6.7592s
2026-06-24 18:48:06,966 P89007 INFO ********* Train Turn 810 *********
2026-06-24 18:48:13,630 P89007 INFO Clients average loss: 0.29349568486213684
2026-06-24 18:48:13,632 P89007 INFO [Time] turn=810 local_train_time=6.0059s avg_client_train_time=0.009943s max_client_train_time=0.075150s min_client_train_time=0.006072s median_client_train_time=0.008384s aggregation_time=0.1572s round_time=6.6650s
2026-06-24 18:48:13,632 P89007 INFO ********* Train Turn 811 *********
2026-06-24 18:48:20,527 P89007 INFO Clients average loss: 0.2840304970741272
2026-06-24 18:48:20,527 P89007 INFO [Time] turn=811 local_train_time=6.2449s avg_client_train_time=0.010339s max_client_train_time=0.032585s min_client_train_time=0.006124s median_client_train_time=0.008831s aggregation_time=0.1585s round_time=6.8947s
2026-06-24 18:48:20,527 P89007 INFO ********* Train Turn 812 *********
2026-06-24 18:48:27,391 P89007 INFO Clients average loss: 0.29518550634384155
2026-06-24 18:48:27,392 P89007 INFO [Time] turn=812 local_train_time=6.2328s avg_client_train_time=0.010319s max_client_train_time=0.042120s min_client_train_time=0.005939s median_client_train_time=0.008719s aggregation_time=0.1393s round_time=6.8642s
2026-06-24 18:48:27,392 P89007 INFO ********* Train Turn 813 *********
2026-06-24 18:48:34,208 P89007 INFO Clients average loss: 0.2830648422241211
2026-06-24 18:48:34,209 P89007 INFO [Time] turn=813 local_train_time=6.1804s avg_client_train_time=0.010232s max_client_train_time=0.048052s min_client_train_time=0.005975s median_client_train_time=0.008709s aggregation_time=0.1473s round_time=6.8168s
2026-06-24 18:48:34,209 P89007 INFO ********* Train Turn 814 *********
2026-06-24 18:48:41,060 P89007 INFO Clients average loss: 0.28415513038635254
2026-06-24 18:48:41,061 P89007 INFO [Time] turn=814 local_train_time=6.2219s avg_client_train_time=0.010301s max_client_train_time=0.033939s min_client_train_time=0.006082s median_client_train_time=0.008711s aggregation_time=0.1395s round_time=6.8519s
2026-06-24 18:48:41,061 P89007 INFO ********* Train Turn 815 *********
2026-06-24 18:48:47,901 P89007 INFO Clients average loss: 0.2791580855846405
2026-06-24 18:48:47,901 P89007 INFO [Time] turn=815 local_train_time=6.2152s avg_client_train_time=0.010290s max_client_train_time=0.039055s min_client_train_time=0.006055s median_client_train_time=0.008702s aggregation_time=0.1347s round_time=6.8394s
2026-06-24 18:48:47,901 P89007 INFO ********* Train Turn 816 *********
2026-06-24 18:48:54,793 P89007 INFO Clients average loss: 0.28190699219703674
2026-06-24 18:48:54,793 P89007 INFO [Time] turn=816 local_train_time=6.2621s avg_client_train_time=0.010368s max_client_train_time=0.036191s min_client_train_time=0.006055s median_client_train_time=0.008586s aggregation_time=0.1411s round_time=6.8919s
2026-06-24 18:48:54,793 P89007 INFO ********* Train Turn 817 *********
2026-06-24 18:49:01,631 P89007 INFO Clients average loss: 0.2875545620918274
2026-06-24 18:49:01,631 P89007 INFO [Time] turn=817 local_train_time=6.2047s avg_client_train_time=0.010273s max_client_train_time=0.033617s min_client_train_time=0.006073s median_client_train_time=0.008872s aggregation_time=0.1435s round_time=6.8375s
2026-06-24 18:49:01,631 P89007 INFO ********* Train Turn 818 *********
2026-06-24 18:49:08,501 P89007 INFO Clients average loss: 0.28793081641197205
2026-06-24 18:49:08,501 P89007 INFO [Time] turn=818 local_train_time=6.2395s avg_client_train_time=0.010330s max_client_train_time=0.050718s min_client_train_time=0.005999s median_client_train_time=0.008769s aggregation_time=0.1401s round_time=6.8698s
2026-06-24 18:49:08,501 P89007 INFO ********* Train Turn 819 *********
2026-06-24 18:49:15,205 P89007 INFO Clients average loss: 0.2869679033756256
2026-06-24 18:49:15,206 P89007 INFO [Time] turn=819 local_train_time=6.0730s avg_client_train_time=0.010055s max_client_train_time=0.036211s min_client_train_time=0.006018s median_client_train_time=0.008623s aggregation_time=0.1430s round_time=6.7042s
2026-06-24 18:49:15,206 P89007 INFO ********* Eval @ Turn 819 *********
2026-06-24 18:49:15,206 P89007 INFO [EvalRoundClientTime] turn=819 avg=0.010055s max=0.036211s min=0.006018s median=0.008623s
2026-06-24 18:49:21,874 P89007 INFO [Metrics] logloss: 0.935682 - MRR: 0.309533 - NDCG(5): 0.302339 - HR(5): 0.410265 - NDCG(10): 0.358695 - HR(10): 0.586258 - NDCG(20): 0.405930 - HR(20): 0.771358 - NDCG(50): 0.439167 - HR(50): 0.935596
2026-06-24 18:49:21,875 P89007 INFO [Time] eval_time=6.6685s
2026-06-24 18:49:21,875 P89007 INFO ********* Train Turn 820 *********
2026-06-24 18:49:27,624 P89007 INFO Clients average loss: 0.28695589303970337
2026-06-24 18:49:27,625 P89007 INFO [Time] turn=820 local_train_time=5.1005s avg_client_train_time=0.008445s max_client_train_time=0.026749s min_client_train_time=0.006066s median_client_train_time=0.007367s aggregation_time=0.1585s round_time=5.7495s
2026-06-24 18:49:27,625 P89007 INFO ********* Train Turn 821 *********
2026-06-24 18:49:33,552 P89007 INFO Clients average loss: 0.2826985716819763
2026-06-24 18:49:33,553 P89007 INFO [Time] turn=821 local_train_time=5.3073s avg_client_train_time=0.008787s max_client_train_time=0.026175s min_client_train_time=0.006008s median_client_train_time=0.007685s aggregation_time=0.1372s round_time=5.9277s
2026-06-24 18:49:33,553 P89007 INFO ********* Train Turn 822 *********
2026-06-24 18:49:40,163 P89007 INFO Clients average loss: 0.28235363960266113
2026-06-24 18:49:40,163 P89007 INFO [Time] turn=822 local_train_time=5.9027s avg_client_train_time=0.009773s max_client_train_time=0.030165s min_client_train_time=0.006017s median_client_train_time=0.008107s aggregation_time=0.1394s round_time=6.6103s
2026-06-24 18:49:40,163 P89007 INFO ********* Train Turn 823 *********
2026-06-24 18:49:46,950 P89007 INFO Clients average loss: 0.28104275465011597
2026-06-24 18:49:46,950 P89007 INFO [Time] turn=823 local_train_time=6.1570s avg_client_train_time=0.010194s max_client_train_time=0.034167s min_client_train_time=0.005995s median_client_train_time=0.008759s aggregation_time=0.1420s round_time=6.7866s
2026-06-24 18:49:46,950 P89007 INFO ********* Train Turn 824 *********
2026-06-24 18:49:53,886 P89007 INFO Clients average loss: 0.28634214401245117
2026-06-24 18:49:53,886 P89007 INFO [Time] turn=824 local_train_time=6.3079s avg_client_train_time=0.010443s max_client_train_time=0.039368s min_client_train_time=0.006118s median_client_train_time=0.008786s aggregation_time=0.1390s round_time=6.9356s
2026-06-24 18:49:53,886 P89007 INFO ********* Train Turn 825 *********
2026-06-24 18:50:00,469 P89007 INFO Clients average loss: 0.2827707827091217
2026-06-24 18:50:00,469 P89007 INFO [Time] turn=825 local_train_time=5.8835s avg_client_train_time=0.009741s max_client_train_time=0.280917s min_client_train_time=0.006035s median_client_train_time=0.007722s aggregation_time=0.1928s round_time=6.5827s
2026-06-24 18:50:00,469 P89007 INFO ********* Train Turn 826 *********
2026-06-24 18:50:06,404 P89007 INFO Clients average loss: 0.2884199023246765
2026-06-24 18:50:06,405 P89007 INFO [Time] turn=826 local_train_time=5.3014s avg_client_train_time=0.008777s max_client_train_time=0.030932s min_client_train_time=0.006039s median_client_train_time=0.007618s aggregation_time=0.1470s round_time=5.9353s
2026-06-24 18:50:06,405 P89007 INFO ********* Train Turn 827 *********
2026-06-24 18:50:12,679 P89007 INFO Clients average loss: 0.2938724458217621
2026-06-24 18:50:12,680 P89007 INFO [Time] turn=827 local_train_time=5.6271s avg_client_train_time=0.009316s max_client_train_time=0.085380s min_client_train_time=0.005999s median_client_train_time=0.007890s aggregation_time=0.1596s round_time=6.2742s
2026-06-24 18:50:12,680 P89007 INFO ********* Train Turn 828 *********
2026-06-24 18:50:18,909 P89007 INFO Clients average loss: 0.28901728987693787
2026-06-24 18:50:18,909 P89007 INFO [Time] turn=828 local_train_time=5.5970s avg_client_train_time=0.009267s max_client_train_time=0.050323s min_client_train_time=0.006027s median_client_train_time=0.007908s aggregation_time=0.1471s round_time=6.2293s
2026-06-24 18:50:18,910 P89007 INFO ********* Train Turn 829 *********
2026-06-24 18:50:25,252 P89007 INFO Clients average loss: 0.2910608649253845
2026-06-24 18:50:25,253 P89007 INFO [Time] turn=829 local_train_time=5.6869s avg_client_train_time=0.009415s max_client_train_time=0.055327s min_client_train_time=0.005927s median_client_train_time=0.007984s aggregation_time=0.1475s round_time=6.3433s
2026-06-24 18:50:25,253 P89007 INFO ********* Eval @ Turn 829 *********
2026-06-24 18:50:25,253 P89007 INFO [EvalRoundClientTime] turn=829 avg=0.009415s max=0.055327s min=0.005927s median=0.007984s
2026-06-24 18:50:32,138 P89007 INFO [Metrics] logloss: 0.960861 - MRR: 0.308672 - NDCG(5): 0.302444 - HR(5): 0.410762 - NDCG(10): 0.357258 - HR(10): 0.581954 - NDCG(20): 0.402466 - HR(20): 0.759272 - NDCG(50): 0.437709 - HR(50): 0.933113
2026-06-24 18:50:32,139 P89007 INFO [Time] eval_time=6.8857s
2026-06-24 18:50:32,139 P89007 INFO ********* Train Turn 830 *********
2026-06-24 18:50:38,160 P89007 INFO Clients average loss: 0.28284135460853577
2026-06-24 18:50:38,161 P89007 INFO [Time] turn=830 local_train_time=5.2875s avg_client_train_time=0.008754s max_client_train_time=0.041999s min_client_train_time=0.006012s median_client_train_time=0.007505s aggregation_time=0.1579s round_time=6.0215s
2026-06-24 18:50:38,161 P89007 INFO ********* Train Turn 831 *********
2026-06-24 18:50:44,289 P89007 INFO Clients average loss: 0.28274616599082947
2026-06-24 18:50:44,289 P89007 INFO [Time] turn=831 local_train_time=5.4924s avg_client_train_time=0.009093s max_client_train_time=0.034011s min_client_train_time=0.006100s median_client_train_time=0.007752s aggregation_time=0.1486s round_time=6.1280s
2026-06-24 18:50:44,289 P89007 INFO ********* Train Turn 832 *********
2026-06-24 18:50:50,222 P89007 INFO Clients average loss: 0.28621259331703186
2026-06-24 18:50:50,222 P89007 INFO [Time] turn=832 local_train_time=5.2950s avg_client_train_time=0.008767s max_client_train_time=0.042877s min_client_train_time=0.005975s median_client_train_time=0.007701s aggregation_time=0.1532s round_time=5.9322s
2026-06-24 18:50:50,222 P89007 INFO ********* Train Turn 833 *********
2026-06-24 18:50:57,103 P89007 INFO Clients average loss: 0.282860666513443
2026-06-24 18:50:57,105 P89007 INFO [Time] turn=833 local_train_time=6.1378s avg_client_train_time=0.010162s max_client_train_time=0.075108s min_client_train_time=0.006051s median_client_train_time=0.008322s aggregation_time=0.2126s round_time=6.8826s
2026-06-24 18:50:57,105 P89007 INFO ********* Train Turn 834 *********
2026-06-24 18:51:04,468 P89007 INFO Clients average loss: 0.2898542284965515
2026-06-24 18:51:04,469 P89007 INFO [Time] turn=834 local_train_time=6.6026s avg_client_train_time=0.010931s max_client_train_time=0.035295s min_client_train_time=0.005894s median_client_train_time=0.009495s aggregation_time=0.1792s round_time=7.3630s
2026-06-24 18:51:04,469 P89007 INFO ********* Train Turn 835 *********
2026-06-24 18:51:11,287 P89007 INFO Clients average loss: 0.29146283864974976
2026-06-24 18:51:11,288 P89007 INFO [Time] turn=835 local_train_time=6.1305s avg_client_train_time=0.010150s max_client_train_time=0.201549s min_client_train_time=0.006062s median_client_train_time=0.008342s aggregation_time=0.1666s round_time=6.8170s
2026-06-24 18:51:11,288 P89007 INFO ********* Train Turn 836 *********
2026-06-24 18:51:17,788 P89007 INFO Clients average loss: 0.28976795077323914
2026-06-24 18:51:17,790 P89007 INFO [Time] turn=836 local_train_time=5.7170s avg_client_train_time=0.009465s max_client_train_time=0.039725s min_client_train_time=0.006120s median_client_train_time=0.008196s aggregation_time=0.2789s round_time=6.5010s
2026-06-24 18:51:17,790 P89007 INFO ********* Train Turn 837 *********
2026-06-24 18:51:24,150 P89007 INFO Clients average loss: 0.28084173798561096
2026-06-24 18:51:24,151 P89007 INFO [Time] turn=837 local_train_time=5.7148s avg_client_train_time=0.009462s max_client_train_time=0.032744s min_client_train_time=0.005988s median_client_train_time=0.008004s aggregation_time=0.1470s round_time=6.3603s
2026-06-24 18:51:24,151 P89007 INFO ********* Train Turn 838 *********
2026-06-24 18:51:30,576 P89007 INFO Clients average loss: 0.28434497117996216
2026-06-24 18:51:30,576 P89007 INFO [Time] turn=838 local_train_time=5.7805s avg_client_train_time=0.009570s max_client_train_time=0.029370s min_client_train_time=0.006037s median_client_train_time=0.008223s aggregation_time=0.1421s round_time=6.4245s
2026-06-24 18:51:30,576 P89007 INFO ********* Train Turn 839 *********
2026-06-24 18:51:37,327 P89007 INFO Clients average loss: 0.29078447818756104
2026-06-24 18:51:37,328 P89007 INFO [Time] turn=839 local_train_time=6.0853s avg_client_train_time=0.010075s max_client_train_time=0.034547s min_client_train_time=0.006082s median_client_train_time=0.008569s aggregation_time=0.1405s round_time=6.7511s
2026-06-24 18:51:37,328 P89007 INFO ********* Eval @ Turn 839 *********
2026-06-24 18:51:37,328 P89007 INFO [EvalRoundClientTime] turn=839 avg=0.010075s max=0.034547s min=0.006082s median=0.008569s
2026-06-24 18:51:45,259 P89007 INFO [Metrics] logloss: 0.967341 - MRR: 0.311098 - NDCG(5): 0.305817 - HR(5): 0.416556 - NDCG(10): 0.362519 - HR(10): 0.593543 - NDCG(20): 0.404314 - HR(20): 0.757947 - NDCG(50): 0.440033 - HR(50): 0.934272
2026-06-24 18:51:45,261 P89007 INFO [Time] eval_time=7.9329s
2026-06-24 18:51:45,261 P89007 INFO ********* Train Turn 840 *********
2026-06-24 18:51:52,703 P89007 INFO Clients average loss: 0.285514771938324
2026-06-24 18:51:52,704 P89007 INFO [Time] turn=840 local_train_time=6.7221s avg_client_train_time=0.011129s max_client_train_time=0.104296s min_client_train_time=0.006110s median_client_train_time=0.009125s aggregation_time=0.1749s round_time=7.4421s
2026-06-24 18:51:52,704 P89007 INFO ********* Train Turn 841 *********
2026-06-24 18:52:00,087 P89007 INFO Clients average loss: 0.2862030267715454
2026-06-24 18:52:00,089 P89007 INFO [Time] turn=841 local_train_time=6.6678s avg_client_train_time=0.011039s max_client_train_time=0.038665s min_client_train_time=0.006094s median_client_train_time=0.009516s aggregation_time=0.1883s round_time=7.3842s
2026-06-24 18:52:00,089 P89007 INFO ********* Train Turn 842 *********
2026-06-24 18:52:07,722 P89007 INFO Clients average loss: 0.29148390889167786
2026-06-24 18:52:07,724 P89007 INFO [Time] turn=842 local_train_time=6.9056s avg_client_train_time=0.011433s max_client_train_time=0.073819s min_client_train_time=0.006224s median_client_train_time=0.009615s aggregation_time=0.1812s round_time=7.6348s
2026-06-24 18:52:07,724 P89007 INFO ********* Train Turn 843 *********
2026-06-24 18:52:15,001 P89007 INFO Clients average loss: 0.28532329201698303
2026-06-24 18:52:15,002 P89007 INFO [Time] turn=843 local_train_time=6.6239s avg_client_train_time=0.010967s max_client_train_time=0.038752s min_client_train_time=0.006327s median_client_train_time=0.009300s aggregation_time=0.1391s round_time=7.2775s
2026-06-24 18:52:15,002 P89007 INFO ********* Train Turn 844 *********
2026-06-24 18:52:22,795 P89007 INFO Clients average loss: 0.2827449142932892
2026-06-24 18:52:22,796 P89007 INFO [Time] turn=844 local_train_time=7.0439s avg_client_train_time=0.011662s max_client_train_time=0.105740s min_client_train_time=0.006213s median_client_train_time=0.009577s aggregation_time=0.2159s round_time=7.7937s
2026-06-24 18:52:22,796 P89007 INFO ********* Train Turn 845 *********
2026-06-24 18:52:31,427 P89007 INFO Clients average loss: 0.2908320724964142
2026-06-24 18:52:31,430 P89007 INFO [Time] turn=845 local_train_time=7.5913s avg_client_train_time=0.012568s max_client_train_time=0.051824s min_client_train_time=0.006173s median_client_train_time=0.010223s aggregation_time=0.4813s round_time=8.6328s
2026-06-24 18:52:31,430 P89007 INFO ********* Train Turn 846 *********
2026-06-24 18:52:39,517 P89007 INFO Clients average loss: 0.2818407416343689
2026-06-24 18:52:39,519 P89007 INFO [Time] turn=846 local_train_time=7.2844s avg_client_train_time=0.012060s max_client_train_time=0.045739s min_client_train_time=0.006305s median_client_train_time=0.009980s aggregation_time=0.2272s round_time=8.0885s
2026-06-24 18:52:39,519 P89007 INFO ********* Train Turn 847 *********
2026-06-24 18:52:49,305 P89007 INFO Clients average loss: 0.28809985518455505
2026-06-24 18:52:49,308 P89007 INFO [Time] turn=847 local_train_time=8.4093s avg_client_train_time=0.013923s max_client_train_time=0.187133s min_client_train_time=0.006203s median_client_train_time=0.010347s aggregation_time=0.7648s round_time=9.7882s
2026-06-24 18:52:49,308 P89007 INFO ********* Train Turn 848 *********
2026-06-24 18:53:29,263 P89007 INFO Clients average loss: 0.2880842089653015
2026-06-24 18:53:29,264 P89007 INFO [Time] turn=848 local_train_time=6.2426s avg_client_train_time=0.010335s max_client_train_time=0.032058s min_client_train_time=0.005925s median_client_train_time=0.008848s aggregation_time=0.2022s round_time=7.2413s
2026-06-24 18:53:29,265 P89007 INFO ********* Train Turn 849 *********
2026-06-24 19:04:32,664 P89007 INFO Clients average loss: 0.28959813714027405
2026-06-24 19:04:32,665 P89007 INFO [Time] turn=849 local_train_time=6.4737s avg_client_train_time=0.010718s max_client_train_time=0.361085s min_client_train_time=0.006133s median_client_train_time=0.008808s aggregation_time=0.2115s round_time=7.1801s
2026-06-24 19:04:32,665 P89007 INFO ********* Eval @ Turn 849 *********
2026-06-24 19:04:32,665 P89007 INFO [EvalRoundClientTime] turn=849 avg=0.010718s max=0.361085s min=0.006133s median=0.008808s
2026-06-24 19:04:40,629 P89007 INFO [Metrics] logloss: 0.931586 - MRR: 0.319838 - NDCG(5): 0.313716 - HR(5): 0.419702 - NDCG(10): 0.368824 - HR(10): 0.591722 - NDCG(20): 0.409665 - HR(20): 0.751987 - NDCG(50): 0.446913 - HR(50): 0.936093
2026-06-24 19:04:40,630 P89007 INFO [Time] eval_time=7.9642s
2026-06-24 19:04:40,630 P89007 INFO ********* Train Turn 850 *********
2026-06-24 19:04:46,827 P89007 INFO Clients average loss: 0.2859911024570465
2026-06-24 19:04:46,828 P89007 INFO [Time] turn=850 local_train_time=5.5447s avg_client_train_time=0.009180s max_client_train_time=0.031728s min_client_train_time=0.006042s median_client_train_time=0.007878s aggregation_time=0.1551s round_time=6.1974s
2026-06-24 19:04:46,828 P89007 INFO ********* Train Turn 851 *********
2026-06-24 19:04:53,486 P89007 INFO Clients average loss: 0.2901761531829834
2026-06-24 19:04:53,486 P89007 INFO [Time] turn=851 local_train_time=6.0308s avg_client_train_time=0.009985s max_client_train_time=0.048569s min_client_train_time=0.006096s median_client_train_time=0.008449s aggregation_time=0.1427s round_time=6.6579s
2026-06-24 19:04:53,486 P89007 INFO ********* Train Turn 852 *********
2026-06-24 19:05:01,403 P89007 INFO Clients average loss: 0.28210216760635376
2026-06-24 19:05:01,404 P89007 INFO [Time] turn=852 local_train_time=6.9860s avg_client_train_time=0.011566s max_client_train_time=0.332515s min_client_train_time=0.006004s median_client_train_time=0.008784s aggregation_time=0.2432s round_time=7.8343s
2026-06-24 19:05:01,404 P89007 INFO ********* Train Turn 853 *********
2026-06-24 19:05:07,917 P89007 INFO Clients average loss: 0.2860463857650757
2026-06-24 19:05:07,917 P89007 INFO [Time] turn=853 local_train_time=5.8082s avg_client_train_time=0.009616s max_client_train_time=0.036039s min_client_train_time=0.006125s median_client_train_time=0.008146s aggregation_time=0.2071s round_time=6.5132s
2026-06-24 19:05:07,917 P89007 INFO ********* Train Turn 854 *********
2026-06-24 19:05:15,044 P89007 INFO Clients average loss: 0.28044334053993225
2026-06-24 19:05:15,045 P89007 INFO [Time] turn=854 local_train_time=6.3986s avg_client_train_time=0.010594s max_client_train_time=0.108920s min_client_train_time=0.006090s median_client_train_time=0.008359s aggregation_time=0.1965s round_time=7.1272s
2026-06-24 19:05:15,045 P89007 INFO ********* Train Turn 855 *********
2026-06-24 19:05:21,681 P89007 INFO Clients average loss: 0.28372374176979065
2026-06-24 19:05:21,682 P89007 INFO [Time] turn=855 local_train_time=6.0040s avg_client_train_time=0.009940s max_client_train_time=0.037117s min_client_train_time=0.005999s median_client_train_time=0.008541s aggregation_time=0.1485s round_time=6.6371s
2026-06-24 19:05:21,682 P89007 INFO ********* Train Turn 856 *********
2026-06-24 19:30:30,897 P89007 INFO Clients average loss: 0.29043376445770264
2026-06-24 19:30:30,898 P89007 INFO [Time] turn=856 local_train_time=6.6398s avg_client_train_time=0.010993s max_client_train_time=0.139438s min_client_train_time=0.006076s median_client_train_time=0.008586s aggregation_time=0.2191s round_time=7.3830s
2026-06-24 19:30:30,898 P89007 INFO ********* Train Turn 857 *********
2026-06-24 19:30:37,586 P89007 INFO Clients average loss: 0.2856847643852234
2026-06-24 19:30:37,586 P89007 INFO [Time] turn=857 local_train_time=6.0358s avg_client_train_time=0.009993s max_client_train_time=0.038049s min_client_train_time=0.006065s median_client_train_time=0.008553s aggregation_time=0.1635s round_time=6.6882s
2026-06-24 19:30:37,586 P89007 INFO ********* Train Turn 858 *********
2026-06-24 20:53:55,010 P89007 INFO Clients average loss: 0.28903844952583313
2026-06-24 20:53:55,011 P89007 INFO [Time] turn=858 local_train_time=6.1278s avg_client_train_time=0.010145s max_client_train_time=0.135169s min_client_train_time=0.006067s median_client_train_time=0.008430s aggregation_time=0.1644s round_time=6.7872s
2026-06-24 20:53:55,011 P89007 INFO ********* Train Turn 859 *********
2026-06-24 20:54:47,024 P89007 INFO Clients average loss: 0.2828728258609772
2026-06-24 20:54:47,024 P89007 INFO [Time] turn=859 local_train_time=6.1662s avg_client_train_time=0.010209s max_client_train_time=0.110213s min_client_train_time=0.006133s median_client_train_time=0.008800s aggregation_time=0.1432s round_time=6.7985s
2026-06-24 20:54:47,024 P89007 INFO ********* Eval @ Turn 859 *********
2026-06-24 20:54:47,024 P89007 INFO [EvalRoundClientTime] turn=859 avg=0.010209s max=0.110213s min=0.006133s median=0.008800s
2026-06-24 20:54:53,823 P89007 INFO [Metrics] logloss: 0.897721 - MRR: 0.320996 - NDCG(5): 0.314245 - HR(5): 0.418709 - NDCG(10): 0.369536 - HR(10): 0.591556 - NDCG(20): 0.411435 - HR(20): 0.756623 - NDCG(50): 0.447882 - HR(50): 0.936424
2026-06-24 20:54:53,824 P89007 INFO [Time] eval_time=6.7990s
2026-06-24 20:54:53,824 P89007 INFO ********* Train Turn 860 *********
2026-06-24 20:55:42,361 P89007 INFO Clients average loss: 0.2885405719280243
2026-06-24 20:55:42,361 P89007 INFO [Time] turn=860 local_train_time=5.8609s avg_client_train_time=0.009703s max_client_train_time=0.117000s min_client_train_time=0.006043s median_client_train_time=0.008296s aggregation_time=0.1577s round_time=6.5994s
2026-06-24 20:55:42,361 P89007 INFO ********* Train Turn 861 *********
2026-06-24 20:55:49,167 P89007 INFO Clients average loss: 0.28762558102607727
2026-06-24 20:55:49,168 P89007 INFO [Time] turn=861 local_train_time=6.1712s avg_client_train_time=0.010217s max_client_train_time=0.077621s min_client_train_time=0.006154s median_client_train_time=0.008809s aggregation_time=0.1401s round_time=6.8061s
2026-06-24 20:55:49,168 P89007 INFO ********* Train Turn 862 *********
2026-06-24 21:17:34,540 P89007 INFO Clients average loss: 0.2806149125099182
2026-06-24 21:17:34,542 P89007 INFO [Time] turn=862 local_train_time=7.1238s avg_client_train_time=0.011794s max_client_train_time=0.438414s min_client_train_time=0.005963s median_client_train_time=0.008941s aggregation_time=0.2194s round_time=7.8851s
2026-06-24 21:17:34,542 P89007 INFO ********* Train Turn 863 *********
2026-06-24 21:17:42,483 P89007 INFO Clients average loss: 0.2889711260795593
2026-06-24 21:17:42,484 P89007 INFO [Time] turn=863 local_train_time=7.5144s avg_client_train_time=0.012441s max_client_train_time=0.227267s min_client_train_time=0.005956s median_client_train_time=0.008761s aggregation_time=0.1973s round_time=8.2886s
2026-06-24 21:17:42,484 P89007 INFO ********* Train Turn 864 *********
2026-06-24 21:17:50,525 P89007 INFO Clients average loss: 0.2880127429962158
2026-06-24 21:17:50,526 P89007 INFO [Time] turn=864 local_train_time=7.2531s avg_client_train_time=0.012009s max_client_train_time=0.269642s min_client_train_time=0.006147s median_client_train_time=0.009111s aggregation_time=0.2005s round_time=8.0423s
2026-06-24 21:17:50,526 P89007 INFO ********* Train Turn 865 *********
2026-06-24 21:17:57,060 P89007 INFO Clients average loss: 0.29153549671173096
2026-06-24 21:17:57,060 P89007 INFO [Time] turn=865 local_train_time=5.9024s avg_client_train_time=0.009772s max_client_train_time=0.034462s min_client_train_time=0.006079s median_client_train_time=0.008419s aggregation_time=0.1407s round_time=6.5338s
2026-06-24 21:17:57,060 P89007 INFO ********* Train Turn 866 *********
2026-06-24 21:18:03,788 P89007 INFO Clients average loss: 0.29248082637786865
2026-06-24 21:18:03,789 P89007 INFO [Time] turn=866 local_train_time=6.0870s avg_client_train_time=0.010078s max_client_train_time=0.037267s min_client_train_time=0.006037s median_client_train_time=0.008573s aggregation_time=0.1534s round_time=6.7283s
2026-06-24 21:18:03,789 P89007 INFO ********* Train Turn 867 *********
2026-06-24 21:18:56,340 P89007 INFO Clients average loss: 0.2813490033149719
2026-06-24 21:18:56,340 P89007 INFO [Time] turn=867 local_train_time=6.2298s avg_client_train_time=0.010314s max_client_train_time=0.141105s min_client_train_time=0.006181s median_client_train_time=0.008520s aggregation_time=0.1700s round_time=6.9107s
2026-06-24 21:18:56,340 P89007 INFO ********* Train Turn 868 *********
2026-06-24 21:19:03,157 P89007 INFO Clients average loss: 0.2900962233543396
2026-06-24 21:19:03,158 P89007 INFO [Time] turn=868 local_train_time=6.1699s avg_client_train_time=0.010215s max_client_train_time=0.047126s min_client_train_time=0.006058s median_client_train_time=0.008871s aggregation_time=0.1413s round_time=6.8179s
2026-06-24 21:19:03,158 P89007 INFO ********* Train Turn 869 *********
2026-06-24 21:19:10,027 P89007 INFO Clients average loss: 0.2860851585865021
2026-06-24 21:19:10,028 P89007 INFO [Time] turn=869 local_train_time=6.2124s avg_client_train_time=0.010285s max_client_train_time=0.070241s min_client_train_time=0.006147s median_client_train_time=0.008569s aggregation_time=0.1654s round_time=6.8696s
2026-06-24 21:19:10,028 P89007 INFO ********* Eval @ Turn 869 *********
2026-06-24 21:19:10,028 P89007 INFO [EvalRoundClientTime] turn=869 avg=0.010285s max=0.070241s min=0.006147s median=0.008569s
2026-06-24 21:19:16,665 P89007 INFO [Metrics] logloss: 1.037182 - MRR: 0.322951 - NDCG(5): 0.314821 - HR(5): 0.416060 - NDCG(10): 0.371234 - HR(10): 0.592715 - NDCG(20): 0.413320 - HR(20): 0.758609 - NDCG(50): 0.449191 - HR(50): 0.935762
2026-06-24 21:19:16,666 P89007 INFO [Time] eval_time=6.6382s
2026-06-24 21:19:16,666 P89007 INFO ********* Train Turn 870 *********
2026-06-24 21:19:22,633 P89007 INFO Clients average loss: 0.28905558586120605
2026-06-24 21:19:22,634 P89007 INFO [Time] turn=870 local_train_time=5.3228s avg_client_train_time=0.008813s max_client_train_time=0.028622s min_client_train_time=0.006015s median_client_train_time=0.007666s aggregation_time=0.1530s round_time=5.9677s
2026-06-24 21:19:22,634 P89007 INFO ********* Train Turn 871 *********
2026-06-24 21:19:29,095 P89007 INFO Clients average loss: 0.28426992893218994
2026-06-24 21:19:29,097 P89007 INFO [Time] turn=871 local_train_time=5.8374s avg_client_train_time=0.009665s max_client_train_time=0.028965s min_client_train_time=0.006070s median_client_train_time=0.008435s aggregation_time=0.1408s round_time=6.4631s
2026-06-24 21:19:29,097 P89007 INFO ********* Train Turn 872 *********
2026-06-24 21:19:35,656 P89007 INFO Clients average loss: 0.2834117114543915
2026-06-24 21:19:35,657 P89007 INFO [Time] turn=872 local_train_time=5.9354s avg_client_train_time=0.009827s max_client_train_time=0.032631s min_client_train_time=0.006023s median_client_train_time=0.008501s aggregation_time=0.1391s round_time=6.5598s
2026-06-24 21:19:35,657 P89007 INFO ********* Train Turn 873 *********
2026-06-24 21:20:34,836 P89007 INFO Clients average loss: 0.28678202629089355
2026-06-24 21:20:34,837 P89007 INFO [Time] turn=873 local_train_time=6.2796s avg_client_train_time=0.010397s max_client_train_time=0.120015s min_client_train_time=0.006008s median_client_train_time=0.008580s aggregation_time=0.1439s round_time=6.9122s
2026-06-24 21:20:34,837 P89007 INFO ********* Train Turn 874 *********
2026-06-24 21:20:41,780 P89007 INFO Clients average loss: 0.284467875957489
2026-06-24 21:20:41,781 P89007 INFO [Time] turn=874 local_train_time=6.3139s avg_client_train_time=0.010454s max_client_train_time=0.056009s min_client_train_time=0.006016s median_client_train_time=0.008822s aggregation_time=0.1380s round_time=6.9446s
2026-06-24 21:20:41,781 P89007 INFO ********* Train Turn 875 *********
2026-06-24 21:20:48,505 P89007 INFO Clients average loss: 0.2820819616317749
2026-06-24 21:20:48,505 P89007 INFO [Time] turn=875 local_train_time=6.0876s avg_client_train_time=0.010079s max_client_train_time=0.030621s min_client_train_time=0.006068s median_client_train_time=0.008722s aggregation_time=0.1427s round_time=6.7235s
2026-06-24 21:20:48,505 P89007 INFO ********* Train Turn 876 *********
2026-06-24 21:20:55,248 P89007 INFO Clients average loss: 0.29135358333587646
2026-06-24 21:20:55,249 P89007 INFO [Time] turn=876 local_train_time=6.1187s avg_client_train_time=0.010130s max_client_train_time=0.036409s min_client_train_time=0.006233s median_client_train_time=0.008584s aggregation_time=0.1394s round_time=6.7436s
2026-06-24 21:20:55,249 P89007 INFO ********* Train Turn 877 *********
2026-06-24 21:21:01,928 P89007 INFO Clients average loss: 0.2819587290287018
2026-06-24 21:21:01,929 P89007 INFO [Time] turn=877 local_train_time=6.0552s avg_client_train_time=0.010025s max_client_train_time=0.047762s min_client_train_time=0.005971s median_client_train_time=0.008572s aggregation_time=0.1366s round_time=6.6798s
2026-06-24 21:21:01,929 P89007 INFO ********* Train Turn 878 *********
2026-06-24 21:21:08,431 P89007 INFO Clients average loss: 0.2880856394767761
2026-06-24 21:21:08,431 P89007 INFO [Time] turn=878 local_train_time=5.8777s avg_client_train_time=0.009731s max_client_train_time=0.032205s min_client_train_time=0.006002s median_client_train_time=0.008488s aggregation_time=0.1402s round_time=6.5023s
2026-06-24 21:21:08,431 P89007 INFO ********* Train Turn 879 *********
2026-06-24 21:21:15,530 P89007 INFO Clients average loss: 0.2890586256980896
2026-06-24 21:21:15,530 P89007 INFO [Time] turn=879 local_train_time=6.4664s avg_client_train_time=0.010706s max_client_train_time=0.078314s min_client_train_time=0.006205s median_client_train_time=0.008848s aggregation_time=0.1375s round_time=7.0992s
2026-06-24 21:21:15,530 P89007 INFO ********* Eval @ Turn 879 *********
2026-06-24 21:21:15,530 P89007 INFO [EvalRoundClientTime] turn=879 avg=0.010706s max=0.078314s min=0.006205s median=0.008848s
2026-06-24 21:22:03,187 P89007 INFO [Metrics] logloss: 1.072211 - MRR: 0.323892 - NDCG(5): 0.315100 - HR(5): 0.415066 - NDCG(10): 0.371901 - HR(10): 0.593046 - NDCG(20): 0.414487 - HR(20): 0.760762 - NDCG(50): 0.449876 - HR(50): 0.935099
2026-06-24 21:22:03,188 P89007 INFO [Time] eval_time=6.9115s
2026-06-24 21:22:03,188 P89007 INFO ********* Train Turn 880 *********
2026-06-24 21:22:09,352 P89007 INFO Clients average loss: 0.2860329747200012
2026-06-24 21:22:09,353 P89007 INFO [Time] turn=880 local_train_time=5.5161s avg_client_train_time=0.009133s max_client_train_time=0.042545s min_client_train_time=0.005886s median_client_train_time=0.007794s aggregation_time=0.1549s round_time=6.1650s
2026-06-24 21:22:09,353 P89007 INFO ********* Train Turn 881 *********
2026-06-24 21:22:15,957 P89007 INFO Clients average loss: 0.2859668731689453
2026-06-24 21:22:15,957 P89007 INFO [Time] turn=881 local_train_time=5.9800s avg_client_train_time=0.009901s max_client_train_time=0.038296s min_client_train_time=0.006008s median_client_train_time=0.008555s aggregation_time=0.1394s round_time=6.6037s
2026-06-24 21:22:15,957 P89007 INFO ********* Train Turn 882 *********
2026-06-24 21:22:22,872 P89007 INFO Clients average loss: 0.28309762477874756
2026-06-24 21:22:22,872 P89007 INFO [Time] turn=882 local_train_time=6.2053s avg_client_train_time=0.010274s max_client_train_time=0.048576s min_client_train_time=0.005990s median_client_train_time=0.008665s aggregation_time=0.1381s round_time=6.9148s
2026-06-24 21:22:22,872 P89007 INFO ********* Train Turn 883 *********
2026-06-24 21:22:29,439 P89007 INFO Clients average loss: 0.27921947836875916
2026-06-24 21:22:29,439 P89007 INFO [Time] turn=883 local_train_time=5.9419s avg_client_train_time=0.009838s max_client_train_time=0.037203s min_client_train_time=0.006210s median_client_train_time=0.008515s aggregation_time=0.1391s round_time=6.5671s
2026-06-24 21:22:29,439 P89007 INFO ********* Train Turn 884 *********
2026-06-24 21:22:36,427 P89007 INFO Clients average loss: 0.2924516797065735
2026-06-24 21:22:36,427 P89007 INFO [Time] turn=884 local_train_time=6.3614s avg_client_train_time=0.010532s max_client_train_time=0.033351s min_client_train_time=0.005964s median_client_train_time=0.008824s aggregation_time=0.1404s round_time=6.9879s
2026-06-24 21:22:36,427 P89007 INFO ********* Train Turn 885 *********
2026-06-24 21:22:43,090 P89007 INFO Clients average loss: 0.2932452857494354
2026-06-24 21:22:43,091 P89007 INFO [Time] turn=885 local_train_time=6.0388s avg_client_train_time=0.009998s max_client_train_time=0.034807s min_client_train_time=0.006021s median_client_train_time=0.008591s aggregation_time=0.1392s round_time=6.6634s
2026-06-24 21:22:43,091 P89007 INFO ********* Train Turn 886 *********
2026-06-24 21:23:33,805 P89007 INFO Clients average loss: 0.28947538137435913
2026-06-24 21:23:33,806 P89007 INFO [Time] turn=886 local_train_time=6.3068s avg_client_train_time=0.010442s max_client_train_time=0.131544s min_client_train_time=0.006115s median_client_train_time=0.008532s aggregation_time=0.1354s round_time=6.9285s
2026-06-24 21:23:33,806 P89007 INFO ********* Train Turn 887 *********
2026-06-24 21:23:40,711 P89007 INFO Clients average loss: 0.2902234196662903
2026-06-24 21:23:40,712 P89007 INFO [Time] turn=887 local_train_time=6.2741s avg_client_train_time=0.010388s max_client_train_time=0.034191s min_client_train_time=0.006137s median_client_train_time=0.008796s aggregation_time=0.1436s round_time=6.9057s
2026-06-24 21:23:40,712 P89007 INFO ********* Train Turn 888 *********
2026-06-24 21:23:47,465 P89007 INFO Clients average loss: 0.2895991802215576
2026-06-24 21:23:47,465 P89007 INFO [Time] turn=888 local_train_time=6.1303s avg_client_train_time=0.010150s max_client_train_time=0.037391s min_client_train_time=0.006057s median_client_train_time=0.008625s aggregation_time=0.1396s round_time=6.7537s
2026-06-24 21:23:47,465 P89007 INFO ********* Train Turn 889 *********
2026-06-24 21:23:54,280 P89007 INFO Clients average loss: 0.28742092847824097
2026-06-24 21:23:54,281 P89007 INFO [Time] turn=889 local_train_time=6.1735s avg_client_train_time=0.010221s max_client_train_time=0.032054s min_client_train_time=0.006034s median_client_train_time=0.008657s aggregation_time=0.1581s round_time=6.8153s
2026-06-24 21:23:54,281 P89007 INFO ********* Eval @ Turn 889 *********
2026-06-24 21:23:54,281 P89007 INFO [EvalRoundClientTime] turn=889 avg=0.010221s max=0.032054s min=0.006034s median=0.008657s
2026-06-24 21:24:01,121 P89007 INFO [Metrics] logloss: 1.089079 - MRR: 0.324313 - NDCG(5): 0.315440 - HR(5): 0.415066 - NDCG(10): 0.370512 - HR(10): 0.587583 - NDCG(20): 0.416732 - HR(20): 0.770199 - NDCG(50): 0.450345 - HR(50): 0.935430
2026-06-24 21:24:01,123 P89007 INFO [Time] eval_time=6.8419s
2026-06-24 21:24:01,123 P89007 INFO ********* Train Turn 890 *********
2026-06-24 21:24:07,326 P89007 INFO Clients average loss: 0.28619664907455444
2026-06-24 21:24:07,327 P89007 INFO [Time] turn=890 local_train_time=5.4768s avg_client_train_time=0.009068s max_client_train_time=0.031614s min_client_train_time=0.006017s median_client_train_time=0.007696s aggregation_time=0.1517s round_time=6.2038s
2026-06-24 21:24:07,327 P89007 INFO ********* Train Turn 891 *********
2026-06-24 21:24:13,835 P89007 INFO Clients average loss: 0.28060340881347656
2026-06-24 21:24:13,836 P89007 INFO [Time] turn=891 local_train_time=5.8870s avg_client_train_time=0.009747s max_client_train_time=0.037015s min_client_train_time=0.006024s median_client_train_time=0.008552s aggregation_time=0.1381s round_time=6.5094s
2026-06-24 21:24:13,836 P89007 INFO ********* Train Turn 892 *********
2026-06-24 21:25:11,298 P89007 INFO Clients average loss: 0.29101914167404175
2026-06-24 21:25:11,298 P89007 INFO [Time] turn=892 local_train_time=6.1520s avg_client_train_time=0.010185s max_client_train_time=0.137571s min_client_train_time=0.006074s median_client_train_time=0.008613s aggregation_time=0.1384s round_time=6.7768s
2026-06-24 21:25:11,298 P89007 INFO ********* Train Turn 893 *********
2026-06-24 21:25:18,162 P89007 INFO Clients average loss: 0.2825326919555664
2026-06-24 21:25:18,163 P89007 INFO [Time] turn=893 local_train_time=6.2301s avg_client_train_time=0.010315s max_client_train_time=0.043880s min_client_train_time=0.005949s median_client_train_time=0.008651s aggregation_time=0.1376s round_time=6.8643s
2026-06-24 21:25:18,163 P89007 INFO ********* Train Turn 894 *********
2026-06-24 21:25:25,079 P89007 INFO Clients average loss: 0.28344205021858215
2026-06-24 21:25:25,080 P89007 INFO [Time] turn=894 local_train_time=6.2938s avg_client_train_time=0.010420s max_client_train_time=0.026424s min_client_train_time=0.006068s median_client_train_time=0.008850s aggregation_time=0.1353s round_time=6.9175s
2026-06-24 21:25:25,080 P89007 INFO ********* Train Turn 895 *********
2026-06-24 21:25:31,727 P89007 INFO Clients average loss: 0.2886101305484772
2026-06-24 21:25:31,728 P89007 INFO [Time] turn=895 local_train_time=6.0257s avg_client_train_time=0.009976s max_client_train_time=0.039389s min_client_train_time=0.006070s median_client_train_time=0.008605s aggregation_time=0.1376s round_time=6.6476s
2026-06-24 21:25:31,728 P89007 INFO ********* Train Turn 896 *********
2026-06-24 21:25:38,453 P89007 INFO Clients average loss: 0.277615487575531
2026-06-24 21:25:38,454 P89007 INFO [Time] turn=896 local_train_time=6.1020s avg_client_train_time=0.010103s max_client_train_time=0.033434s min_client_train_time=0.006131s median_client_train_time=0.008748s aggregation_time=0.1383s round_time=6.7257s
2026-06-24 21:25:38,454 P89007 INFO ********* Train Turn 897 *********
2026-06-24 21:25:45,155 P89007 INFO Clients average loss: 0.28280383348464966
2026-06-24 21:25:45,155 P89007 INFO [Time] turn=897 local_train_time=6.0747s avg_client_train_time=0.010057s max_client_train_time=0.032292s min_client_train_time=0.005941s median_client_train_time=0.008658s aggregation_time=0.1428s round_time=6.7013s
2026-06-24 21:25:45,155 P89007 INFO ********* Train Turn 898 *********
2026-06-24 21:25:51,891 P89007 INFO Clients average loss: 0.2747263014316559
2026-06-24 21:25:51,893 P89007 INFO [Time] turn=898 local_train_time=6.1146s avg_client_train_time=0.010123s max_client_train_time=0.034693s min_client_train_time=0.006173s median_client_train_time=0.008619s aggregation_time=0.1381s round_time=6.7373s
2026-06-24 21:25:51,893 P89007 INFO ********* Train Turn 899 *********
2026-06-24 21:42:33,992 P89007 INFO Clients average loss: 0.291096568107605
2026-06-24 21:42:33,993 P89007 INFO [Time] turn=899 local_train_time=6.4468s avg_client_train_time=0.010673s max_client_train_time=0.126202s min_client_train_time=0.005961s median_client_train_time=0.008920s aggregation_time=0.1415s round_time=7.0824s
2026-06-24 21:42:33,993 P89007 INFO ********* Eval @ Turn 899 *********
2026-06-24 21:42:33,993 P89007 INFO [EvalRoundClientTime] turn=899 avg=0.010673s max=0.126202s min=0.005961s median=0.008920s
2026-06-24 21:42:40,531 P89007 INFO [Metrics] logloss: 1.072445 - MRR: 0.326156 - NDCG(5): 0.317126 - HR(5): 0.414735 - NDCG(10): 0.369731 - HR(10): 0.580132 - NDCG(20): 0.417051 - HR(20): 0.765563 - NDCG(50): 0.451518 - HR(50): 0.935099
2026-06-24 21:42:40,532 P89007 INFO [Time] eval_time=6.5387s
2026-06-24 21:42:40,532 P89007 INFO ********* Train Turn 900 *********
2026-06-24 21:42:46,347 P89007 INFO Clients average loss: 0.28097841143608093
2026-06-24 21:42:46,349 P89007 INFO [Time] turn=900 local_train_time=5.1712s avg_client_train_time=0.008562s max_client_train_time=0.031713s min_client_train_time=0.005980s median_client_train_time=0.007602s aggregation_time=0.1490s round_time=5.8166s
2026-06-24 21:42:46,349 P89007 INFO ********* Train Turn 901 *********
2026-06-24 21:42:52,909 P89007 INFO Clients average loss: 0.2807715833187103
2026-06-24 21:42:52,910 P89007 INFO [Time] turn=901 local_train_time=5.9310s avg_client_train_time=0.009820s max_client_train_time=0.042895s min_client_train_time=0.006103s median_client_train_time=0.008412s aggregation_time=0.1438s round_time=6.5609s
2026-06-24 21:42:52,910 P89007 INFO ********* Train Turn 902 *********
2026-06-24 21:42:59,657 P89007 INFO Clients average loss: 0.28587448596954346
2026-06-24 21:42:59,657 P89007 INFO [Time] turn=902 local_train_time=6.1108s avg_client_train_time=0.010117s max_client_train_time=0.034467s min_client_train_time=0.005973s median_client_train_time=0.008698s aggregation_time=0.1491s round_time=6.7472s
2026-06-24 21:42:59,657 P89007 INFO ********* Train Turn 903 *********
2026-06-24 21:43:06,381 P89007 INFO Clients average loss: 0.2836739122867584
2026-06-24 21:43:06,382 P89007 INFO [Time] turn=903 local_train_time=6.0441s avg_client_train_time=0.010007s max_client_train_time=0.033563s min_client_train_time=0.006092s median_client_train_time=0.008575s aggregation_time=0.1960s round_time=6.7253s
2026-06-24 21:43:06,382 P89007 INFO ********* Train Turn 904 *********
2026-06-24 21:43:13,733 P89007 INFO Clients average loss: 0.2880556583404541
2026-06-24 21:43:13,735 P89007 INFO [Time] turn=904 local_train_time=6.7156s avg_client_train_time=0.011118s max_client_train_time=0.040364s min_client_train_time=0.006088s median_client_train_time=0.009270s aggregation_time=0.1482s round_time=7.3526s
2026-06-24 21:43:13,735 P89007 INFO ********* Train Turn 905 *********
2026-06-24 21:58:23,096 P89007 INFO Clients average loss: 0.2849750220775604
2026-06-24 21:58:23,097 P89007 INFO [Time] turn=905 local_train_time=6.7442s avg_client_train_time=0.011166s max_client_train_time=0.140222s min_client_train_time=0.006028s median_client_train_time=0.009405s aggregation_time=0.1527s round_time=7.3881s
2026-06-24 21:58:23,098 P89007 INFO ********* Train Turn 906 *********
2026-06-24 21:58:30,194 P89007 INFO Clients average loss: 0.28002145886421204
2026-06-24 21:58:30,195 P89007 INFO [Time] turn=906 local_train_time=6.4580s avg_client_train_time=0.010692s max_client_train_time=0.031388s min_client_train_time=0.006024s median_client_train_time=0.009194s aggregation_time=0.1515s round_time=7.0974s
2026-06-24 21:58:30,195 P89007 INFO ********* Train Turn 907 *********
2026-06-24 21:58:37,432 P89007 INFO Clients average loss: 0.28787195682525635
2026-06-24 21:58:37,433 P89007 INFO [Time] turn=907 local_train_time=6.5726s avg_client_train_time=0.010882s max_client_train_time=0.038437s min_client_train_time=0.006069s median_client_train_time=0.009294s aggregation_time=0.1768s round_time=7.2381s
2026-06-24 21:58:37,433 P89007 INFO ********* Train Turn 908 *********
2026-06-24 21:58:44,630 P89007 INFO Clients average loss: 0.28504377603530884
2026-06-24 21:58:44,633 P89007 INFO [Time] turn=908 local_train_time=6.5665s avg_client_train_time=0.010872s max_client_train_time=0.032111s min_client_train_time=0.006152s median_client_train_time=0.009394s aggregation_time=0.1470s round_time=7.2002s
2026-06-24 21:58:44,634 P89007 INFO ********* Train Turn 909 *********
2026-06-24 21:58:51,928 P89007 INFO Clients average loss: 0.28865912556648254
2026-06-24 21:58:51,929 P89007 INFO [Time] turn=909 local_train_time=6.6641s avg_client_train_time=0.011033s max_client_train_time=0.045364s min_client_train_time=0.006215s median_client_train_time=0.009300s aggregation_time=0.1428s round_time=7.2950s
2026-06-24 21:58:51,929 P89007 INFO ********* Eval @ Turn 909 *********
2026-06-24 21:58:51,929 P89007 INFO [EvalRoundClientTime] turn=909 avg=0.011033s max=0.045364s min=0.006215s median=0.009300s
2026-06-24 21:58:58,508 P89007 INFO [Metrics] logloss: 0.958585 - MRR: 0.330508 - NDCG(5): 0.321583 - HR(5): 0.418212 - NDCG(10): 0.373072 - HR(10): 0.579801 - NDCG(20): 0.420604 - HR(20): 0.766225 - NDCG(50): 0.455087 - HR(50): 0.936093
2026-06-24 21:58:58,509 P89007 INFO [Time] eval_time=6.5804s
2026-06-24 21:58:58,509 P89007 INFO ********* Train Turn 910 *********
2026-06-24 21:59:05,433 P89007 INFO Clients average loss: 0.2805921137332916
2026-06-24 21:59:05,433 P89007 INFO [Time] turn=910 local_train_time=6.2701s avg_client_train_time=0.010381s max_client_train_time=0.033852s min_client_train_time=0.005962s median_client_train_time=0.008875s aggregation_time=0.1568s round_time=6.9239s
2026-06-24 21:59:05,433 P89007 INFO ********* Train Turn 911 *********
2026-06-24 22:14:57,070 P89007 INFO Clients average loss: 0.29890233278274536
2026-06-24 22:14:57,070 P89007 INFO [Time] turn=911 local_train_time=7.0133s avg_client_train_time=0.011611s max_client_train_time=0.148569s min_client_train_time=0.006230s median_client_train_time=0.009491s aggregation_time=0.1446s round_time=7.6484s
2026-06-24 22:14:57,070 P89007 INFO ********* Train Turn 912 *********
2026-06-24 22:15:04,516 P89007 INFO Clients average loss: 0.2908642888069153
2026-06-24 22:15:04,517 P89007 INFO [Time] turn=912 local_train_time=6.7007s avg_client_train_time=0.011094s max_client_train_time=0.048324s min_client_train_time=0.006257s median_client_train_time=0.009341s aggregation_time=0.1453s round_time=7.4464s
2026-06-24 22:15:04,517 P89007 INFO ********* Train Turn 913 *********
2026-06-24 22:15:11,658 P89007 INFO Clients average loss: 0.28229138255119324
2026-06-24 22:15:11,658 P89007 INFO [Time] turn=913 local_train_time=6.5145s avg_client_train_time=0.010786s max_client_train_time=0.033977s min_client_train_time=0.006011s median_client_train_time=0.009272s aggregation_time=0.1417s round_time=7.1417s
2026-06-24 22:15:11,658 P89007 INFO ********* Train Turn 914 *********
2026-06-24 22:15:19,268 P89007 INFO Clients average loss: 0.2808168828487396
2026-06-24 22:15:19,268 P89007 INFO [Time] turn=914 local_train_time=6.9650s avg_client_train_time=0.011531s max_client_train_time=0.053723s min_client_train_time=0.006047s median_client_train_time=0.009592s aggregation_time=0.1480s round_time=7.6096s
2026-06-24 22:15:19,268 P89007 INFO ********* Train Turn 915 *********
2026-06-24 22:15:26,520 P89007 INFO Clients average loss: 0.28331515192985535
2026-06-24 22:15:26,521 P89007 INFO [Time] turn=915 local_train_time=6.6199s avg_client_train_time=0.010960s max_client_train_time=0.045494s min_client_train_time=0.006010s median_client_train_time=0.009388s aggregation_time=0.1459s round_time=7.2528s
2026-06-24 22:15:26,521 P89007 INFO ********* Train Turn 916 *********
2026-06-24 22:15:34,158 P89007 INFO Clients average loss: 0.293143093585968
2026-06-24 22:15:34,159 P89007 INFO [Time] turn=916 local_train_time=6.9446s avg_client_train_time=0.011498s max_client_train_time=0.120409s min_client_train_time=0.006065s median_client_train_time=0.009615s aggregation_time=0.1729s round_time=7.6373s
2026-06-24 22:15:34,159 P89007 INFO ********* Train Turn 917 *********
2026-06-24 22:32:27,959 P89007 INFO Clients average loss: 0.2806737422943115
2026-06-24 22:32:27,959 P89007 INFO [Time] turn=917 local_train_time=7.1335s avg_client_train_time=0.011811s max_client_train_time=0.117924s min_client_train_time=0.005975s median_client_train_time=0.009793s aggregation_time=0.1527s round_time=7.7872s
2026-06-24 22:32:27,959 P89007 INFO ********* Train Turn 918 *********
2026-06-24 22:32:35,312 P89007 INFO Clients average loss: 0.28376275300979614
2026-06-24 22:32:35,313 P89007 INFO [Time] turn=918 local_train_time=6.7020s avg_client_train_time=0.011096s max_client_train_time=0.039008s min_client_train_time=0.006030s median_client_train_time=0.009355s aggregation_time=0.1595s round_time=7.3537s
2026-06-24 22:32:35,313 P89007 INFO ********* Train Turn 919 *********
2026-06-24 22:32:42,674 P89007 INFO Clients average loss: 0.2880987823009491
2026-06-24 22:32:42,675 P89007 INFO [Time] turn=919 local_train_time=6.6962s avg_client_train_time=0.011086s max_client_train_time=0.036051s min_client_train_time=0.006121s median_client_train_time=0.009401s aggregation_time=0.1790s round_time=7.3616s
2026-06-24 22:32:42,675 P89007 INFO ********* Eval @ Turn 919 *********
2026-06-24 22:32:42,675 P89007 INFO [EvalRoundClientTime] turn=919 avg=0.011086s max=0.036051s min=0.006121s median=0.009401s
2026-06-24 22:32:49,256 P89007 INFO [Metrics] logloss: 0.950253 - MRR: 0.329574 - NDCG(5): 0.321696 - HR(5): 0.420530 - NDCG(10): 0.371847 - HR(10): 0.577815 - NDCG(20): 0.420064 - HR(20): 0.767053 - NDCG(50): 0.454513 - HR(50): 0.936258
2026-06-24 22:32:49,257 P89007 INFO [Time] eval_time=6.5822s
2026-06-24 22:32:49,257 P89007 INFO ********* Train Turn 920 *********
2026-06-24 22:32:55,971 P89007 INFO Clients average loss: 0.2817876935005188
2026-06-24 22:32:55,972 P89007 INFO [Time] turn=920 local_train_time=5.9838s avg_client_train_time=0.009907s max_client_train_time=0.024983s min_client_train_time=0.006092s median_client_train_time=0.008482s aggregation_time=0.1600s round_time=6.7148s
2026-06-24 22:32:55,972 P89007 INFO ********* Train Turn 921 *********
2026-06-24 22:33:03,088 P89007 INFO Clients average loss: 0.2829205095767975
2026-06-24 22:33:03,088 P89007 INFO [Time] turn=921 local_train_time=6.4839s avg_client_train_time=0.010735s max_client_train_time=0.035125s min_client_train_time=0.005749s median_client_train_time=0.009209s aggregation_time=0.1442s round_time=7.1160s
2026-06-24 22:33:03,088 P89007 INFO ********* Train Turn 922 *********
2026-06-24 22:33:10,186 P89007 INFO Clients average loss: 0.2857950031757355
2026-06-24 22:33:10,186 P89007 INFO [Time] turn=922 local_train_time=6.4632s avg_client_train_time=0.010701s max_client_train_time=0.029243s min_client_train_time=0.006129s median_client_train_time=0.009130s aggregation_time=0.1460s round_time=7.0983s
2026-06-24 22:33:10,186 P89007 INFO ********* Train Turn 923 *********
2026-06-24 22:33:17,366 P89007 INFO Clients average loss: 0.28715232014656067
2026-06-24 22:33:17,366 P89007 INFO [Time] turn=923 local_train_time=6.5463s avg_client_train_time=0.010838s max_client_train_time=0.041191s min_client_train_time=0.006077s median_client_train_time=0.009301s aggregation_time=0.1453s round_time=7.1798s
2026-06-24 22:33:17,366 P89007 INFO ********* Train Turn 924 *********
2026-06-24 22:33:24,585 P89007 INFO Clients average loss: 0.2853027582168579
2026-06-24 22:33:24,586 P89007 INFO [Time] turn=924 local_train_time=6.5879s avg_client_train_time=0.010907s max_client_train_time=0.041121s min_client_train_time=0.006085s median_client_train_time=0.009200s aggregation_time=0.1409s round_time=7.2194s
2026-06-24 22:33:24,586 P89007 INFO ********* Train Turn 925 *********
2026-06-24 22:33:31,798 P89007 INFO Clients average loss: 0.2849113643169403
2026-06-24 22:33:31,798 P89007 INFO [Time] turn=925 local_train_time=6.5774s avg_client_train_time=0.010890s max_client_train_time=0.040771s min_client_train_time=0.006013s median_client_train_time=0.009195s aggregation_time=0.1470s round_time=7.2122s
2026-06-24 22:33:31,798 P89007 INFO ********* Train Turn 926 *********
2026-06-24 22:33:38,931 P89007 INFO Clients average loss: 0.28659969568252563
2026-06-24 22:33:38,932 P89007 INFO [Time] turn=926 local_train_time=6.4988s avg_client_train_time=0.010760s max_client_train_time=0.037894s min_client_train_time=0.005920s median_client_train_time=0.009115s aggregation_time=0.1486s round_time=7.1337s
2026-06-24 22:33:38,932 P89007 INFO ********* Train Turn 927 *********
2026-06-24 22:33:46,118 P89007 INFO Clients average loss: 0.2803110182285309
2026-06-24 22:33:46,119 P89007 INFO [Time] turn=927 local_train_time=6.5555s avg_client_train_time=0.010854s max_client_train_time=0.033207s min_client_train_time=0.006144s median_client_train_time=0.009290s aggregation_time=0.1448s round_time=7.1868s
2026-06-24 22:33:46,119 P89007 INFO ********* Train Turn 928 *********
2026-06-24 22:33:53,543 P89007 INFO Clients average loss: 0.2905190885066986
2026-06-24 22:33:53,544 P89007 INFO [Time] turn=928 local_train_time=6.7739s avg_client_train_time=0.011215s max_client_train_time=0.039702s min_client_train_time=0.006065s median_client_train_time=0.009422s aggregation_time=0.1455s round_time=7.4257s
2026-06-24 22:33:53,544 P89007 INFO ********* Train Turn 929 *********
2026-06-24 22:34:00,728 P89007 INFO Clients average loss: 0.2777552902698517
2026-06-24 22:34:00,728 P89007 INFO [Time] turn=929 local_train_time=6.5518s avg_client_train_time=0.010847s max_client_train_time=0.036316s min_client_train_time=0.005986s median_client_train_time=0.009285s aggregation_time=0.1447s round_time=7.1835s
2026-06-24 22:34:00,728 P89007 INFO ********* Eval @ Turn 929 *********
2026-06-24 22:34:00,728 P89007 INFO [EvalRoundClientTime] turn=929 avg=0.010847s max=0.036316s min=0.005986s median=0.009285s
2026-06-24 22:34:07,247 P89007 INFO [Metrics] logloss: 1.035818 - MRR: 0.334330 - NDCG(5): 0.324590 - HR(5): 0.420033 - NDCG(10): 0.377502 - HR(10): 0.585596 - NDCG(20): 0.424815 - HR(20): 0.771523 - NDCG(50): 0.458513 - HR(50): 0.937086
2026-06-24 22:34:07,248 P89007 INFO [Time] eval_time=6.5204s
2026-06-24 22:34:07,248 P89007 INFO ********* Train Turn 930 *********
2026-06-24 22:34:13,677 P89007 INFO Clients average loss: 0.2876552939414978
2026-06-24 22:34:13,679 P89007 INFO [Time] turn=930 local_train_time=5.7793s avg_client_train_time=0.009568s max_client_train_time=0.031003s min_client_train_time=0.006027s median_client_train_time=0.008288s aggregation_time=0.1621s round_time=6.4302s
2026-06-24 22:34:13,679 P89007 INFO ********* Train Turn 931 *********
2026-06-24 22:34:20,824 P89007 INFO Clients average loss: 0.2849923372268677
2026-06-24 22:34:20,826 P89007 INFO [Time] turn=931 local_train_time=6.5128s avg_client_train_time=0.010783s max_client_train_time=0.035988s min_client_train_time=0.006081s median_client_train_time=0.009020s aggregation_time=0.1463s round_time=7.1476s
2026-06-24 22:34:20,826 P89007 INFO ********* Train Turn 932 *********
2026-06-24 22:34:28,136 P89007 INFO Clients average loss: 0.2905829846858978
2026-06-24 22:34:28,137 P89007 INFO [Time] turn=932 local_train_time=6.6800s avg_client_train_time=0.011060s max_client_train_time=0.042573s min_client_train_time=0.006085s median_client_train_time=0.009294s aggregation_time=0.1449s round_time=7.3106s
2026-06-24 22:34:28,137 P89007 INFO ********* Train Turn 933 *********
2026-06-24 22:34:35,373 P89007 INFO Clients average loss: 0.28553715348243713
2026-06-24 22:34:35,374 P89007 INFO [Time] turn=933 local_train_time=6.6073s avg_client_train_time=0.010939s max_client_train_time=0.035401s min_client_train_time=0.006116s median_client_train_time=0.009132s aggregation_time=0.1446s round_time=7.2366s
2026-06-24 22:34:35,374 P89007 INFO ********* Train Turn 934 *********
2026-06-24 22:34:42,429 P89007 INFO Clients average loss: 0.2827969789505005
2026-06-24 22:34:42,429 P89007 INFO [Time] turn=934 local_train_time=6.4257s avg_client_train_time=0.010639s max_client_train_time=0.028415s min_client_train_time=0.006141s median_client_train_time=0.009236s aggregation_time=0.1444s round_time=7.0554s
2026-06-24 22:34:42,429 P89007 INFO ********* Train Turn 935 *********
2026-06-24 22:35:34,136 P89007 INFO Clients average loss: 0.2823862135410309
2026-06-24 22:35:34,137 P89007 INFO [Time] turn=935 local_train_time=6.9316s avg_client_train_time=0.011476s max_client_train_time=0.123676s min_client_train_time=0.006009s median_client_train_time=0.009654s aggregation_time=0.1448s round_time=7.5685s
2026-06-24 22:35:34,137 P89007 INFO ********* Train Turn 936 *********
2026-06-24 22:35:41,318 P89007 INFO Clients average loss: 0.28056421875953674
2026-06-24 22:35:41,318 P89007 INFO [Time] turn=936 local_train_time=6.5507s avg_client_train_time=0.010846s max_client_train_time=0.048899s min_client_train_time=0.006072s median_client_train_time=0.009294s aggregation_time=0.1454s round_time=7.1812s
2026-06-24 22:35:41,318 P89007 INFO ********* Train Turn 937 *********
2026-06-24 22:35:48,436 P89007 INFO Clients average loss: 0.277478963136673
2026-06-24 22:35:48,438 P89007 INFO [Time] turn=937 local_train_time=6.4920s avg_client_train_time=0.010748s max_client_train_time=0.034439s min_client_train_time=0.006043s median_client_train_time=0.009102s aggregation_time=0.1432s round_time=7.1196s
2026-06-24 22:35:48,438 P89007 INFO ********* Train Turn 938 *********
2026-06-24 22:35:55,705 P89007 INFO Clients average loss: 0.2867578864097595
2026-06-24 22:35:55,706 P89007 INFO [Time] turn=938 local_train_time=6.6379s avg_client_train_time=0.010990s max_client_train_time=0.037016s min_client_train_time=0.005953s median_client_train_time=0.009357s aggregation_time=0.1455s round_time=7.2687s
2026-06-24 22:35:55,706 P89007 INFO ********* Train Turn 939 *********
2026-06-24 22:36:02,919 P89007 INFO Clients average loss: 0.2855267822742462
2026-06-24 22:36:02,920 P89007 INFO [Time] turn=939 local_train_time=6.5858s avg_client_train_time=0.010904s max_client_train_time=0.034582s min_client_train_time=0.006189s median_client_train_time=0.009289s aggregation_time=0.1430s round_time=7.2133s
2026-06-24 22:36:02,920 P89007 INFO ********* Eval @ Turn 939 *********
2026-06-24 22:36:02,920 P89007 INFO [EvalRoundClientTime] turn=939 avg=0.010904s max=0.034582s min=0.006189s median=0.009289s
2026-06-24 22:36:09,749 P89007 INFO [Metrics] logloss: 0.927601 - MRR: 0.328471 - NDCG(5): 0.319648 - HR(5): 0.418212 - NDCG(10): 0.372915 - HR(10): 0.585099 - NDCG(20): 0.418826 - HR(20): 0.764901 - NDCG(50): 0.453818 - HR(50): 0.936589
2026-06-24 22:36:09,751 P89007 INFO [Time] eval_time=6.8314s
2026-06-24 22:36:09,751 P89007 INFO ********* Train Turn 940 *********
2026-06-24 22:36:16,502 P89007 INFO Clients average loss: 0.288356214761734
2026-06-24 22:36:16,502 P89007 INFO [Time] turn=940 local_train_time=6.0837s avg_client_train_time=0.010072s max_client_train_time=0.038472s min_client_train_time=0.006156s median_client_train_time=0.008544s aggregation_time=0.1537s round_time=6.7507s
2026-06-24 22:36:16,502 P89007 INFO ********* Train Turn 941 *********
2026-06-24 22:37:18,984 P89007 INFO Clients average loss: 0.27502644062042236
2026-06-24 22:37:18,984 P89007 INFO [Time] turn=941 local_train_time=6.7766s avg_client_train_time=0.011220s max_client_train_time=0.123845s min_client_train_time=0.006151s median_client_train_time=0.009340s aggregation_time=0.1421s round_time=7.4088s
2026-06-24 22:37:18,984 P89007 INFO ********* Train Turn 942 *********
2026-06-24 22:37:26,302 P89007 INFO Clients average loss: 0.28692853450775146
2026-06-24 22:37:26,302 P89007 INFO [Time] turn=942 local_train_time=6.5996s avg_client_train_time=0.010927s max_client_train_time=0.034112s min_client_train_time=0.005964s median_client_train_time=0.009267s aggregation_time=0.1434s round_time=7.3176s
2026-06-24 22:37:26,302 P89007 INFO ********* Train Turn 943 *********
2026-06-24 22:37:33,629 P89007 INFO Clients average loss: 0.2889605462551117
2026-06-24 22:37:33,629 P89007 INFO [Time] turn=943 local_train_time=6.6987s avg_client_train_time=0.011091s max_client_train_time=0.047196s min_client_train_time=0.006029s median_client_train_time=0.009348s aggregation_time=0.1426s round_time=7.3274s
2026-06-24 22:37:33,630 P89007 INFO ********* Train Turn 944 *********
2026-06-24 22:37:40,680 P89007 INFO Clients average loss: 0.2834141254425049
2026-06-24 22:37:40,680 P89007 INFO [Time] turn=944 local_train_time=6.4234s avg_client_train_time=0.010635s max_client_train_time=0.028414s min_client_train_time=0.005980s median_client_train_time=0.009185s aggregation_time=0.1410s round_time=7.0508s
2026-06-24 22:37:40,680 P89007 INFO ********* Train Turn 945 *********
2026-06-24 22:37:48,100 P89007 INFO Clients average loss: 0.28230947256088257
2026-06-24 22:37:48,100 P89007 INFO [Time] turn=945 local_train_time=6.7932s avg_client_train_time=0.011247s max_client_train_time=0.049918s min_client_train_time=0.006139s median_client_train_time=0.009444s aggregation_time=0.1397s round_time=7.4200s
2026-06-24 22:37:48,101 P89007 INFO ********* Train Turn 946 *********
2026-06-24 22:37:55,143 P89007 INFO Clients average loss: 0.2840883731842041
2026-06-24 22:37:55,143 P89007 INFO [Time] turn=946 local_train_time=6.4149s avg_client_train_time=0.010621s max_client_train_time=0.040338s min_client_train_time=0.006168s median_client_train_time=0.009148s aggregation_time=0.1419s round_time=7.0429s
2026-06-24 22:37:55,144 P89007 INFO ********* Train Turn 947 *********
2026-06-24 22:38:02,455 P89007 INFO Clients average loss: 0.2795661389827728
2026-06-24 22:38:02,456 P89007 INFO [Time] turn=947 local_train_time=6.6733s avg_client_train_time=0.011048s max_client_train_time=0.036592s min_client_train_time=0.006115s median_client_train_time=0.009425s aggregation_time=0.1432s round_time=7.3124s
2026-06-24 22:38:02,456 P89007 INFO ********* Train Turn 948 *********
2026-06-24 22:38:49,907 P89007 INFO Clients average loss: 0.2760133743286133
2026-06-24 22:38:49,908 P89007 INFO [Time] turn=948 local_train_time=6.7287s avg_client_train_time=0.011140s max_client_train_time=0.109582s min_client_train_time=0.006050s median_client_train_time=0.009299s aggregation_time=0.1435s round_time=7.3642s
2026-06-24 22:38:49,908 P89007 INFO ********* Train Turn 949 *********
2026-06-24 22:38:57,104 P89007 INFO Clients average loss: 0.2864369750022888
2026-06-24 22:38:57,105 P89007 INFO [Time] turn=949 local_train_time=6.5680s avg_client_train_time=0.010874s max_client_train_time=0.042660s min_client_train_time=0.006011s median_client_train_time=0.009416s aggregation_time=0.1409s round_time=7.1971s
2026-06-24 22:38:57,105 P89007 INFO ********* Eval @ Turn 949 *********
2026-06-24 22:38:57,105 P89007 INFO [EvalRoundClientTime] turn=949 avg=0.010874s max=0.042660s min=0.006011s median=0.009416s
2026-06-24 22:39:03,746 P89007 INFO [Metrics] logloss: 0.900842 - MRR: 0.329112 - NDCG(5): 0.318583 - HR(5): 0.411258 - NDCG(10): 0.369054 - HR(10): 0.569536 - NDCG(20): 0.418223 - HR(20): 0.761755 - NDCG(50): 0.453625 - HR(50): 0.936093
2026-06-24 22:39:03,747 P89007 INFO [Time] eval_time=6.6424s
2026-06-24 22:39:03,747 P89007 INFO ********* Train Turn 950 *********
2026-06-24 22:39:10,506 P89007 INFO Clients average loss: 0.2986704707145691
2026-06-24 22:39:10,506 P89007 INFO [Time] turn=950 local_train_time=6.0249s avg_client_train_time=0.009975s max_client_train_time=0.033895s min_client_train_time=0.006228s median_client_train_time=0.008460s aggregation_time=0.1566s round_time=6.7586s
2026-06-24 22:39:10,506 P89007 INFO ********* Train Turn 951 *********
2026-06-24 22:39:17,886 P89007 INFO Clients average loss: 0.28844067454338074
2026-06-24 22:39:17,886 P89007 INFO [Time] turn=951 local_train_time=6.7459s avg_client_train_time=0.011169s max_client_train_time=0.042602s min_client_train_time=0.005977s median_client_train_time=0.009319s aggregation_time=0.1458s round_time=7.3799s
2026-06-24 22:39:17,886 P89007 INFO ********* Train Turn 952 *********
2026-06-24 22:39:25,085 P89007 INFO Clients average loss: 0.2829144597053528
2026-06-24 22:39:25,086 P89007 INFO [Time] turn=952 local_train_time=6.5688s avg_client_train_time=0.010875s max_client_train_time=0.041967s min_client_train_time=0.006003s median_client_train_time=0.009354s aggregation_time=0.1401s round_time=7.1995s
2026-06-24 22:39:25,086 P89007 INFO ********* Train Turn 953 *********
2026-06-24 22:39:32,371 P89007 INFO Clients average loss: 0.2860569953918457
2026-06-24 22:39:32,371 P89007 INFO [Time] turn=953 local_train_time=6.6513s avg_client_train_time=0.011012s max_client_train_time=0.050500s min_client_train_time=0.006047s median_client_train_time=0.009152s aggregation_time=0.1480s round_time=7.2857s
2026-06-24 22:39:32,371 P89007 INFO ********* Train Turn 954 *********
2026-06-24 22:39:39,687 P89007 INFO Clients average loss: 0.28520268201828003
2026-06-24 22:39:39,688 P89007 INFO [Time] turn=954 local_train_time=6.6451s avg_client_train_time=0.011002s max_client_train_time=0.034409s min_client_train_time=0.005932s median_client_train_time=0.009350s aggregation_time=0.1834s round_time=7.3169s
2026-06-24 22:39:39,688 P89007 INFO ********* Train Turn 955 *********
2026-06-24 22:39:46,999 P89007 INFO Clients average loss: 0.28059715032577515
2026-06-24 22:39:47,000 P89007 INFO [Time] turn=955 local_train_time=6.6771s avg_client_train_time=0.011055s max_client_train_time=0.032476s min_client_train_time=0.005996s median_client_train_time=0.009421s aggregation_time=0.1440s round_time=7.3115s
2026-06-24 22:39:47,000 P89007 INFO ********* Train Turn 956 *********
2026-06-24 22:39:54,195 P89007 INFO Clients average loss: 0.27642151713371277
2026-06-24 22:39:54,196 P89007 INFO [Time] turn=956 local_train_time=6.5573s avg_client_train_time=0.010856s max_client_train_time=0.035180s min_client_train_time=0.006006s median_client_train_time=0.009401s aggregation_time=0.1468s round_time=7.1958s
2026-06-24 22:39:54,196 P89007 INFO ********* Train Turn 957 *********
2026-06-24 22:40:54,536 P89007 INFO Clients average loss: 0.2813204228878021
2026-06-24 22:40:54,536 P89007 INFO [Time] turn=957 local_train_time=6.8846s avg_client_train_time=0.011398s max_client_train_time=0.133870s min_client_train_time=0.006008s median_client_train_time=0.009450s aggregation_time=0.1722s round_time=7.5514s
2026-06-24 22:40:54,536 P89007 INFO ********* Train Turn 958 *********
2026-06-24 22:41:01,954 P89007 INFO Clients average loss: 0.2849710285663605
2026-06-24 22:41:01,956 P89007 INFO [Time] turn=958 local_train_time=6.7399s avg_client_train_time=0.011159s max_client_train_time=0.047710s min_client_train_time=0.006175s median_client_train_time=0.009376s aggregation_time=0.1684s round_time=7.4201s
2026-06-24 22:41:01,956 P89007 INFO ********* Train Turn 959 *********
2026-06-24 22:41:09,199 P89007 INFO Clients average loss: 0.2841971814632416
2026-06-24 22:41:09,200 P89007 INFO [Time] turn=959 local_train_time=6.6002s avg_client_train_time=0.010927s max_client_train_time=0.034227s min_client_train_time=0.006058s median_client_train_time=0.009352s aggregation_time=0.1501s round_time=7.2432s
2026-06-24 22:41:09,200 P89007 INFO ********* Eval @ Turn 959 *********
2026-06-24 22:41:09,200 P89007 INFO [EvalRoundClientTime] turn=959 avg=0.010927s max=0.034227s min=0.006058s median=0.009352s
2026-06-24 22:41:16,988 P89007 INFO [Metrics] logloss: 0.954026 - MRR: 0.330494 - NDCG(5): 0.320201 - HR(5): 0.413079 - NDCG(10): 0.369726 - HR(10): 0.568212 - NDCG(20): 0.419839 - HR(20): 0.763907 - NDCG(50): 0.454953 - HR(50): 0.937748
2026-06-24 22:41:16,990 P89007 INFO [Time] eval_time=7.7900s
2026-06-24 22:41:16,990 P89007 INFO ********* Train Turn 960 *********
2026-06-24 22:41:23,837 P89007 INFO Clients average loss: 0.2851869761943817
2026-06-24 22:41:23,839 P89007 INFO [Time] turn=960 local_train_time=6.1806s avg_client_train_time=0.010233s max_client_train_time=0.040238s min_client_train_time=0.006131s median_client_train_time=0.008590s aggregation_time=0.1595s round_time=6.8487s
2026-06-24 22:41:23,839 P89007 INFO ********* Train Turn 961 *********
2026-06-24 22:41:31,122 P89007 INFO Clients average loss: 0.29192230105400085
2026-06-24 22:41:31,122 P89007 INFO [Time] turn=961 local_train_time=6.6464s avg_client_train_time=0.011004s max_client_train_time=0.034265s min_client_train_time=0.006005s median_client_train_time=0.009399s aggregation_time=0.1479s round_time=7.2832s
2026-06-24 22:41:31,122 P89007 INFO ********* Train Turn 962 *********
2026-06-24 22:41:38,630 P89007 INFO Clients average loss: 0.2830900549888611
2026-06-24 22:41:38,630 P89007 INFO [Time] turn=962 local_train_time=6.8712s avg_client_train_time=0.011376s max_client_train_time=0.045274s min_client_train_time=0.006145s median_client_train_time=0.009494s aggregation_time=0.1472s round_time=7.5080s
2026-06-24 22:41:38,630 P89007 INFO ********* Train Turn 963 *********
2026-06-24 22:41:46,281 P89007 INFO Clients average loss: 0.2825915217399597
2026-06-24 22:41:46,281 P89007 INFO [Time] turn=963 local_train_time=7.0146s avg_client_train_time=0.011614s max_client_train_time=0.036846s min_client_train_time=0.006077s median_client_train_time=0.009771s aggregation_time=0.1457s round_time=7.6512s
2026-06-24 22:41:46,281 P89007 INFO ********* Train Turn 964 *********
2026-06-24 22:41:53,663 P89007 INFO Clients average loss: 0.28456470370292664
2026-06-24 22:41:53,665 P89007 INFO [Time] turn=964 local_train_time=6.7469s avg_client_train_time=0.011170s max_client_train_time=0.046219s min_client_train_time=0.006166s median_client_train_time=0.009559s aggregation_time=0.1471s round_time=7.3834s
2026-06-24 22:41:53,665 P89007 INFO ********* Train Turn 965 *********
2026-06-24 22:42:01,058 P89007 INFO Clients average loss: 0.290094256401062
2026-06-24 22:42:01,058 P89007 INFO [Time] turn=965 local_train_time=6.7578s avg_client_train_time=0.011188s max_client_train_time=0.037262s min_client_train_time=0.006161s median_client_train_time=0.009504s aggregation_time=0.1476s round_time=7.3930s
2026-06-24 22:42:01,058 P89007 INFO ********* Train Turn 966 *********
2026-06-24 22:42:08,423 P89007 INFO Clients average loss: 0.2781465947628021
2026-06-24 22:42:08,424 P89007 INFO [Time] turn=966 local_train_time=6.7318s avg_client_train_time=0.011145s max_client_train_time=0.041421s min_client_train_time=0.006279s median_client_train_time=0.009524s aggregation_time=0.1452s round_time=7.3661s
2026-06-24 22:42:08,424 P89007 INFO ********* Train Turn 967 *********
2026-06-24 22:42:16,056 P89007 INFO Clients average loss: 0.2875230312347412
2026-06-24 22:42:16,056 P89007 INFO [Time] turn=967 local_train_time=6.9965s avg_client_train_time=0.011584s max_client_train_time=0.041055s min_client_train_time=0.006074s median_client_train_time=0.009653s aggregation_time=0.1465s round_time=7.6318s
2026-06-24 22:42:16,056 P89007 INFO ********* Train Turn 968 *********
2026-06-24 22:42:23,467 P89007 INFO Clients average loss: 0.27752986550331116
2026-06-24 22:42:23,469 P89007 INFO [Time] turn=968 local_train_time=6.7767s avg_client_train_time=0.011220s max_client_train_time=0.033897s min_client_train_time=0.006091s median_client_train_time=0.009664s aggregation_time=0.1470s round_time=7.4125s
2026-06-24 22:42:23,469 P89007 INFO ********* Train Turn 969 *********
2026-06-24 22:42:30,973 P89007 INFO Clients average loss: 0.2863925099372864
2026-06-24 22:42:30,973 P89007 INFO [Time] turn=969 local_train_time=6.8703s avg_client_train_time=0.011375s max_client_train_time=0.037988s min_client_train_time=0.006035s median_client_train_time=0.009621s aggregation_time=0.1462s round_time=7.5045s
2026-06-24 22:42:30,973 P89007 INFO ********* Eval @ Turn 969 *********
2026-06-24 22:42:30,973 P89007 INFO [EvalRoundClientTime] turn=969 avg=0.011375s max=0.037988s min=0.006035s median=0.009621s
2026-06-24 22:42:37,970 P89007 INFO [Metrics] logloss: 0.902176 - MRR: 0.332743 - NDCG(5): 0.323558 - HR(5): 0.419536 - NDCG(10): 0.375556 - HR(10): 0.582781 - NDCG(20): 0.421414 - HR(20): 0.760927 - NDCG(50): 0.456868 - HR(50): 0.936921
2026-06-24 22:42:37,971 P89007 INFO [Time] eval_time=6.9979s
2026-06-24 22:42:37,971 P89007 INFO ********* Train Turn 970 *********
2026-06-24 22:42:44,525 P89007 INFO Clients average loss: 0.2833816409111023
2026-06-24 22:42:44,525 P89007 INFO [Time] turn=970 local_train_time=5.8820s avg_client_train_time=0.009738s max_client_train_time=0.031964s min_client_train_time=0.006050s median_client_train_time=0.008354s aggregation_time=0.1632s round_time=6.5541s
2026-06-24 22:42:44,525 P89007 INFO ********* Train Turn 971 *********
2026-06-24 22:42:52,053 P89007 INFO Clients average loss: 0.2819066345691681
2026-06-24 22:42:52,054 P89007 INFO [Time] turn=971 local_train_time=6.8926s avg_client_train_time=0.011412s max_client_train_time=0.036204s min_client_train_time=0.006176s median_client_train_time=0.009521s aggregation_time=0.1462s round_time=7.5280s
2026-06-24 22:42:52,054 P89007 INFO ********* Train Turn 972 *********
2026-06-24 22:42:59,563 P89007 INFO Clients average loss: 0.2857406437397003
2026-06-24 22:42:59,563 P89007 INFO [Time] turn=972 local_train_time=6.7755s avg_client_train_time=0.011218s max_client_train_time=0.036953s min_client_train_time=0.006055s median_client_train_time=0.009523s aggregation_time=0.1526s round_time=7.5098s
2026-06-24 22:42:59,563 P89007 INFO ********* Train Turn 973 *********
2026-06-24 22:43:06,858 P89007 INFO Clients average loss: 0.28376540541648865
2026-06-24 22:43:06,858 P89007 INFO [Time] turn=973 local_train_time=6.6527s avg_client_train_time=0.011014s max_client_train_time=0.041606s min_client_train_time=0.006073s median_client_train_time=0.009444s aggregation_time=0.1544s round_time=7.2947s
2026-06-24 22:43:06,858 P89007 INFO ********* Train Turn 974 *********
2026-06-24 22:43:14,401 P89007 INFO Clients average loss: 0.287703275680542
2026-06-24 22:43:14,402 P89007 INFO [Time] turn=974 local_train_time=6.9046s avg_client_train_time=0.011431s max_client_train_time=0.032433s min_client_train_time=0.006100s median_client_train_time=0.009688s aggregation_time=0.1511s round_time=7.5440s
2026-06-24 22:43:14,402 P89007 INFO ********* Train Turn 975 *********
2026-06-24 22:43:21,927 P89007 INFO Clients average loss: 0.2841309607028961
2026-06-24 22:43:21,929 P89007 INFO [Time] turn=975 local_train_time=6.8788s avg_client_train_time=0.011389s max_client_train_time=0.039571s min_client_train_time=0.005964s median_client_train_time=0.009689s aggregation_time=0.1606s round_time=7.5266s
2026-06-24 22:43:21,929 P89007 INFO ********* Train Turn 976 *********
2026-06-24 22:43:29,536 P89007 INFO Clients average loss: 0.28277480602264404
2026-06-24 22:43:29,537 P89007 INFO [Time] turn=976 local_train_time=6.9663s avg_client_train_time=0.011534s max_client_train_time=0.044569s min_client_train_time=0.006120s median_client_train_time=0.009582s aggregation_time=0.1533s round_time=7.6076s
2026-06-24 22:43:29,537 P89007 INFO ********* Train Turn 977 *********
2026-06-24 22:43:37,020 P89007 INFO Clients average loss: 0.283923864364624
2026-06-24 22:43:37,023 P89007 INFO [Time] turn=977 local_train_time=6.8447s avg_client_train_time=0.011332s max_client_train_time=0.039033s min_client_train_time=0.006180s median_client_train_time=0.009536s aggregation_time=0.1508s round_time=7.4863s
2026-06-24 22:43:37,023 P89007 INFO ********* Train Turn 978 *********
2026-06-24 22:43:44,534 P89007 INFO Clients average loss: 0.29114991426467896
2026-06-24 22:43:44,534 P89007 INFO [Time] turn=978 local_train_time=6.8734s avg_client_train_time=0.011380s max_client_train_time=0.040701s min_client_train_time=0.006044s median_client_train_time=0.009523s aggregation_time=0.1485s round_time=7.5109s
2026-06-24 22:43:44,534 P89007 INFO ********* Train Turn 979 *********
2026-06-24 22:43:51,994 P89007 INFO Clients average loss: 0.2823526859283447
2026-06-24 22:43:51,995 P89007 INFO [Time] turn=979 local_train_time=6.8244s avg_client_train_time=0.011299s max_client_train_time=0.054295s min_client_train_time=0.006092s median_client_train_time=0.009684s aggregation_time=0.1468s round_time=7.4607s
2026-06-24 22:43:51,995 P89007 INFO ********* Eval @ Turn 979 *********
2026-06-24 22:43:51,995 P89007 INFO [EvalRoundClientTime] turn=979 avg=0.011299s max=0.054295s min=0.006092s median=0.009684s
2026-06-24 22:43:58,843 P89007 INFO [Metrics] logloss: 0.963082 - MRR: 0.338903 - NDCG(5): 0.330836 - HR(5): 0.429636 - NDCG(10): 0.384479 - HR(10): 0.597682 - NDCG(20): 0.427386 - HR(20): 0.764735 - NDCG(50): 0.462443 - HR(50): 0.938576
2026-06-24 22:43:58,845 P89007 INFO [Time] eval_time=6.8504s
2026-06-24 22:43:58,845 P89007 INFO ********* Train Turn 980 *********
2026-06-24 22:44:05,563 P89007 INFO Clients average loss: 0.2886757254600525
2026-06-24 22:44:05,565 P89007 INFO [Time] turn=980 local_train_time=5.8727s avg_client_train_time=0.009723s max_client_train_time=0.030767s min_client_train_time=0.006031s median_client_train_time=0.008408s aggregation_time=0.2321s round_time=6.7197s
2026-06-24 22:44:05,565 P89007 INFO ********* Train Turn 981 *********
2026-06-24 22:44:12,708 P89007 INFO Clients average loss: 0.2794947922229767
2026-06-24 22:44:12,709 P89007 INFO [Time] turn=981 local_train_time=6.5083s avg_client_train_time=0.010775s max_client_train_time=0.037881s min_client_train_time=0.006329s median_client_train_time=0.009291s aggregation_time=0.1459s round_time=7.1434s
2026-06-24 22:44:12,709 P89007 INFO ********* Train Turn 982 *********
2026-06-24 22:44:20,133 P89007 INFO Clients average loss: 0.2834784984588623
2026-06-24 22:44:20,134 P89007 INFO [Time] turn=982 local_train_time=6.7860s avg_client_train_time=0.011235s max_client_train_time=0.037132s min_client_train_time=0.006049s median_client_train_time=0.009800s aggregation_time=0.1497s round_time=7.4253s
2026-06-24 22:44:20,134 P89007 INFO ********* Train Turn 983 *********
2026-06-24 22:44:27,695 P89007 INFO Clients average loss: 0.2791135609149933
2026-06-24 22:44:27,697 P89007 INFO [Time] turn=983 local_train_time=6.9218s avg_client_train_time=0.011460s max_client_train_time=0.036431s min_client_train_time=0.006192s median_client_train_time=0.009716s aggregation_time=0.1476s round_time=7.5631s
2026-06-24 22:44:27,697 P89007 INFO ********* Train Turn 984 *********
2026-06-24 22:44:35,044 P89007 INFO Clients average loss: 0.28495797514915466
2026-06-24 22:44:35,045 P89007 INFO [Time] turn=984 local_train_time=6.7073s avg_client_train_time=0.011105s max_client_train_time=0.032145s min_client_train_time=0.006004s median_client_train_time=0.009500s aggregation_time=0.1511s round_time=7.3476s
2026-06-24 22:44:35,045 P89007 INFO ********* Train Turn 985 *********
2026-06-24 22:44:42,322 P89007 INFO Clients average loss: 0.28306370973587036
2026-06-24 22:44:42,325 P89007 INFO [Time] turn=985 local_train_time=6.6449s avg_client_train_time=0.011002s max_client_train_time=0.043089s min_client_train_time=0.006097s median_client_train_time=0.009361s aggregation_time=0.1477s round_time=7.2798s
2026-06-24 22:44:42,325 P89007 INFO ********* Train Turn 986 *********
2026-06-24 22:44:49,847 P89007 INFO Clients average loss: 0.2781260013580322
2026-06-24 22:44:49,848 P89007 INFO [Time] turn=986 local_train_time=6.8896s avg_client_train_time=0.011407s max_client_train_time=0.044621s min_client_train_time=0.005932s median_client_train_time=0.009756s aggregation_time=0.1447s round_time=7.5231s
2026-06-24 22:44:49,848 P89007 INFO ********* Train Turn 987 *********
2026-06-24 22:44:57,391 P89007 INFO Clients average loss: 0.2916121184825897
2026-06-24 22:44:57,392 P89007 INFO [Time] turn=987 local_train_time=6.9096s avg_client_train_time=0.011440s max_client_train_time=0.038780s min_client_train_time=0.006056s median_client_train_time=0.009701s aggregation_time=0.1458s round_time=7.5437s
2026-06-24 22:44:57,392 P89007 INFO ********* Train Turn 988 *********
2026-06-24 22:45:04,635 P89007 INFO Clients average loss: 0.28948283195495605
2026-06-24 22:45:04,636 P89007 INFO [Time] turn=988 local_train_time=6.6105s avg_client_train_time=0.010945s max_client_train_time=0.031935s min_client_train_time=0.006019s median_client_train_time=0.009482s aggregation_time=0.1454s round_time=7.2443s
2026-06-24 22:45:04,636 P89007 INFO ********* Train Turn 989 *********
2026-06-24 22:45:12,049 P89007 INFO Clients average loss: 0.28770115971565247
2026-06-24 22:45:12,049 P89007 INFO [Time] turn=989 local_train_time=6.7808s avg_client_train_time=0.011226s max_client_train_time=0.037731s min_client_train_time=0.006177s median_client_train_time=0.009505s aggregation_time=0.1457s round_time=7.4128s
2026-06-24 22:45:12,049 P89007 INFO ********* Eval @ Turn 989 *********
2026-06-24 22:45:12,049 P89007 INFO [EvalRoundClientTime] turn=989 avg=0.011226s max=0.037731s min=0.006177s median=0.009505s
2026-06-24 22:45:58,063 P89007 INFO [Metrics] logloss: 0.932203 - MRR: 0.337814 - NDCG(5): 0.329393 - HR(5): 0.427815 - NDCG(10): 0.382715 - HR(10): 0.594536 - NDCG(20): 0.427391 - HR(20): 0.768874 - NDCG(50): 0.462209 - HR(50): 0.941887
2026-06-24 22:45:58,065 P89007 INFO [Time] eval_time=6.8997s
2026-06-24 22:45:58,065 P89007 INFO ********* Train Turn 990 *********
2026-06-24 22:46:04,478 P89007 INFO Clients average loss: 0.27954453229904175
2026-06-24 22:46:04,479 P89007 INFO [Time] turn=990 local_train_time=5.7594s avg_client_train_time=0.009535s max_client_train_time=0.033694s min_client_train_time=0.006006s median_client_train_time=0.008270s aggregation_time=0.1528s round_time=6.4133s
2026-06-24 22:46:04,479 P89007 INFO ********* Train Turn 991 *********
2026-06-24 22:46:11,787 P89007 INFO Clients average loss: 0.28449389338493347
2026-06-24 22:46:11,787 P89007 INFO [Time] turn=991 local_train_time=6.6712s avg_client_train_time=0.011045s max_client_train_time=0.032331s min_client_train_time=0.006101s median_client_train_time=0.009362s aggregation_time=0.1472s round_time=7.3085s
2026-06-24 22:46:11,788 P89007 INFO ********* Train Turn 992 *********
2026-06-24 22:46:19,209 P89007 INFO Clients average loss: 0.29121172428131104
2026-06-24 22:46:19,209 P89007 INFO [Time] turn=992 local_train_time=6.7937s avg_client_train_time=0.011248s max_client_train_time=0.037154s min_client_train_time=0.006071s median_client_train_time=0.009504s aggregation_time=0.1399s round_time=7.4213s
2026-06-24 22:46:19,209 P89007 INFO ********* Train Turn 993 *********
2026-06-24 22:46:26,626 P89007 INFO Clients average loss: 0.2836918532848358
2026-06-24 22:46:26,627 P89007 INFO [Time] turn=993 local_train_time=6.7898s avg_client_train_time=0.011241s max_client_train_time=0.040118s min_client_train_time=0.006097s median_client_train_time=0.009317s aggregation_time=0.1411s round_time=7.4177s
2026-06-24 22:46:26,627 P89007 INFO ********* Train Turn 994 *********
2026-06-24 22:46:33,912 P89007 INFO Clients average loss: 0.2872156500816345
2026-06-24 22:46:33,913 P89007 INFO [Time] turn=994 local_train_time=6.6575s avg_client_train_time=0.011022s max_client_train_time=0.041227s min_client_train_time=0.005968s median_client_train_time=0.009319s aggregation_time=0.1434s round_time=7.2863s
2026-06-24 22:46:33,913 P89007 INFO ********* Train Turn 995 *********
2026-06-24 22:46:41,215 P89007 INFO Clients average loss: 0.2815716862678528
2026-06-24 22:46:41,215 P89007 INFO [Time] turn=995 local_train_time=6.6721s avg_client_train_time=0.011046s max_client_train_time=0.043177s min_client_train_time=0.006076s median_client_train_time=0.009314s aggregation_time=0.1436s round_time=7.3020s
2026-06-24 22:46:41,215 P89007 INFO ********* Train Turn 996 *********
2026-06-24 22:46:48,705 P89007 INFO Clients average loss: 0.28570279479026794
2026-06-24 22:46:48,707 P89007 INFO [Time] turn=996 local_train_time=6.8580s avg_client_train_time=0.011354s max_client_train_time=0.038308s min_client_train_time=0.006000s median_client_train_time=0.009494s aggregation_time=0.1450s round_time=7.4919s
2026-06-24 22:46:48,707 P89007 INFO ********* Train Turn 997 *********
2026-06-24 22:46:55,905 P89007 INFO Clients average loss: 0.281576544046402
2026-06-24 22:46:55,905 P89007 INFO [Time] turn=997 local_train_time=6.5646s avg_client_train_time=0.010869s max_client_train_time=0.035279s min_client_train_time=0.005988s median_client_train_time=0.009288s aggregation_time=0.1449s round_time=7.1979s
2026-06-24 22:46:55,905 P89007 INFO ********* Train Turn 998 *********
2026-06-24 22:47:03,154 P89007 INFO Clients average loss: 0.2797793447971344
2026-06-24 22:47:03,156 P89007 INFO [Time] turn=998 local_train_time=6.6196s avg_client_train_time=0.010960s max_client_train_time=0.036556s min_client_train_time=0.006051s median_client_train_time=0.009231s aggregation_time=0.1446s round_time=7.2511s
2026-06-24 22:47:03,156 P89007 INFO ********* Train Turn 999 *********
2026-06-24 22:47:10,231 P89007 INFO Clients average loss: 0.2879842519760132
2026-06-24 22:47:10,231 P89007 INFO [Time] turn=999 local_train_time=6.4507s avg_client_train_time=0.010680s max_client_train_time=0.039055s min_client_train_time=0.006027s median_client_train_time=0.009405s aggregation_time=0.1390s round_time=7.0747s
2026-06-24 22:47:10,231 P89007 INFO ********* Eval @ Turn 999 *********
2026-06-24 22:47:10,231 P89007 INFO [EvalRoundClientTime] turn=999 avg=0.010680s max=0.039055s min=0.006027s median=0.009405s
2026-06-24 22:47:16,669 P89007 INFO [Metrics] logloss: 0.933680 - MRR: 0.337663 - NDCG(5): 0.330935 - HR(5): 0.431457 - NDCG(10): 0.381614 - HR(10): 0.590232 - NDCG(20): 0.427251 - HR(20): 0.769040 - NDCG(50): 0.462232 - HR(50): 0.943212
2026-06-24 22:47:16,671 P89007 INFO [Time] eval_time=6.4400s
2026-06-24 22:47:16,671 P89007 INFO ********* Final Test *********
2026-06-24 22:47:23,107 P89007 INFO [Metrics] logloss: 0.933680 - MRR: 0.337663 - NDCG(5): 0.330935 - HR(5): 0.431457 - NDCG(10): 0.381614 - HR(10): 0.590232 - NDCG(20): 0.427251 - HR(20): 0.769040 - NDCG(50): 0.462232 - HR(50): 0.943212
2026-06-24 22:47:23,109 P89007 INFO [Time] final_eval_time=6.4381s
2026-06-24 22:47:23,109 P89007 INFO [Time] total_fit_time=8878.9082s
